0,1,2,3,4,5,6,7,8,9,10,11,12,13,14,15,16,17,18,19,20,21,22,23,24,25,26,27,28,29,30,31,32,33,34,35,36,37,38,39,40,41,42,43,44,45,46,47,48,49,50,51,52,53,54,55,56,57,58,59,60,61,62,63,64,65,66,67,68,69,70,71,72,73,74,75,76,77,78,79,80,81,82,83,84,85,86,87,88,89,90,91,92,93,94,95,96,97,98,99,100,101,102,103,104,105,106,107,108,109,110,111,112,113,114,115,116,117,118,119,120,121,122,123,124,125,126,127,128,129,130,131,132,133,134,135,136,137,138,139,140,141,142,143,144,145,146,147,148,149,150,151,152,153,154,155,156,157,158,159,160,161,162,163,164,165,166,167,168,169,170,171,172,173,174,175,176,177,178,179,180,181,182,183,184,185,186,187,188,189,190,191,192,193,194,195,196,197,198,199,200,201,202,203,204,205,206,207,208,209,210,211,212,213,214,215,216,217,218,219,220,221,222,223,224,225,226,227,228,229,230,231,232,233,234,235,236,237,238,239,240,241,242,243,244,245,246,247,248,249,250,251,252,253,254,255,256,257,258,259,260,261,262,263,264,265,266,267,268,269,270,271,272,273,274,275,276,277,278,279,280,281,282,283,284,285,286,287,288,289,290,291,292,293,294,295,296,297,298,299,300,301,302,303,304,305,306,307,308,309,310,311,312,313,314,315,316,317,318,319,320,321,322,323,324,325,326,327,328,329,330,331,332,333,334,335,336,337,338,339,340,341,342,343,344,345,346,347,348,349,350,351,352,353,354,355,356,357,358,359,360,361,362,363,364,365,366,367,368,369,370,371,372,373,374,375,376,377,378,379,380,381,382,383,384,385,386,387,388,389,390,391,392,393,394,395,396,397,398,399,400,401,402,403,404,405,406,407,408,409,410,411,412,413,414,415,416,417,418,419,420,421,422,423,424,425,426,427,428,429,430,431,432,433,434,435,436,437,438,439,440,441,442,443,444,445,446,447
KEGG_GLYCOLYSIS_/_GLUCONEOGENESIS,ALDOB,ENO3,LDHB,PGAM4,ALDH3B2,ADH5,AKR1A1,LDHAL6B,MINPP1,GAPDH,PFKP,LDHA,ACSS1,FBP2,PGAM1,G6PC2,ALDOC,PDHA1,ADPGK,BPGM,PGK2,HK3,PKM,PGM1,PDHA2,ALDOA,ALDH2,ADH4,ADH7,ALDH9A1,ADH1A,G6PC1,DLD,PCK1,FBP1,PFKL,PFKM,GCK,ALDH1B1,G6PC3,ACSS2,ALDH3B1,GAPDHS,PGM2,ALDH3A2,PGAM2,LDHAL6A,HKDC1,LDHC,GALM,PDHB,PGK1,PCK2,ENO4,PKLR,GPI,HK1,HK2,DLAT,ENO1,ADH6,ALDH3A1,TPI1,ENO2,ADH1B,ADH1C,ALDH7A1,,,,,,,,,,,,,,,,,,,,,,,,,,,,,,,,,,,,,,,,,,,,,,,,,,,,,,,,,,,,,,,,,,,,,,,,,,,,,,,,,,,,,,,,,,,,,,,,,,,,,,,,,,,,,,,,,,,,,,,,,,,,,,,,,,,,,,,,,,,,,,,,,,,,,,,,,,,,,,,,,,,,,,,,,,,,,,,,,,,,,,,,,,,,,,,,,,,,,,,,,,,,,,,,,,,,,,,,,,,,,,,,,,,,,,,,,,,,,,,,,,,,,,,,,,,,,,,,,,,,,,,,,,,,,,,,,,,,,,,,,,,,,,,,,,,,,,,,,,,,,,,,,,,,,,,,,,,,,,,,,,,,,,,,,,,,,,,,,,,,,,,,,,,,,,,,,,,,,,,,,,,,,,,,,,,,,,,,,,,,
KEGG_CITRATE_CYCLE_(TCA_CYCLE),SUCLA2,IDH1,SDHA,ACO2,OGDH,SUCLG1,ACLY,OGDHL,PDHA1,SDHD,SDHC,SDHB,SUCLG2,PDHA2,CS,IDH3B,DLD,PCK1,IDH3G,PC,IDH2,PDHB,PCK2,ACO1,IDH3A,MDH1,DLST,MDH2,FH,DLAT,,,,,,,,,,,,,,,,,,,,,,,,,,,,,,,,,,,,,,,,,,,,,,,,,,,,,,,,,,,,,,,,,,,,,,,,,,,,,,,,,,,,,,,,,,,,,,,,,,,,,,,,,,,,,,,,,,,,,,,,,,,,,,,,,,,,,,,,,,,,,,,,,,,,,,,,,,,,,,,,,,,,,,,,,,,,,,,,,,,,,,,,,,,,,,,,,,,,,,,,,,,,,,,,,,,,,,,,,,,,,,,,,,,,,,,,,,,,,,,,,,,,,,,,,,,,,,,,,,,,,,,,,,,,,,,,,,,,,,,,,,,,,,,,,,,,,,,,,,,,,,,,,,,,,,,,,,,,,,,,,,,,,,,,,,,,,,,,,,,,,,,,,,,,,,,,,,,,,,,,,,,,,,,,,,,,,,,,,,,,,,,,,,,,,,,,,,,,,,,,,,,,,,,,,,,,,,,,,
KEGG_PENTOSE_PHOSPHATE_PATHWAY,ALDOB,PRPS1L1,PGD,H6PD,PGLS,PRPS1,GLYCTK,SHPK,RBKS,TKT,PRPS2,RGN,FBP2,ALDOC,TKTL2,PGM1,G6PD,ALDOA,RPIA,FBP1,PFKL,PFKM,RPEL1,PGM2,IDNK,TALDO1,GPI,TKTL1,DERA,RPE,PFKP,,,,,,,,,,,,,,,,,,,,,,,,,,,,,,,,,,,,,,,,,,,,,,,,,,,,,,,,,,,,,,,,,,,,,,,,,,,,,,,,,,,,,,,,,,,,,,,,,,,,,,,,,,,,,,,,,,,,,,,,,,,,,,,,,,,,,,,,,,,,,,,,,,,,,,,,,,,,,,,,,,,,,,,,,,,,,,,,,,,,,,,,,,,,,,,,,,,,,,,,,,,,,,,,,,,,,,,,,,,,,,,,,,,,,,,,,,,,,,,,,,,,,,,,,,,,,,,,,,,,,,,,,,,,,,,,,,,,,,,,,,,,,,,,,,,,,,,,,,,,,,,,,,,,,,,,,,,,,,,,,,,,,,,,,,,,,,,,,,,,,,,,,,,,,,,,,,,,,,,,,,,,,,,,,,,,,,,,,,,,,,,,,,,,,,,,,,,,,,,,,,,,,,,,,,,,,,,,
KEGG_PENTOSE_AND_GLUCURONATE_INTERCONVERSIONS,UGT1A6,DHDH,UGT2A1,AKR1A1,UGT1A1,SORD,DCXR,UGT1A3,UGT2B28,UGT2B11,UGT2B17,UGT1A4,UGT2A2,UGT2B4,AKR1B10,UGT2B15,CRYL1,XYLB,AKR1B15,AKR1B1,GUSB,UGT1A7,UGT1A5,RPEL1,UGT2A3,CRPPA,UGT1A8,FGGY,KL,UGT2B10,UGT1A9,UGT1A10,UGT2B7,RPE,UGDH,UGP2,,,,,,,,,,,,,,,,,,,,,,,,,,,,,,,,,,,,,,,,,,,,,,,,,,,,,,,,,,,,,,,,,,,,,,,,,,,,,,,,,,,,,,,,,,,,,,,,,,,,,,,,,,,,,,,,,,,,,,,,,,,,,,,,,,,,,,,,,,,,,,,,,,,,,,,,,,,,,,,,,,,,,,,,,,,,,,,,,,,,,,,,,,,,,,,,,,,,,,,,,,,,,,,,,,,,,,,,,,,,,,,,,,,,,,,,,,,,,,,,,,,,,,,,,,,,,,,,,,,,,,,,,,,,,,,,,,,,,,,,,,,,,,,,,,,,,,,,,,,,,,,,,,,,,,,,,,,,,,,,,,,,,,,,,,,,,,,,,,,,,,,,,,,,,,,,,,,,,,,,,,,,,,,,,,,,,,,,,,,,,,,,,,,,,,,,,,,,,,,,,,,,,,,,,,,
KEGG_FRUCTOSE_AND_MANNOSE_METABOLISM,MPI,ALDOB,PFKFB2,PMM2,GMPPA,SORD,PFKP,PFKFB4,FBP2,ALDOC,GMPPB,GMDS,HK3,TIGAR,FPGT,ALDOA,AKR1B10,FCSK,AKR1B15,AKR1B1,GFUS,FBP1,PFKL,PFKM,PFKFB1,HKDC1,HK1,HK2,PFKFB3,TKFC,ENOSF1,PMM1,KHK,TPI1,,,,,,,,,,,,,,,,,,,,,,,,,,,,,,,,,,,,,,,,,,,,,,,,,,,,,,,,,,,,,,,,,,,,,,,,,,,,,,,,,,,,,,,,,,,,,,,,,,,,,,,,,,,,,,,,,,,,,,,,,,,,,,,,,,,,,,,,,,,,,,,,,,,,,,,,,,,,,,,,,,,,,,,,,,,,,,,,,,,,,,,,,,,,,,,,,,,,,,,,,,,,,,,,,,,,,,,,,,,,,,,,,,,,,,,,,,,,,,,,,,,,,,,,,,,,,,,,,,,,,,,,,,,,,,,,,,,,,,,,,,,,,,,,,,,,,,,,,,,,,,,,,,,,,,,,,,,,,,,,,,,,,,,,,,,,,,,,,,,,,,,,,,,,,,,,,,,,,,,,,,,,,,,,,,,,,,,,,,,,,,,,,,,,,,,,,,,,,,,,,,,,,,,,,,,,,
KEGG_GALACTOSE_METABOLISM,B4GALT2,MGAM2,GAA,PFKP,GANC,GALK1,G6PC2,HK3,PGM1,B4GALT1,AKR1B10,LALBA,GLB1,MGAM,AKR1B15,AKR1B1,G6PC1,G6PC3,PFKL,PFKM,GCK,GALT,SI,PGM2,GALM,HKDC1,HK1,HK2,GALE,GLA,LCT,UGP2,,,,,,,,,,,,,,,,,,,,,,,,,,,,,,,,,,,,,,,,,,,,,,,,,,,,,,,,,,,,,,,,,,,,,,,,,,,,,,,,,,,,,,,,,,,,,,,,,,,,,,,,,,,,,,,,,,,,,,,,,,,,,,,,,,,,,,,,,,,,,,,,,,,,,,,,,,,,,,,,,,,,,,,,,,,,,,,,,,,,,,,,,,,,,,,,,,,,,,,,,,,,,,,,,,,,,,,,,,,,,,,,,,,,,,,,,,,,,,,,,,,,,,,,,,,,,,,,,,,,,,,,,,,,,,,,,,,,,,,,,,,,,,,,,,,,,,,,,,,,,,,,,,,,,,,,,,,,,,,,,,,,,,,,,,,,,,,,,,,,,,,,,,,,,,,,,,,,,,,,,,,,,,,,,,,,,,,,,,,,,,,,,,,,,,,,,,,,,,,,,,,,,,,,,,,,,,,
KEGG_ASCORBATE_AND_ALDARATE_METABOLISM,UGT1A6,MIOX,UGT2A1,AKR1A1,UGT1A1,RGN,UGT1A3,UGT2B28,UGT2B11,UGT2B17,UGT1A4,UGT2A2,UGT2B4,ALDH2,UGT2B15,ALDH9A1,GUSB,UGT1A7,ALDH1B1,UGT1A5,UGT2A3,ALDH3A2,UGT1A8,KL,UGT2B10,UGT1A9,UGT1A10,UGT2B7,UGDH,ALDH7A1,,,,,,,,,,,,,,,,,,,,,,,,,,,,,,,,,,,,,,,,,,,,,,,,,,,,,,,,,,,,,,,,,,,,,,,,,,,,,,,,,,,,,,,,,,,,,,,,,,,,,,,,,,,,,,,,,,,,,,,,,,,,,,,,,,,,,,,,,,,,,,,,,,,,,,,,,,,,,,,,,,,,,,,,,,,,,,,,,,,,,,,,,,,,,,,,,,,,,,,,,,,,,,,,,,,,,,,,,,,,,,,,,,,,,,,,,,,,,,,,,,,,,,,,,,,,,,,,,,,,,,,,,,,,,,,,,,,,,,,,,,,,,,,,,,,,,,,,,,,,,,,,,,,,,,,,,,,,,,,,,,,,,,,,,,,,,,,,,,,,,,,,,,,,,,,,,,,,,,,,,,,,,,,,,,,,,,,,,,,,,,,,,,,,,,,,,,,,,,,,,,,,,,,,,,,,,,,,,
KEGG_STARCH_AND_SUCROSE_METABOLISM,PYGL,MGAM2,ENPP3,GYG1,AMY2B,GBA3,GAA,PGM2L1,AGL,GANC,G6PC2,PYGB,PYGM,HK3,ENPP1,PGM1,GYS2,GBE1,MGAM,TREH,G6PC1,G6PC3,GCK,SI,AMY1C,PGM2,HKDC1,GYS1,GYG2,GPI,HK2,HK1,AMY1B,AMY1A,AMY2A,UGP2,,,,,,,,,,,,,,,,,,,,,,,,,,,,,,,,,,,,,,,,,,,,,,,,,,,,,,,,,,,,,,,,,,,,,,,,,,,,,,,,,,,,,,,,,,,,,,,,,,,,,,,,,,,,,,,,,,,,,,,,,,,,,,,,,,,,,,,,,,,,,,,,,,,,,,,,,,,,,,,,,,,,,,,,,,,,,,,,,,,,,,,,,,,,,,,,,,,,,,,,,,,,,,,,,,,,,,,,,,,,,,,,,,,,,,,,,,,,,,,,,,,,,,,,,,,,,,,,,,,,,,,,,,,,,,,,,,,,,,,,,,,,,,,,,,,,,,,,,,,,,,,,,,,,,,,,,,,,,,,,,,,,,,,,,,,,,,,,,,,,,,,,,,,,,,,,,,,,,,,,,,,,,,,,,,,,,,,,,,,,,,,,,,,,,,,,,,,,,,,,,,,,,,,,,,,
KEGG_PYRUVATE_METABOLISM,LDHB,ME1,ADH5,AKR1A1,GLO1,LDHAL6B,ACOT12,LDHA,ACSS1,PDHA1,PKM,PDHA2,ALDH2,ACAT1,ACAT2,ALDH9A1,ADH1B,ADH4,ADH7,GRHPR,ADH1A,ACACA,DLD,PCK1,ALDH1B1,ACSS2,ADH1C,LDHD,ALDH3A2,ACYP2,LDHAL6A,PC,LDHC,PCK2,PDHB,HAGH,ME3,PKLR,ACACB,MDH1,DLAT,ACYP1,ADH6,MDH2,ME2,FH,ALDH7A1,,,,,,,,,,,,,,,,,,,,,,,,,,,,,,,,,,,,,,,,,,,,,,,,,,,,,,,,,,,,,,,,,,,,,,,,,,,,,,,,,,,,,,,,,,,,,,,,,,,,,,,,,,,,,,,,,,,,,,,,,,,,,,,,,,,,,,,,,,,,,,,,,,,,,,,,,,,,,,,,,,,,,,,,,,,,,,,,,,,,,,,,,,,,,,,,,,,,,,,,,,,,,,,,,,,,,,,,,,,,,,,,,,,,,,,,,,,,,,,,,,,,,,,,,,,,,,,,,,,,,,,,,,,,,,,,,,,,,,,,,,,,,,,,,,,,,,,,,,,,,,,,,,,,,,,,,,,,,,,,,,,,,,,,,,,,,,,,,,,,,,,,,,,,,,,,,,,,,,,,,,,,,,,,,,,,,,,,,,,,,,,,,,,,,,,,,,,,,,,,
KEGG_GLYOXYLATE_AND_DICARBOXYLATE_METABOLISM,PCCA,PGP,GLYCTK,HAO1,MCEE,ACO2,ACSS1,GCSH,GLUL,HAO2,HOGA1,CS,ACAT1,AFMID,ACAT2,GRHPR,HYI,MMUT,AMT,DLD,CAT,GLDC,SHMT1,ACSS2,AGXT,PCCB,ACO1,MDH1,MDH2,SHMT2,,,,,,,,,,,,,,,,,,,,,,,,,,,,,,,,,,,,,,,,,,,,,,,,,,,,,,,,,,,,,,,,,,,,,,,,,,,,,,,,,,,,,,,,,,,,,,,,,,,,,,,,,,,,,,,,,,,,,,,,,,,,,,,,,,,,,,,,,,,,,,,,,,,,,,,,,,,,,,,,,,,,,,,,,,,,,,,,,,,,,,,,,,,,,,,,,,,,,,,,,,,,,,,,,,,,,,,,,,,,,,,,,,,,,,,,,,,,,,,,,,,,,,,,,,,,,,,,,,,,,,,,,,,,,,,,,,,,,,,,,,,,,,,,,,,,,,,,,,,,,,,,,,,,,,,,,,,,,,,,,,,,,,,,,,,,,,,,,,,,,,,,,,,,,,,,,,,,,,,,,,,,,,,,,,,,,,,,,,,,,,,,,,,,,,,,,,,,,,,,,,,,,,,,,,,,,,,,,
KEGG_PROPANOATE_METABOLISM,LDHB,DBT,ACOX3,PCCA,SUCLA2,LDHAL6B,HADHA,MCEE,LDHA,EHHADH,ACSS1,SUCLG1,MLYCD,ACADS,SUCLG2,ECHS1,ECHDC1,MMUT,ACACA,DLD,ACOX1,ACSS2,ABAT,LDHAL6A,LDHC,PCCB,ACACB,BCKDHA,BCKDHB,ACSS3,ALDH6A1,HIBCH,,,,,,,,,,,,,,,,,,,,,,,,,,,,,,,,,,,,,,,,,,,,,,,,,,,,,,,,,,,,,,,,,,,,,,,,,,,,,,,,,,,,,,,,,,,,,,,,,,,,,,,,,,,,,,,,,,,,,,,,,,,,,,,,,,,,,,,,,,,,,,,,,,,,,,,,,,,,,,,,,,,,,,,,,,,,,,,,,,,,,,,,,,,,,,,,,,,,,,,,,,,,,,,,,,,,,,,,,,,,,,,,,,,,,,,,,,,,,,,,,,,,,,,,,,,,,,,,,,,,,,,,,,,,,,,,,,,,,,,,,,,,,,,,,,,,,,,,,,,,,,,,,,,,,,,,,,,,,,,,,,,,,,,,,,,,,,,,,,,,,,,,,,,,,,,,,,,,,,,,,,,,,,,,,,,,,,,,,,,,,,,,,,,,,,,,,,,,,,,,,,,,,,,,,,,,,,,
KEGG_BUTANOATE_METABOLISM,ACSM4,ACSM5,HADHA,EHHADH,GAD2,OXCT1,HADH,ACADS,ACSM1,ECHS1,OXCT2,ACAT1,ACSM3,ACAT2,AACS,ACSM6,HMGCL,HMGCS1,HMGCLL1,GAD1,HMGCS2,L2HGDH,ABAT,ACSM2B,BDH1,ALDH5A1,ACSM2A,,,,,,,,,,,,,,,,,,,,,,,,,,,,,,,,,,,,,,,,,,,,,,,,,,,,,,,,,,,,,,,,,,,,,,,,,,,,,,,,,,,,,,,,,,,,,,,,,,,,,,,,,,,,,,,,,,,,,,,,,,,,,,,,,,,,,,,,,,,,,,,,,,,,,,,,,,,,,,,,,,,,,,,,,,,,,,,,,,,,,,,,,,,,,,,,,,,,,,,,,,,,,,,,,,,,,,,,,,,,,,,,,,,,,,,,,,,,,,,,,,,,,,,,,,,,,,,,,,,,,,,,,,,,,,,,,,,,,,,,,,,,,,,,,,,,,,,,,,,,,,,,,,,,,,,,,,,,,,,,,,,,,,,,,,,,,,,,,,,,,,,,,,,,,,,,,,,,,,,,,,,,,,,,,,,,,,,,,,,,,,,,,,,,,,,,,,,,,,,,,,,,,,,,,,,,,,,,,,,,
KEGG_INOSITOL_PHOSPHATE_METABOLISM,SYNJ2,PI4K2B,MIOX,SYNJ1,INPP5B,PI4KA,MTMR4,PIP4K2A,MTMR14,OCRL,PIP4K2B,MINPP1,ITPKA,PI4K2A,PLCZ1,INPP5F,IMPA1,MTMR8,PLCD1,PIP5KL1,PLCB2,PIK3CG,MTMR3,MTMR7,SACM1L,ISYNA1,PIK3CD,PIP5K1A,ITPKC,INPP4A,IMPA2,PTEN,ITPKB,IPPK,PIK3C2A,INPP4B,MTMR6,PLCB1,INPP1,INPP5E,PLCB4,PLCG2,PIK3C3,PLCD4,INPP5K,CDIPT,PIP5K1C,INPPL1,MTMR2,PI4KB,PLCH1,PLCE1,PIK3CB,PIP4K2C,ITPK1,PLCH2,PLCB3,PIK3C2B,INPP5D,MTM1,PLCD3,IPMK,INPP5A,MTMR1,PIK3CA,PIK3C2G,PLCG1,PIP5K1B,FIG4,INPP5J,ALDH6A1,PIKFYVE,TPI1,,,,,,,,,,,,,,,,,,,,,,,,,,,,,,,,,,,,,,,,,,,,,,,,,,,,,,,,,,,,,,,,,,,,,,,,,,,,,,,,,,,,,,,,,,,,,,,,,,,,,,,,,,,,,,,,,,,,,,,,,,,,,,,,,,,,,,,,,,,,,,,,,,,,,,,,,,,,,,,,,,,,,,,,,,,,,,,,,,,,,,,,,,,,,,,,,,,,,,,,,,,,,,,,,,,,,,,,,,,,,,,,,,,,,,,,,,,,,,,,,,,,,,,,,,,,,,,,,,,,,,,,,,,,,,,,,,,,,,,,,,,,,,,,,,,,,,,,,,,,,,,,,,,,,,,,,,,,,,,,,,,,,,,,,,,,,,,,,,,,,,,,,,,,,,,,,,,,,,,,,,,,,,,,,,,,,,
KEGG_OXIDATIVE_PHOSPHORYLATION,ATP12A,COX7B,ATP5MGL,COX4I2,NDUFV2,ATP6V0D2,NDUFA13,NDUFS1,SDHB,COX6C,NDUFC2,NDUFS5,NDUFB9,COX3,UQCRC2,NDUFA6,COX1,ND6,ATP6V1D,PPA2,NDUFV3,NDUFS4,CYC1,COX11,NDUFB4,COX4I1,ATP6V0E1,COX6B1,COX5B,TCIRG1,NDUFA7,NDUFB7,ND4,NDUFA3,NDUFB3,ATP5PD,NDUFA11,NDUFA9,COX6B2,CYCS,ATP5PB,COX10,LHPP,NDUFS3,UQCRQ,SDHA,COX2,SDHD,COX7A2L,COX7A1,ATP5MC2,ATP6V0A4,NDUFS7,ATP6V1B1,ATP5F1B,ATP5PF,NDUFC1,ATP6V0B,NDUFA12,COX15,NDUFV1,COX6A2,NDUFAB1,ATP8,ATP5F1E,ATP5MC1,ATP6AP1,ATP5F1C,ATP6V1H,ATP5ME,COX8C,ATP5MC3,NDUFB2,COX17,ATP6,NDUFB6,UQCR10,SDHC,COX6A1,ATP6V1E2,NDUFA5,COX7B2,NDUFB8,ATP6V1C2,UQCRB,ATP6V0E2,NDUFS8,ATP6V1G1,NDUFA10,NDUFA1,ND5,ATP6V1FP2,ATP6V1F,CYTB,UQCRFS1,ND4L,UQCR11,NDUFS2,COX7C,ATP6V0C,ATP6V1E1,ATP6V0A2,NDUFS6,NDUFA2,ATP6V0A1,ATP5F1D,NDUFA4,ATP4A,ND3,PPA1,NDUFB1,ATP6V1G2,NDUFB5,COX8A,ATP5MG,COX7A2,ATP6V1G3,ATP5MF,NDUFB11,UQCRHL,COX5A,ATP6V1A,ATP4B,UQCRH,ATP6V1C1,NDUFA4L2,NDUFC2-KCTD14,NDUFB10,ND2,ATP5PO,ATP6V1B2,NDUFA8,ATP6V0D1,ATP5F1A,UQCRC1,ND1,,,,,,,,,,,,,,,,,,,,,,,,,,,,,,,,,,,,,,,,,,,,,,,,,,,,,,,,,,,,,,,,,,,,,,,,,,,,,,,,,,,,,,,,,,,,,,,,,,,,,,,,,,,,,,,,,,,,,,,,,,,,,,,,,,,,,,,,,,,,,,,,,,,,,,,,,,,,,,,,,,,,,,,,,,,,,,,,,,,,,,,,,,,,,,,,,,,,,,,,,,,,,,,,,,,,,,,,,,,,,,,,,,,,,,,,,,,,,,,,,,,,,,,,,,,,,,,,,,,,,,,,,,,,,,,,,,,,,,,,,,,,,,,,,,,,,,,,,,,,,,,,,,,,,,,
KEGG_NITROGEN_METABOLISM,CA8,CA7,CA3,GLUL,CA4,GLUD2,CA6,CA1,CA5A,CA12,CA13,CA9,CPS1,GLUD1,CA14,CA2,CA5B,,,,,,,,,,,,,,,,,,,,,,,,,,,,,,,,,,,,,,,,,,,,,,,,,,,,,,,,,,,,,,,,,,,,,,,,,,,,,,,,,,,,,,,,,,,,,,,,,,,,,,,,,,,,,,,,,,,,,,,,,,,,,,,,,,,,,,,,,,,,,,,,,,,,,,,,,,,,,,,,,,,,,,,,,,,,,,,,,,,,,,,,,,,,,,,,,,,,,,,,,,,,,,,,,,,,,,,,,,,,,,,,,,,,,,,,,,,,,,,,,,,,,,,,,,,,,,,,,,,,,,,,,,,,,,,,,,,,,,,,,,,,,,,,,,,,,,,,,,,,,,,,,,,,,,,,,,,,,,,,,,,,,,,,,,,,,,,,,,,,,,,,,,,,,,,,,,,,,,,,,,,,,,,,,,,,,,,,,,,,,,,,,,,,,,,,,,,,,,,,,,,,,,,,,,,,,,,,,,,,,,,,,,,,,,
KEGG_SULFUR_METABOLISM,MPST,BPNT2,SUOX,BPNT1,ETHE1,TST,PAPSS2,SQOR,PAPSS1,SELENBP1,,,,,,,,,,,,,,,,,,,,,,,,,,,,,,,,,,,,,,,,,,,,,,,,,,,,,,,,,,,,,,,,,,,,,,,,,,,,,,,,,,,,,,,,,,,,,,,,,,,,,,,,,,,,,,,,,,,,,,,,,,,,,,,,,,,,,,,,,,,,,,,,,,,,,,,,,,,,,,,,,,,,,,,,,,,,,,,,,,,,,,,,,,,,,,,,,,,,,,,,,,,,,,,,,,,,,,,,,,,,,,,,,,,,,,,,,,,,,,,,,,,,,,,,,,,,,,,,,,,,,,,,,,,,,,,,,,,,,,,,,,,,,,,,,,,,,,,,,,,,,,,,,,,,,,,,,,,,,,,,,,,,,,,,,,,,,,,,,,,,,,,,,,,,,,,,,,,,,,,,,,,,,,,,,,,,,,,,,,,,,,,,,,,,,,,,,,,,,,,,,,,,,,,,,,,,,,,,,,,,,,,,,,,,,,,,,,,,,
KEGG_FATTY_ACID_BIOSYNTHESIS,ACACA,MCAT,FASN,OLAH,OXSM,ACACB,ACSL5,ACSBG2,ACSL1,ACSF3,MECR,ACSL4,ACSBG1,CBR4,HSD17B8,HTD2,ACSL6,ACSL3,,,,,,,,,,,,,,,,,,,,,,,,,,,,,,,,,,,,,,,,,,,,,,,,,,,,,,,,,,,,,,,,,,,,,,,,,,,,,,,,,,,,,,,,,,,,,,,,,,,,,,,,,,,,,,,,,,,,,,,,,,,,,,,,,,,,,,,,,,,,,,,,,,,,,,,,,,,,,,,,,,,,,,,,,,,,,,,,,,,,,,,,,,,,,,,,,,,,,,,,,,,,,,,,,,,,,,,,,,,,,,,,,,,,,,,,,,,,,,,,,,,,,,,,,,,,,,,,,,,,,,,,,,,,,,,,,,,,,,,,,,,,,,,,,,,,,,,,,,,,,,,,,,,,,,,,,,,,,,,,,,,,,,,,,,,,,,,,,,,,,,,,,,,,,,,,,,,,,,,,,,,,,,,,,,,,,,,,,,,,,,,,,,,,,,,,,,,,,,,,,,,,,,,,,,,,,,,,,,,,,,,,,,,,,
KEGG_FATTY_ACID_ELONGATION,ACOT2,HACD4,HADHA,THEM4,ACOT1,ELOVL7,TECR,HADH,HSD17B12,ELOVL1,ECHS1,THEM5,ACOT7,ELOVL5,PPT1,ELOVL2,HADHB,ELOVL4,ACAA2,ELOVL6,HACD2,HACD3,HACD1,MECR,ACOT4,PPT2,ELOVL3,,,,,,,,,,,,,,,,,,,,,,,,,,,,,,,,,,,,,,,,,,,,,,,,,,,,,,,,,,,,,,,,,,,,,,,,,,,,,,,,,,,,,,,,,,,,,,,,,,,,,,,,,,,,,,,,,,,,,,,,,,,,,,,,,,,,,,,,,,,,,,,,,,,,,,,,,,,,,,,,,,,,,,,,,,,,,,,,,,,,,,,,,,,,,,,,,,,,,,,,,,,,,,,,,,,,,,,,,,,,,,,,,,,,,,,,,,,,,,,,,,,,,,,,,,,,,,,,,,,,,,,,,,,,,,,,,,,,,,,,,,,,,,,,,,,,,,,,,,,,,,,,,,,,,,,,,,,,,,,,,,,,,,,,,,,,,,,,,,,,,,,,,,,,,,,,,,,,,,,,,,,,,,,,,,,,,,,,,,,,,,,,,,,,,,,,,,,,,,,,,,,,,,,,,,,,,,,,,,,,
KEGG_FATTY_ACID_DEGRADATION,ACOX3,CPT1A,ADH5,ACSL5,ECI2,ACSL4,HADHA,EHHADH,ECI1,GCDH,HADH,ACADSB,ACADM,ACADS,CPT1C,ECHS1,CPT2,ACADL,CPT1B,ACAT1,ALDH2,ACAT2,ADH4,ADH7,ACADVL,ALDH9A1,ADH1A,ACOX1,HADHB,ALDH1B1,ACSBG1,ACSL6,ACAA2,CYP2U1,ALDH3A2,ACSBG2,ACSL1,ACAA1,ADH6,ACSL3,ADH1B,ADH1C,ALDH7A1,,,,,,,,,,,,,,,,,,,,,,,,,,,,,,,,,,,,,,,,,,,,,,,,,,,,,,,,,,,,,,,,,,,,,,,,,,,,,,,,,,,,,,,,,,,,,,,,,,,,,,,,,,,,,,,,,,,,,,,,,,,,,,,,,,,,,,,,,,,,,,,,,,,,,,,,,,,,,,,,,,,,,,,,,,,,,,,,,,,,,,,,,,,,,,,,,,,,,,,,,,,,,,,,,,,,,,,,,,,,,,,,,,,,,,,,,,,,,,,,,,,,,,,,,,,,,,,,,,,,,,,,,,,,,,,,,,,,,,,,,,,,,,,,,,,,,,,,,,,,,,,,,,,,,,,,,,,,,,,,,,,,,,,,,,,,,,,,,,,,,,,,,,,,,,,,,,,,,,,,,,,,,,,,,,,,,,,,,,,,,,,,,,,,,,,,,,,,,,,,,,,,
KEGG_STEROID_BIOSYNTHESIS,EBP,SQLE,TM7SF2,LSS,SOAT1,SOAT2,CYP27B1,LBR,CYP24A1,FDFT1,DHCR24,CYP2R1,CYP51A1,MSMO1,HSD17B7,SC5D,DHCR7,CEL,LIPA,NSDHL,,,,,,,,,,,,,,,,,,,,,,,,,,,,,,,,,,,,,,,,,,,,,,,,,,,,,,,,,,,,,,,,,,,,,,,,,,,,,,,,,,,,,,,,,,,,,,,,,,,,,,,,,,,,,,,,,,,,,,,,,,,,,,,,,,,,,,,,,,,,,,,,,,,,,,,,,,,,,,,,,,,,,,,,,,,,,,,,,,,,,,,,,,,,,,,,,,,,,,,,,,,,,,,,,,,,,,,,,,,,,,,,,,,,,,,,,,,,,,,,,,,,,,,,,,,,,,,,,,,,,,,,,,,,,,,,,,,,,,,,,,,,,,,,,,,,,,,,,,,,,,,,,,,,,,,,,,,,,,,,,,,,,,,,,,,,,,,,,,,,,,,,,,,,,,,,,,,,,,,,,,,,,,,,,,,,,,,,,,,,,,,,,,,,,,,,,,,,,,,,,,,,,,,,,,,,,,,,,,,,,,,,,,,
KEGG_PRIMARY_BILE_ACID_BIOSYNTHESIS,CYP39A1,CYP46A1,CYP7A1,CYP8B1,SLC27A5,CYP7B1,AMACR,ACOX2,HSD17B4,SCP2,AKR1D1,AKR1C4,CYP27A1,CH25H,BAAT,HSD3B7,ACOT8,,,,,,,,,,,,,,,,,,,,,,,,,,,,,,,,,,,,,,,,,,,,,,,,,,,,,,,,,,,,,,,,,,,,,,,,,,,,,,,,,,,,,,,,,,,,,,,,,,,,,,,,,,,,,,,,,,,,,,,,,,,,,,,,,,,,,,,,,,,,,,,,,,,,,,,,,,,,,,,,,,,,,,,,,,,,,,,,,,,,,,,,,,,,,,,,,,,,,,,,,,,,,,,,,,,,,,,,,,,,,,,,,,,,,,,,,,,,,,,,,,,,,,,,,,,,,,,,,,,,,,,,,,,,,,,,,,,,,,,,,,,,,,,,,,,,,,,,,,,,,,,,,,,,,,,,,,,,,,,,,,,,,,,,,,,,,,,,,,,,,,,,,,,,,,,,,,,,,,,,,,,,,,,,,,,,,,,,,,,,,,,,,,,,,,,,,,,,,,,,,,,,,,,,,,,,,,,,,,,,,,,,,,,,,,
KEGG_STEROID_HORMONE_BIOSYNTHESIS,UGT1A6,SULT1E1,HSD17B6,HSD17B11,UGT2A1,UGT1A1,CYP3A4,LRTOMT,HSD11B2,CYP1A1,CYP11A1,CYP3A7-CYP3A51P,SULT2B1,UGT1A3,CYP2E1,UGT2B28,HSD17B12,UGT2B11,CYP3A7,UGT2B17,HSD17B7,UGT1A4,UGT2A2,UGT2B4,AKR1C4,CYP19A1,DHRS11,HSD17B2,UGT2B15,SRD5A2,CYP21A2,CYP11B1,HSD3B1,SRD5A3,AKR1C1,COMT,HSD17B3,CYP7B1,UGT1A7,UGT1A5,HSD3B2,CYP1B1,AKR1D1,CYP17A1,CYP3A5,UGT2A3,SRD5A1,CYP11B2,STS,AKR1C2,HSD11B1,UGT1A8,CYP7A1,HSD11B1L,CYP1A2,UGT2B10,HSD17B8,HSD17B1,AKR1C3,UGT1A9,UGT1A10,UGT2B7,AKR1C8,,,,,,,,,,,,,,,,,,,,,,,,,,,,,,,,,,,,,,,,,,,,,,,,,,,,,,,,,,,,,,,,,,,,,,,,,,,,,,,,,,,,,,,,,,,,,,,,,,,,,,,,,,,,,,,,,,,,,,,,,,,,,,,,,,,,,,,,,,,,,,,,,,,,,,,,,,,,,,,,,,,,,,,,,,,,,,,,,,,,,,,,,,,,,,,,,,,,,,,,,,,,,,,,,,,,,,,,,,,,,,,,,,,,,,,,,,,,,,,,,,,,,,,,,,,,,,,,,,,,,,,,,,,,,,,,,,,,,,,,,,,,,,,,,,,,,,,,,,,,,,,,,,,,,,,,,,,,,,,,,,,,,,,,,,,,,,,,,,,,,,,,,,,,,,,,,,,,,,,,,,,,,,,,,,,,,,,,,,,,,,,,
KEGG_GLYCEROLIPID_METABOLISM,PNPLA2,DGKB,AGPAT1,AKR1A1,DGKH,PLPP3,MBOAT1,LIPF,GLYCTK,LPIN3,PLPP4,DGKE,GPAT3,CEL,MOGAT3,AGPAT2,GPAT4,AGPAT3,PNPLA3,GPAM,LPL,DGKI,DGKK,ABHD16A,AKR1B10,ALDH2,ALDH9A1,GPAT2,DGKQ,GK,AKR1B15,AKR1B1,DGKD,ALDH1B1,DGKG,LPIN2,MOGAT1,LIPC,MBOAT2,AGK,DGAT2,PLPP5,LPIN1,LCLAT1,ALDH3A2,AGPAT5,PNLIPRP3,PNLIP,DGKA,PNLIPRP1,MGLL,DGAT1,LIPG,DGKZ,PNLIPRP2,PLPP2,TKFC,AGPAT4,GK2,GLA,GK3,PLPP1,MOGAT2,ALDH7A1,,,,,,,,,,,,,,,,,,,,,,,,,,,,,,,,,,,,,,,,,,,,,,,,,,,,,,,,,,,,,,,,,,,,,,,,,,,,,,,,,,,,,,,,,,,,,,,,,,,,,,,,,,,,,,,,,,,,,,,,,,,,,,,,,,,,,,,,,,,,,,,,,,,,,,,,,,,,,,,,,,,,,,,,,,,,,,,,,,,,,,,,,,,,,,,,,,,,,,,,,,,,,,,,,,,,,,,,,,,,,,,,,,,,,,,,,,,,,,,,,,,,,,,,,,,,,,,,,,,,,,,,,,,,,,,,,,,,,,,,,,,,,,,,,,,,,,,,,,,,,,,,,,,,,,,,,,,,,,,,,,,,,,,,,,,,,,,,,,,,,,,,,,,,,,,,,,,,,,,,,,,,,,,,,,,,,,,,,,,,,,,
KEGG_GLYCEROPHOSPHOLIPID_METABOLISM,PLA2G4C,GNPAT,ACHE,PLA2G12B,MBOAT1,MBOAT7,AGPAT2,CHKB,SELENOI,GPAT4,PLA2G1B,AGPAT3,LPGAT1,GPAM,GPD1,ETNK1,SGMS2,GPD1L,PLD4,ADPRM,LYPLA2,PLA2G2F,PNPLA6,PLPP5,PLA2G4B,CRLS1,CDS1,PLPP2,PLPP1,LPCAT4,AGPAT1,PHOSPHO1,DGKE,LYPLA1,PLD2,PLA2G2E,GPAT2,PLD3,SAMD8,DGKD,PLA2G4D,DGKG,PLA2G4F,DGKH,LPIN1,JMJD7-PLA2G4B,DGKA,LCAT,DGKZ,AGPAT4,CHPT1,DGKB,PLA2G6,ETNPPL,LPCAT3,PLA2G5,PLA2G2C,LPIN3,PLA2G15,PLA2G10,CHKA,LPCAT2,CDS2,SGMS1,PLAAT2,DGKK,PLD1,CEPT1,PLA2G4A,PCYT1B,LPCAT1,LCLAT1,PNPLA7,AGPAT5,PCYT1A,PCYT2,PLA2G2D,PGS1,GPCPD1,PLPP3,PEMT,PLPP4,GPAT3,PLA1A,PTDSS1,DGKI,PLA2G3,ETNK2,DGKQ,CDIPT,CHAT,PLB1,LPIN2,MBOAT2,PLA2G2A,TAFAZZIN,GPD2,PISD,PTDSS2,PLA2G4E,PLAAT3,PLA2G12A,,,,,,,,,,,,,,,,,,,,,,,,,,,,,,,,,,,,,,,,,,,,,,,,,,,,,,,,,,,,,,,,,,,,,,,,,,,,,,,,,,,,,,,,,,,,,,,,,,,,,,,,,,,,,,,,,,,,,,,,,,,,,,,,,,,,,,,,,,,,,,,,,,,,,,,,,,,,,,,,,,,,,,,,,,,,,,,,,,,,,,,,,,,,,,,,,,,,,,,,,,,,,,,,,,,,,,,,,,,,,,,,,,,,,,,,,,,,,,,,,,,,,,,,,,,,,,,,,,,,,,,,,,,,,,,,,,,,,,,,,,,,,,,,,,,,,,,,,,,,,,,,,,,,,,,,,,,,,,,,,,,,,,,,,,,,,,,,,,,,,,,,,
KEGG_ETHER_LIPID_METABOLISM,LPCAT4,GDPD1,PLA2G4C,PLA2G6,PLA2G5,PLPP3,PLA2G12B,PLA2G2C,PLA2G10,PAFAH2,SELENOI,PLD2,PAFAH1B1,PLA2G1B,PLA2G2E,LPCAT2,PLPP1,PLAAT2,PLA2G3,PEDS1,PEDS1-UBE2V1,PAFAH1B2,PLD4,CEPT1,PLA2G4A,PLD3,PLD1,PLB1,PLA2G4D,PLA2G4F,LPCAT1,PLA2G2F,PLA2G2A,ENPP6,ENPP2,JMJD7-PLA2G4B,TMEM86B,PLA2G4B,PLA2G4E,PLAAT3,PLPP2,GDPD3,PAFAH1B3,CHPT1,PLA2G2D,AGPS,PLA2G7,GAL3ST1,UGT8,PLA2G12A,,,,,,,,,,,,,,,,,,,,,,,,,,,,,,,,,,,,,,,,,,,,,,,,,,,,,,,,,,,,,,,,,,,,,,,,,,,,,,,,,,,,,,,,,,,,,,,,,,,,,,,,,,,,,,,,,,,,,,,,,,,,,,,,,,,,,,,,,,,,,,,,,,,,,,,,,,,,,,,,,,,,,,,,,,,,,,,,,,,,,,,,,,,,,,,,,,,,,,,,,,,,,,,,,,,,,,,,,,,,,,,,,,,,,,,,,,,,,,,,,,,,,,,,,,,,,,,,,,,,,,,,,,,,,,,,,,,,,,,,,,,,,,,,,,,,,,,,,,,,,,,,,,,,,,,,,,,,,,,,,,,,,,,,,,,,,,,,,,,,,,,,,,,,,,,,,,,,,,,,,,,,,,,,,,,,,,,,,,,,,,,,,,,,,,,,,,,,,
KEGG_SPHINGOLIPID_METABOLISM,GM2A,PSAP,HEXB,CERS4,ASAH2,PLPP3,SMPD4,CERS5,NEU4,NEU1,GALC,ARSA,SPHK1,SPTLC3,B4GALNT1,NEU2,ACER2,SGMS1,ACER1,GBA1,GLB1,SGMS2,GBA2,HEXA,SPHK2,UGCG,DEGS1,CERS3,CERK,KDSR,SGPP2,ACER3,CERS1,DEGS2,NEU3,ENPP7,SPTLC1,SGPL1,CERS6,SGPP1,ASAH1,CERS2,B4GALT6,PSAPL1,SMPD1,PLPP2,SPTLC2,SMPD3,GLA,SMPD2,PLPP1,GAL3ST1,UGT8,B4GALT5,,,,,,,,,,,,,,,,,,,,,,,,,,,,,,,,,,,,,,,,,,,,,,,,,,,,,,,,,,,,,,,,,,,,,,,,,,,,,,,,,,,,,,,,,,,,,,,,,,,,,,,,,,,,,,,,,,,,,,,,,,,,,,,,,,,,,,,,,,,,,,,,,,,,,,,,,,,,,,,,,,,,,,,,,,,,,,,,,,,,,,,,,,,,,,,,,,,,,,,,,,,,,,,,,,,,,,,,,,,,,,,,,,,,,,,,,,,,,,,,,,,,,,,,,,,,,,,,,,,,,,,,,,,,,,,,,,,,,,,,,,,,,,,,,,,,,,,,,,,,,,,,,,,,,,,,,,,,,,,,,,,,,,,,,,,,,,,,,,,,,,,,,,,,,,,,,,,,,,,,,,,,,,,,,,,,,,,,,,,,,,,,,,,,,,,,,
KEGG_ARACHIDONIC_ACID_METABOLISM,CYP2C9,CYP2B6,GPX4,PLA2G6,PLA2G4C,PLA2G5,PTGES3,PLA2G12B,GGT2,PLA2G2C,CBR3,LTC4S,ALOX5,PLA2G10,CYP2C8,PTGR3,CYP2E1,PLA2G1B,PLA2G2E,CBR1,TBXAS1,ALOX15,PLAAT2,ALOXE3,PLA2G3,CYP4F8,EPHX2,CYP4F2,ALOX12B,PTGS2,PLA2G4A,ALOX15B,LTA4H,PTGES2,PLB1,PLA2G4D,PLA2G4F,PTGS1,PLA2G2F,PLA2G2A,CYP2U1,CYP4F3,CYP2C19,CYP2J2,JMJD7-PLA2G4B,PTGDS,PTGIS,PRXL2B,PLA2G4B,PLA2G4E,ALOX12,PLAAT3,HPGD,GGT1,AKR1C3,HPGDS,PTGR2,PLA2G2D,AKR1C8,PTGES,PTGR1,GGT5,PLA2G12A,,,,,,,,,,,,,,,,,,,,,,,,,,,,,,,,,,,,,,,,,,,,,,,,,,,,,,,,,,,,,,,,,,,,,,,,,,,,,,,,,,,,,,,,,,,,,,,,,,,,,,,,,,,,,,,,,,,,,,,,,,,,,,,,,,,,,,,,,,,,,,,,,,,,,,,,,,,,,,,,,,,,,,,,,,,,,,,,,,,,,,,,,,,,,,,,,,,,,,,,,,,,,,,,,,,,,,,,,,,,,,,,,,,,,,,,,,,,,,,,,,,,,,,,,,,,,,,,,,,,,,,,,,,,,,,,,,,,,,,,,,,,,,,,,,,,,,,,,,,,,,,,,,,,,,,,,,,,,,,,,,,,,,,,,,,,,,,,,,,,,,,,,,,,,,,,,,,,,,,,,,,,,,,,,,,,,,,,,,,,,,,,
KEGG_LINOLEIC_ACID_METABOLISM,CYP2C9,PLA2G4C,PLA2G6,PLA2G5,PLA2G12B,CYP3A4,PLA2G2C,PLA2G10,CYP2C8,CYP2E1,PLA2G1B,PLA2G2E,ALOX15,PLAAT2,PLA2G3,PLA2G4A,PLB1,PLA2G4D,PLA2G4F,PLA2G2F,PLA2G2A,CYP2J2,JMJD7-PLA2G4B,PLA2G4B,PLA2G4E,CYP1A2,PLAAT3,PLA2G2D,CYP2C19,PLA2G12A,,,,,,,,,,,,,,,,,,,,,,,,,,,,,,,,,,,,,,,,,,,,,,,,,,,,,,,,,,,,,,,,,,,,,,,,,,,,,,,,,,,,,,,,,,,,,,,,,,,,,,,,,,,,,,,,,,,,,,,,,,,,,,,,,,,,,,,,,,,,,,,,,,,,,,,,,,,,,,,,,,,,,,,,,,,,,,,,,,,,,,,,,,,,,,,,,,,,,,,,,,,,,,,,,,,,,,,,,,,,,,,,,,,,,,,,,,,,,,,,,,,,,,,,,,,,,,,,,,,,,,,,,,,,,,,,,,,,,,,,,,,,,,,,,,,,,,,,,,,,,,,,,,,,,,,,,,,,,,,,,,,,,,,,,,,,,,,,,,,,,,,,,,,,,,,,,,,,,,,,,,,,,,,,,,,,,,,,,,,,,,,,,,,,,,,,,,,,,,,,,,,,,,,,,,,,,,,,,
KEGG_ALPHA-LINOLENIC_ACID_METABOLISM,ACOX3,PLA2G4C,PLA2G6,PLA2G5,PLA2G12B,PLA2G2C,PLA2G10,PLA2G1B,PLA2G2E,PLAAT2,PLA2G3,PLA2G4A,FADS2,ACOX1,PLB1,PLA2G4D,PLA2G4F,PLA2G2F,PLA2G2A,JMJD7-PLA2G4B,PLA2G4B,PLA2G4E,PLAAT3,ACAA1,PLA2G2D,PLA2G12A,,,,,,,,,,,,,,,,,,,,,,,,,,,,,,,,,,,,,,,,,,,,,,,,,,,,,,,,,,,,,,,,,,,,,,,,,,,,,,,,,,,,,,,,,,,,,,,,,,,,,,,,,,,,,,,,,,,,,,,,,,,,,,,,,,,,,,,,,,,,,,,,,,,,,,,,,,,,,,,,,,,,,,,,,,,,,,,,,,,,,,,,,,,,,,,,,,,,,,,,,,,,,,,,,,,,,,,,,,,,,,,,,,,,,,,,,,,,,,,,,,,,,,,,,,,,,,,,,,,,,,,,,,,,,,,,,,,,,,,,,,,,,,,,,,,,,,,,,,,,,,,,,,,,,,,,,,,,,,,,,,,,,,,,,,,,,,,,,,,,,,,,,,,,,,,,,,,,,,,,,,,,,,,,,,,,,,,,,,,,,,,,,,,,,,,,,,,,,,,,,,,,,,,,,,,,,,,,,,,,,
KEGG_BIOSYNTHESIS_OF_UNSATURATED_FATTY_ACIDS,ACOT1,ACOT2,ACOT4,BAAT,ACOT7,,,,,,,,,,,,,,,,,,,,,,,,,,,,,,,,,,,,,,,,,,,,,,,,,,,,,,,,,,,,,,,,,,,,,,,,,,,,,,,,,,,,,,,,,,,,,,,,,,,,,,,,,,,,,,,,,,,,,,,,,,,,,,,,,,,,,,,,,,,,,,,,,,,,,,,,,,,,,,,,,,,,,,,,,,,,,,,,,,,,,,,,,,,,,,,,,,,,,,,,,,,,,,,,,,,,,,,,,,,,,,,,,,,,,,,,,,,,,,,,,,,,,,,,,,,,,,,,,,,,,,,,,,,,,,,,,,,,,,,,,,,,,,,,,,,,,,,,,,,,,,,,,,,,,,,,,,,,,,,,,,,,,,,,,,,,,,,,,,,,,,,,,,,,,,,,,,,,,,,,,,,,,,,,,,,,,,,,,,,,,,,,,,,,,,,,,,,,,,,,,,,,,,,,,,,,,,,,,,,,,,,,,,,,,,,,,,,,,,,,,,
KEGG_PURINE_METABOLISM,PRPS1L1,NT5C1A,AK5,GUCY2D,PPAT,NUDT9,NT5C2,ITPA,NT5M,PRPS2,NME1,GUCY2C,GART,ATIC,DCK,ADCY8,GMPR2,ADCY6,PDE3B,PAPSS1,ADCY3,GUK1,RRM2,ADPRM,PDE8A,AK4,NPR2,AMPD2,GUCY1A1,PAPSS2,NT5E,ADCY9,PDE4B,ENTPD1,ENTPD6,URAD,AK6,NME4,ADCY1,RRM2B,ENPP3,NME6,GUCY1A2,PDE3A,HPRT1,HDDC2,PAICS,XDH,DGUOK,PDE9A,PGM1,ENPP1,ADK,PDE1C,IMPDH2,NME7,ENTPD5,PDE6D,ALLC,ADCY4,ADA2,NME3,GUCY1B1,AK3,IMPDH1,NUDT16,ADSL,PDE5A,ENTPD3,AK9,PRPS1,PDE6A,GDA,PDE11A,ENTPD4,PDE6C,AK1,ENTPD8,FHIT,PFAS,PDE10A,NT5C1B,NT5C1B-RDH14,PNP,PDE7B,ADCY5,LACC1,PDE1B,GMPS,ADCY10,NTPCR,ENPP4,NT5C,GUCY2F,HDDC3,PDE4C,PDE6B,PDE4D,RRM1,ADCY7,PDE6G,NME1-NME2,NME2,GMPR,PDE7A,AK8,NUDT5,ADCY2,AMPD1,PDE6H,PDE1A,NUDT2,CANT1,AK7,APRT,ENTPD2,PDE8B,ADSS2,ADA,PGM2,NPR1,AMPD3,PRUNE1,ADSS1,PDE4A,PDE2A,NT5DC4,AK2,,,,,,,,,,,,,,,,,,,,,,,,,,,,,,,,,,,,,,,,,,,,,,,,,,,,,,,,,,,,,,,,,,,,,,,,,,,,,,,,,,,,,,,,,,,,,,,,,,,,,,,,,,,,,,,,,,,,,,,,,,,,,,,,,,,,,,,,,,,,,,,,,,,,,,,,,,,,,,,,,,,,,,,,,,,,,,,,,,,,,,,,,,,,,,,,,,,,,,,,,,,,,,,,,,,,,,,,,,,,,,,,,,,,,,,,,,,,,,,,,,,,,,,,,,,,,,,,,,,,,,,,,,,,,,,,,,,,,,,,,,,,,,,,,,,,,,,,,,,,,,,,,,,,,,,,,,,,,,,
KEGG_PYRIMIDINE_METABOLISM,ENTPD3,RRM2B,UMPS,NT5C1A,CMPK1,DPYS,ENPP3,TK2,CDA,RRM1,AK9,NME6,CMPK2,CTPS1,UCK2,NT5C2,DCTPP1,NME1-NME2,DUT,NT5M,NME2,DTYMK,ENTPD4,HDDC2,NME1,ENTPD8,DHODH,ENPP1,DCK,UPP1,NT5C1B,NT5C1B-RDH14,NT5C3B,UCKL1,NT5C3A,NME7,NUDT2,CANT1,RRM2,ENTPD5,CTPS2,ASMTL,UPP2,NT5E,UPB1,ENTPD1,ENTPD6,DPYD,CAD,NME3,NME4,TYMP,TYMS,UCK1,NT5C,TK1,NT5DC4,DCTD,,,,,,,,,,,,,,,,,,,,,,,,,,,,,,,,,,,,,,,,,,,,,,,,,,,,,,,,,,,,,,,,,,,,,,,,,,,,,,,,,,,,,,,,,,,,,,,,,,,,,,,,,,,,,,,,,,,,,,,,,,,,,,,,,,,,,,,,,,,,,,,,,,,,,,,,,,,,,,,,,,,,,,,,,,,,,,,,,,,,,,,,,,,,,,,,,,,,,,,,,,,,,,,,,,,,,,,,,,,,,,,,,,,,,,,,,,,,,,,,,,,,,,,,,,,,,,,,,,,,,,,,,,,,,,,,,,,,,,,,,,,,,,,,,,,,,,,,,,,,,,,,,,,,,,,,,,,,,,,,,,,,,,,,,,,,,,,,,,,,,,,,,,,,,,,,,,,,,,,,,,,,,,,,,,,,,,,,,,,,,,,,,,,,,
"KEGG_ALANINE,_ASPARTATE_AND_GLUTAMATE_METABOLISM",RIMKLB,ASS1,PPAT,CPS1,GPT,FOLH1,GAD2,GFPT1,GLUL,GPT2,ASPA,IL4I1,NIT2,AGXT2,GLS2,RIMKLA,ALDH4A1,GAD1,GLS,GOT1L1,NAT8L,GLUD1,ADSS2,ABAT,AGXT,DDO,ASL,CAD,GLUD2,GFPT2,GOT1,ALDH5A1,ADSS1,ADSL,ASNS,GOT2,ASRGL1,,,,,,,,,,,,,,,,,,,,,,,,,,,,,,,,,,,,,,,,,,,,,,,,,,,,,,,,,,,,,,,,,,,,,,,,,,,,,,,,,,,,,,,,,,,,,,,,,,,,,,,,,,,,,,,,,,,,,,,,,,,,,,,,,,,,,,,,,,,,,,,,,,,,,,,,,,,,,,,,,,,,,,,,,,,,,,,,,,,,,,,,,,,,,,,,,,,,,,,,,,,,,,,,,,,,,,,,,,,,,,,,,,,,,,,,,,,,,,,,,,,,,,,,,,,,,,,,,,,,,,,,,,,,,,,,,,,,,,,,,,,,,,,,,,,,,,,,,,,,,,,,,,,,,,,,,,,,,,,,,,,,,,,,,,,,,,,,,,,,,,,,,,,,,,,,,,,,,,,,,,,,,,,,,,,,,,,,,,,,,,,,,,,,,,,,,,,,,,,,,,,,,,,,,,
"KEGG_GLYCINE,_SERINE_AND_THREONINE_METABOLISM",PGAM4,ALAS1,CHDH,GATM,GLYCTK,DAO,SRR,MAOA,GAMT,CBS,SDS,PGAM1,GCSH,BPGM,GNMT,AGXT2,BHMT,GRHPR,PIPOX,AMT,DLD,GLDC,GCAT,SHMT1,SARDH,SDSL,ALAS2,AGXT,PGAM2,CTH,PSAT1,PHGDH,AOC2,AOC3,MAOB,PSPH,SHMT2,DMGDH,ALDH7A1,,,,,,,,,,,,,,,,,,,,,,,,,,,,,,,,,,,,,,,,,,,,,,,,,,,,,,,,,,,,,,,,,,,,,,,,,,,,,,,,,,,,,,,,,,,,,,,,,,,,,,,,,,,,,,,,,,,,,,,,,,,,,,,,,,,,,,,,,,,,,,,,,,,,,,,,,,,,,,,,,,,,,,,,,,,,,,,,,,,,,,,,,,,,,,,,,,,,,,,,,,,,,,,,,,,,,,,,,,,,,,,,,,,,,,,,,,,,,,,,,,,,,,,,,,,,,,,,,,,,,,,,,,,,,,,,,,,,,,,,,,,,,,,,,,,,,,,,,,,,,,,,,,,,,,,,,,,,,,,,,,,,,,,,,,,,,,,,,,,,,,,,,,,,,,,,,,,,,,,,,,,,,,,,,,,,,,,,,,,,,,,,,,,,,,,,,,,,,,,,,,,,,,,,
KEGG_CYSTEINE_AND_METHIONINE_METABOLISM,LDHB,MAT1A,AHCYL1,KYAT3,AHCYL2,LDHAL6B,SMS,BCAT2,GCLM,LDHA,CBS,SDS,MRI1,GSS,ENOPH1,MPST,TAT,GCLC,GNMT,BCAT1,KYAT1,DNMT1,IL4I1,CDO1,TST,MTAP,BHMT,DNMT3A,AGXT2,SRM,AMD1,DNMT3B,ADI1,AHCY,GOT1L1,BHMT2,SDSL,APIP,MTR,LACC1,LDHAL6A,CTH,LDHC,PSAT1,MAT2A,MAT2B,MDH1,GOT1,PHGDH,GOT2,MDH2,,,,,,,,,,,,,,,,,,,,,,,,,,,,,,,,,,,,,,,,,,,,,,,,,,,,,,,,,,,,,,,,,,,,,,,,,,,,,,,,,,,,,,,,,,,,,,,,,,,,,,,,,,,,,,,,,,,,,,,,,,,,,,,,,,,,,,,,,,,,,,,,,,,,,,,,,,,,,,,,,,,,,,,,,,,,,,,,,,,,,,,,,,,,,,,,,,,,,,,,,,,,,,,,,,,,,,,,,,,,,,,,,,,,,,,,,,,,,,,,,,,,,,,,,,,,,,,,,,,,,,,,,,,,,,,,,,,,,,,,,,,,,,,,,,,,,,,,,,,,,,,,,,,,,,,,,,,,,,,,,,,,,,,,,,,,,,,,,,,,,,,,,,,,,,,,,,,,,,,,,,,,,,,,,,,,,,,,,,,,,,,,,,,,,,,,,,,,
"KEGG_VALINE,_LEUCINE_AND_ISOLEUCINE_DEGRADATION",DBT,PCCA,BCAT2,HSD17B10,MCCC2,HADHA,MCEE,ACAD8,EHHADH,OXCT1,AOX1,HADH,ACADSB,ACADM,ACADS,HIBADH,BCAT1,AUH,ECHS1,IL4I1,OXCT2,ACAT1,ALDH2,ACAT2,ALDH9A1,AACS,AGXT2,HMGCL,HMGCS1,MMUT,HMGCLL1,DLD,IVD,ALDH1B1,HADHB,HMGCS2,ACAA2,ACSF3,ALDH3A2,ABAT,PCCB,BCKDHA,BCKDHB,MCCC1,ACAA1,ALDH6A1,HIBCH,ALDH7A1,,,,,,,,,,,,,,,,,,,,,,,,,,,,,,,,,,,,,,,,,,,,,,,,,,,,,,,,,,,,,,,,,,,,,,,,,,,,,,,,,,,,,,,,,,,,,,,,,,,,,,,,,,,,,,,,,,,,,,,,,,,,,,,,,,,,,,,,,,,,,,,,,,,,,,,,,,,,,,,,,,,,,,,,,,,,,,,,,,,,,,,,,,,,,,,,,,,,,,,,,,,,,,,,,,,,,,,,,,,,,,,,,,,,,,,,,,,,,,,,,,,,,,,,,,,,,,,,,,,,,,,,,,,,,,,,,,,,,,,,,,,,,,,,,,,,,,,,,,,,,,,,,,,,,,,,,,,,,,,,,,,,,,,,,,,,,,,,,,,,,,,,,,,,,,,,,,,,,,,,,,,,,,,,,,,,,,,,,,,,,,,,,,,,,,,,,,,,,,,
"KEGG_VALINE,_LEUCINE_AND_ISOLEUCINE_BIOSYNTHESIS",SDS,SDSL,BCAT2,BCAT1,,,,,,,,,,,,,,,,,,,,,,,,,,,,,,,,,,,,,,,,,,,,,,,,,,,,,,,,,,,,,,,,,,,,,,,,,,,,,,,,,,,,,,,,,,,,,,,,,,,,,,,,,,,,,,,,,,,,,,,,,,,,,,,,,,,,,,,,,,,,,,,,,,,,,,,,,,,,,,,,,,,,,,,,,,,,,,,,,,,,,,,,,,,,,,,,,,,,,,,,,,,,,,,,,,,,,,,,,,,,,,,,,,,,,,,,,,,,,,,,,,,,,,,,,,,,,,,,,,,,,,,,,,,,,,,,,,,,,,,,,,,,,,,,,,,,,,,,,,,,,,,,,,,,,,,,,,,,,,,,,,,,,,,,,,,,,,,,,,,,,,,,,,,,,,,,,,,,,,,,,,,,,,,,,,,,,,,,,,,,,,,,,,,,,,,,,,,,,,,,,,,,,,,,,,,,,,,,,,,,,,,,,,,,,,,,,,,,,,,,,,,
KEGG_LYSINE_DEGRADATION,KMT2B,SETD2,SMYD3,PLOD2,EZH2,SETD7,KMT2D,NSD1,HADHA,NSD2,ASH1L,EHHADH,PRDM9,BBOX1,PRDM16,PHYKPL,SUV39H1,GCDH,PRDM6,PLOD3,PLOD1,AASS,HADH,AADAT,MECOM,ECHS1,NSD3,EZH1,ACAT1,ALDH2,ACAT2,ALDH9A1,SETDB2,COLGALT2,PRDM2,PIPOX,TMLHE,SMYD2,DLD,SUV39H2,SETD1B,KMT2A,ALDH1B1,EHMT2,COLGALT1,EHMT1,KMT5C,CAMKMT,DOT1L,KMT2E,SETMAR,ALDH3A2,KMT5A,SETDB1,KMT5B,PRDM7,SETD1A,HYKK,DLST,KMT2C,SMYD1,DHTKD1,ALDH7A1,,,,,,,,,,,,,,,,,,,,,,,,,,,,,,,,,,,,,,,,,,,,,,,,,,,,,,,,,,,,,,,,,,,,,,,,,,,,,,,,,,,,,,,,,,,,,,,,,,,,,,,,,,,,,,,,,,,,,,,,,,,,,,,,,,,,,,,,,,,,,,,,,,,,,,,,,,,,,,,,,,,,,,,,,,,,,,,,,,,,,,,,,,,,,,,,,,,,,,,,,,,,,,,,,,,,,,,,,,,,,,,,,,,,,,,,,,,,,,,,,,,,,,,,,,,,,,,,,,,,,,,,,,,,,,,,,,,,,,,,,,,,,,,,,,,,,,,,,,,,,,,,,,,,,,,,,,,,,,,,,,,,,,,,,,,,,,,,,,,,,,,,,,,,,,,,,,,,,,,,,,,,,,,,,,,,,,,,,,,,,,,,
KEGG_ARGININE_BIOSYNTHESIS,NOS3,ASS1,ABHD14A-ACY1,CPS1,NOS1,GPT,ARG2,GLUL,GPT2,ARG1,GLS2,GLS,NOS2,GOT1L1,GLUD1,ASL,CAD,GLUD2,ACY1,GOT1,NAGS,OTC,GOT2,,,,,,,,,,,,,,,,,,,,,,,,,,,,,,,,,,,,,,,,,,,,,,,,,,,,,,,,,,,,,,,,,,,,,,,,,,,,,,,,,,,,,,,,,,,,,,,,,,,,,,,,,,,,,,,,,,,,,,,,,,,,,,,,,,,,,,,,,,,,,,,,,,,,,,,,,,,,,,,,,,,,,,,,,,,,,,,,,,,,,,,,,,,,,,,,,,,,,,,,,,,,,,,,,,,,,,,,,,,,,,,,,,,,,,,,,,,,,,,,,,,,,,,,,,,,,,,,,,,,,,,,,,,,,,,,,,,,,,,,,,,,,,,,,,,,,,,,,,,,,,,,,,,,,,,,,,,,,,,,,,,,,,,,,,,,,,,,,,,,,,,,,,,,,,,,,,,,,,,,,,,,,,,,,,,,,,,,,,,,,,,,,,,,,,,,,,,,,,,,,,,,,,,,,,,,,,,,,,,,,,,,
KEGG_ARGININE_AND_PROLINE_METABOLISM,NOS3,CARNS1,CKMT1A,GATM,SMS,PYCR3,DAO,NOS1,PYCR2,PYCR1,ARG2,MAOA,GAMT,SAT2,ODC1,OAT,ARG1,CNDP1,SMOX,LAP3,AZIN2,HOGA1,AOC1,ALDH2,PRODH,ALDH9A1,CKM,P4HA3,SRM,AMD1,PRODH2,ALDH4A1,NOS2,ALDH1B1,GOT1L1,SAT1,CKB,ALDH3A2,CKMT1B,P4HA1,CNDP2,ALDH18A1,P4HA2,CKMT2,L3HYPDH,GOT1,AGMAT,MAOB,GOT2,ALDH7A1,,,,,,,,,,,,,,,,,,,,,,,,,,,,,,,,,,,,,,,,,,,,,,,,,,,,,,,,,,,,,,,,,,,,,,,,,,,,,,,,,,,,,,,,,,,,,,,,,,,,,,,,,,,,,,,,,,,,,,,,,,,,,,,,,,,,,,,,,,,,,,,,,,,,,,,,,,,,,,,,,,,,,,,,,,,,,,,,,,,,,,,,,,,,,,,,,,,,,,,,,,,,,,,,,,,,,,,,,,,,,,,,,,,,,,,,,,,,,,,,,,,,,,,,,,,,,,,,,,,,,,,,,,,,,,,,,,,,,,,,,,,,,,,,,,,,,,,,,,,,,,,,,,,,,,,,,,,,,,,,,,,,,,,,,,,,,,,,,,,,,,,,,,,,,,,,,,,,,,,,,,,,,,,,,,,,,,,,,,,,,,,,,,,,,,,,,,,,,
KEGG_HISTIDINE_METABOLISM,CARNS1,HAL,CARNMT1,ALDH3B2,FTCD,HNMT,MAOA,ASPA,CNDP1,AOC1,ALDH2,ALDH9A1,UROC1,ALDH1B1,AMDHD1,ALDH3B1,ALDH3A2,HDC,CNDP2,ALDH3A1,MAOB,ALDH7A1,,,,,,,,,,,,,,,,,,,,,,,,,,,,,,,,,,,,,,,,,,,,,,,,,,,,,,,,,,,,,,,,,,,,,,,,,,,,,,,,,,,,,,,,,,,,,,,,,,,,,,,,,,,,,,,,,,,,,,,,,,,,,,,,,,,,,,,,,,,,,,,,,,,,,,,,,,,,,,,,,,,,,,,,,,,,,,,,,,,,,,,,,,,,,,,,,,,,,,,,,,,,,,,,,,,,,,,,,,,,,,,,,,,,,,,,,,,,,,,,,,,,,,,,,,,,,,,,,,,,,,,,,,,,,,,,,,,,,,,,,,,,,,,,,,,,,,,,,,,,,,,,,,,,,,,,,,,,,,,,,,,,,,,,,,,,,,,,,,,,,,,,,,,,,,,,,,,,,,,,,,,,,,,,,,,,,,,,,,,,,,,,,,,,,,,,,,,,,,,,,,,,,,,,,,,,,,,,,,,,,,,,,
KEGG_TYROSINE_METABOLISM,ALDH3B2,ADH5,TH,TYR,LRTOMT,HPD,MAOA,AOX1,AOC3,TAT,HGD,TPO,IL4I1,ADH7,ADH4,ADH1A,DCT,COMT,GOT1L1,ALDH3B1,FAHD1,GSTZ1,TYRP1,MIF,DBH,GOT1,FAH,ADH6,ALDH3A1,AOC2,DDC,MAOB,GOT2,PNMT,ADH1B,ADH1C,,,,,,,,,,,,,,,,,,,,,,,,,,,,,,,,,,,,,,,,,,,,,,,,,,,,,,,,,,,,,,,,,,,,,,,,,,,,,,,,,,,,,,,,,,,,,,,,,,,,,,,,,,,,,,,,,,,,,,,,,,,,,,,,,,,,,,,,,,,,,,,,,,,,,,,,,,,,,,,,,,,,,,,,,,,,,,,,,,,,,,,,,,,,,,,,,,,,,,,,,,,,,,,,,,,,,,,,,,,,,,,,,,,,,,,,,,,,,,,,,,,,,,,,,,,,,,,,,,,,,,,,,,,,,,,,,,,,,,,,,,,,,,,,,,,,,,,,,,,,,,,,,,,,,,,,,,,,,,,,,,,,,,,,,,,,,,,,,,,,,,,,,,,,,,,,,,,,,,,,,,,,,,,,,,,,,,,,,,,,,,,,,,,,,,,,,,,,,,,,,,,,,,,,,,,
KEGG_PHENYLALANINE_METABOLISM,MIF,AOC3,ALDH3B2,TAT,GOT1L1,GOT1,IL4I1,ALDH3B1,AOC2,ALDH3A1,HPD,DDC,MAOB,GOT2,MAOA,PAH,,,,,,,,,,,,,,,,,,,,,,,,,,,,,,,,,,,,,,,,,,,,,,,,,,,,,,,,,,,,,,,,,,,,,,,,,,,,,,,,,,,,,,,,,,,,,,,,,,,,,,,,,,,,,,,,,,,,,,,,,,,,,,,,,,,,,,,,,,,,,,,,,,,,,,,,,,,,,,,,,,,,,,,,,,,,,,,,,,,,,,,,,,,,,,,,,,,,,,,,,,,,,,,,,,,,,,,,,,,,,,,,,,,,,,,,,,,,,,,,,,,,,,,,,,,,,,,,,,,,,,,,,,,,,,,,,,,,,,,,,,,,,,,,,,,,,,,,,,,,,,,,,,,,,,,,,,,,,,,,,,,,,,,,,,,,,,,,,,,,,,,,,,,,,,,,,,,,,,,,,,,,,,,,,,,,,,,,,,,,,,,,,,,,,,,,,,,,,,,,,,,,,,,,,,,,,,,,,,,,,,,,,,,,,,,
KEGG_TRYPTOPHAN_METABOLISM,INMT,KYAT3,ALDH7A1,HADHA,KYNU,EHHADH,TPH1,MAOA,AANAT,CYP1A1,GCDH,AOX1,HADH,IDO2,AADAT,ACMSD,ALDH8A1,ECHS1,IL4I1,KYAT1,AOC1,ACAT1,AFMID,ACAT2,ALDH2,ALDH9A1,DLD,CAT,TDO2,ALDH1B1,CYP1B1,ALDH3A2,IDO1,TPH2,KMO,CYP1A2,DLST,HAAO,DDC,MAOB,DHTKD1,ASMT,,,,,,,,,,,,,,,,,,,,,,,,,,,,,,,,,,,,,,,,,,,,,,,,,,,,,,,,,,,,,,,,,,,,,,,,,,,,,,,,,,,,,,,,,,,,,,,,,,,,,,,,,,,,,,,,,,,,,,,,,,,,,,,,,,,,,,,,,,,,,,,,,,,,,,,,,,,,,,,,,,,,,,,,,,,,,,,,,,,,,,,,,,,,,,,,,,,,,,,,,,,,,,,,,,,,,,,,,,,,,,,,,,,,,,,,,,,,,,,,,,,,,,,,,,,,,,,,,,,,,,,,,,,,,,,,,,,,,,,,,,,,,,,,,,,,,,,,,,,,,,,,,,,,,,,,,,,,,,,,,,,,,,,,,,,,,,,,,,,,,,,,,,,,,,,,,,,,,,,,,,,,,,,,,,,,,,,,,,,,,,,,,,,,,,,,,,,,,,,,,,,,,
"KEGG_PHENYLALANINE,_TYROSINE_AND_TRYPTOPHAN_BIOSYNTHESIS",TAT,GOT1L1,GOT1,IL4I1,GOT2,PAH,,,,,,,,,,,,,,,,,,,,,,,,,,,,,,,,,,,,,,,,,,,,,,,,,,,,,,,,,,,,,,,,,,,,,,,,,,,,,,,,,,,,,,,,,,,,,,,,,,,,,,,,,,,,,,,,,,,,,,,,,,,,,,,,,,,,,,,,,,,,,,,,,,,,,,,,,,,,,,,,,,,,,,,,,,,,,,,,,,,,,,,,,,,,,,,,,,,,,,,,,,,,,,,,,,,,,,,,,,,,,,,,,,,,,,,,,,,,,,,,,,,,,,,,,,,,,,,,,,,,,,,,,,,,,,,,,,,,,,,,,,,,,,,,,,,,,,,,,,,,,,,,,,,,,,,,,,,,,,,,,,,,,,,,,,,,,,,,,,,,,,,,,,,,,,,,,,,,,,,,,,,,,,,,,,,,,,,,,,,,,,,,,,,,,,,,,,,,,,,,,,,,,,,,,,,,,,,,,,,,,,,,,,,,,,,,,,,,,,,,,
KEGG_BETA-ALANINE_METABOLISM,CARNS1,ACOX3,DPYS,ALDH3B2,HADHA,EHHADH,MLYCD,GAD2,ACADS,CNDP1,ECHS1,SMOX,ALDH2,GADL1,ALDH9A1,GAD1,CSAD,ALDH1B1,ACOX1,ALDH3B1,ALDH3A2,ABAT,CNDP2,UPB1,DPYD,AOC2,HIBCH,ALDH6A1,AOC3,ALDH3A1,ALDH7A1,,,,,,,,,,,,,,,,,,,,,,,,,,,,,,,,,,,,,,,,,,,,,,,,,,,,,,,,,,,,,,,,,,,,,,,,,,,,,,,,,,,,,,,,,,,,,,,,,,,,,,,,,,,,,,,,,,,,,,,,,,,,,,,,,,,,,,,,,,,,,,,,,,,,,,,,,,,,,,,,,,,,,,,,,,,,,,,,,,,,,,,,,,,,,,,,,,,,,,,,,,,,,,,,,,,,,,,,,,,,,,,,,,,,,,,,,,,,,,,,,,,,,,,,,,,,,,,,,,,,,,,,,,,,,,,,,,,,,,,,,,,,,,,,,,,,,,,,,,,,,,,,,,,,,,,,,,,,,,,,,,,,,,,,,,,,,,,,,,,,,,,,,,,,,,,,,,,,,,,,,,,,,,,,,,,,,,,,,,,,,,,,,,,,,,,,,,,,,,,,,,,,,,,,,,,,,,,,
KEGG_TAURINE_AND_HYPOTAURINE_METABOLISM,GAD2,FMO5,FMO2,FMO3,GAD1,CSAD,GGT7,FMO4,FMO1,GGT2,GGT6,CDO1,GGT1,BAAT,GADL1,ADO,GGT5,,,,,,,,,,,,,,,,,,,,,,,,,,,,,,,,,,,,,,,,,,,,,,,,,,,,,,,,,,,,,,,,,,,,,,,,,,,,,,,,,,,,,,,,,,,,,,,,,,,,,,,,,,,,,,,,,,,,,,,,,,,,,,,,,,,,,,,,,,,,,,,,,,,,,,,,,,,,,,,,,,,,,,,,,,,,,,,,,,,,,,,,,,,,,,,,,,,,,,,,,,,,,,,,,,,,,,,,,,,,,,,,,,,,,,,,,,,,,,,,,,,,,,,,,,,,,,,,,,,,,,,,,,,,,,,,,,,,,,,,,,,,,,,,,,,,,,,,,,,,,,,,,,,,,,,,,,,,,,,,,,,,,,,,,,,,,,,,,,,,,,,,,,,,,,,,,,,,,,,,,,,,,,,,,,,,,,,,,,,,,,,,,,,,,,,,,,,,,,,,,,,,,,,,,,,,,,,,,,,,,,,,,,,,,,
KEGG_PHOSPHONATE_AND_PHOSPHINATE_METABOLISM,SELENOI,CEPT1,PCYT1A,PCYT1B,PCYT2,CHPT1,,,,,,,,,,,,,,,,,,,,,,,,,,,,,,,,,,,,,,,,,,,,,,,,,,,,,,,,,,,,,,,,,,,,,,,,,,,,,,,,,,,,,,,,,,,,,,,,,,,,,,,,,,,,,,,,,,,,,,,,,,,,,,,,,,,,,,,,,,,,,,,,,,,,,,,,,,,,,,,,,,,,,,,,,,,,,,,,,,,,,,,,,,,,,,,,,,,,,,,,,,,,,,,,,,,,,,,,,,,,,,,,,,,,,,,,,,,,,,,,,,,,,,,,,,,,,,,,,,,,,,,,,,,,,,,,,,,,,,,,,,,,,,,,,,,,,,,,,,,,,,,,,,,,,,,,,,,,,,,,,,,,,,,,,,,,,,,,,,,,,,,,,,,,,,,,,,,,,,,,,,,,,,,,,,,,,,,,,,,,,,,,,,,,,,,,,,,,,,,,,,,,,,,,,,,,,,,,,,,,,,,,,,,,,,,,,,,,,,,,,
KEGG_SELENOCOMPOUND_METABOLISM,CTH,INMT,MARS1,MARS2,PAPSS1,TXNRD3,KYAT3,SEPHS1,SEPHS2,KYAT1,SEPSECS,TXNRD2,SCLY,MTR,PAPSS2,TXNRD1,PSTK,,,,,,,,,,,,,,,,,,,,,,,,,,,,,,,,,,,,,,,,,,,,,,,,,,,,,,,,,,,,,,,,,,,,,,,,,,,,,,,,,,,,,,,,,,,,,,,,,,,,,,,,,,,,,,,,,,,,,,,,,,,,,,,,,,,,,,,,,,,,,,,,,,,,,,,,,,,,,,,,,,,,,,,,,,,,,,,,,,,,,,,,,,,,,,,,,,,,,,,,,,,,,,,,,,,,,,,,,,,,,,,,,,,,,,,,,,,,,,,,,,,,,,,,,,,,,,,,,,,,,,,,,,,,,,,,,,,,,,,,,,,,,,,,,,,,,,,,,,,,,,,,,,,,,,,,,,,,,,,,,,,,,,,,,,,,,,,,,,,,,,,,,,,,,,,,,,,,,,,,,,,,,,,,,,,,,,,,,,,,,,,,,,,,,,,,,,,,,,,,,,,,,,,,,,,,,,,,,,,,,,,,,,,,,,
KEGG_D-AMINO_ACID_METABOLISM,DGLUCY,GLS,DAO,SRR,GLS2,DDO,,,,,,,,,,,,,,,,,,,,,,,,,,,,,,,,,,,,,,,,,,,,,,,,,,,,,,,,,,,,,,,,,,,,,,,,,,,,,,,,,,,,,,,,,,,,,,,,,,,,,,,,,,,,,,,,,,,,,,,,,,,,,,,,,,,,,,,,,,,,,,,,,,,,,,,,,,,,,,,,,,,,,,,,,,,,,,,,,,,,,,,,,,,,,,,,,,,,,,,,,,,,,,,,,,,,,,,,,,,,,,,,,,,,,,,,,,,,,,,,,,,,,,,,,,,,,,,,,,,,,,,,,,,,,,,,,,,,,,,,,,,,,,,,,,,,,,,,,,,,,,,,,,,,,,,,,,,,,,,,,,,,,,,,,,,,,,,,,,,,,,,,,,,,,,,,,,,,,,,,,,,,,,,,,,,,,,,,,,,,,,,,,,,,,,,,,,,,,,,,,,,,,,,,,,,,,,,,,,,,,,,,,,,,,,,,,,,,,,,,,
KEGG_GLUTATHIONE_METABOLISM,RRM2B,ANPEP,GPX6,GPX4,GSTA2,GSTO1,PGD,IDH1,SMS,RRM1,GSTP1,MGST3,CHAC1,GGT2,GSTO2,GCLM,TXNDC12,GPX7,GSR,ODC1,GPX3,GSS,GSTK1,GSTM3,GCLC,GSTA4,G6PD,LANCL1,LAP3,MGST1,NAT8,OPLAH,GSTT4,GSTA3,MGST2,SRM,GPX2,RRM2,GSTT2B,GSTM2,GSTA5,GSTA1,GGCT,CHAC2,GGT6,GSTM1,GSTT1,IDH2,PRDX6,GPX5,GPX8,GSTM5,GSTT2,GGT7,GGT1,HPGDS,GSTM4,GPX1,GGT5,,,,,,,,,,,,,,,,,,,,,,,,,,,,,,,,,,,,,,,,,,,,,,,,,,,,,,,,,,,,,,,,,,,,,,,,,,,,,,,,,,,,,,,,,,,,,,,,,,,,,,,,,,,,,,,,,,,,,,,,,,,,,,,,,,,,,,,,,,,,,,,,,,,,,,,,,,,,,,,,,,,,,,,,,,,,,,,,,,,,,,,,,,,,,,,,,,,,,,,,,,,,,,,,,,,,,,,,,,,,,,,,,,,,,,,,,,,,,,,,,,,,,,,,,,,,,,,,,,,,,,,,,,,,,,,,,,,,,,,,,,,,,,,,,,,,,,,,,,,,,,,,,,,,,,,,,,,,,,,,,,,,,,,,,,,,,,,,,,,,,,,,,,,,,,,,,,,,,,,,,,,,,,,,,,,,,,,,,,,,,,,,,,,,
KEGG_AMINO_SUGAR_AND_NUCLEOTIDE_SUGAR_METABOLISM,MPI,GALK2,GNPDA2,PMM2,HEXB,GMPPA,NAGK,UXS1,GALK1,AMDHD2,GFPT1,PGM3,GMPPB,UAP1,RENBP,HK3,PGM1,GNPDA1,GNPNAT1,FPGT,FCSK,CHIA,HEXA,GCK,UAP1L1,GALT,CHIT1,PGM2,HKDC1,GPI,HK1,HK2,GFPT2,GNE,GALE,PMM1,UGDH,UGP2,,,,,,,,,,,,,,,,,,,,,,,,,,,,,,,,,,,,,,,,,,,,,,,,,,,,,,,,,,,,,,,,,,,,,,,,,,,,,,,,,,,,,,,,,,,,,,,,,,,,,,,,,,,,,,,,,,,,,,,,,,,,,,,,,,,,,,,,,,,,,,,,,,,,,,,,,,,,,,,,,,,,,,,,,,,,,,,,,,,,,,,,,,,,,,,,,,,,,,,,,,,,,,,,,,,,,,,,,,,,,,,,,,,,,,,,,,,,,,,,,,,,,,,,,,,,,,,,,,,,,,,,,,,,,,,,,,,,,,,,,,,,,,,,,,,,,,,,,,,,,,,,,,,,,,,,,,,,,,,,,,,,,,,,,,,,,,,,,,,,,,,,,,,,,,,,,,,,,,,,,,,,,,,,,,,,,,,,,,,,,,,,,,,,,,,,,,,,,,,,,,,,,,,,,
KEGG_BIOSYNTHESIS_OF_VARIOUS_NUCLEOTIDE_SUGARS,CYB5R1,NPL,NANP,TGDS,CMAS,GFUS,GMDS,NANS,GNE,CYB5R2,CYB5R3,CYB5RL,RIPPLY2-CYB5R4,CYB5R4,UGDH,UGP2,,,,,,,,,,,,,,,,,,,,,,,,,,,,,,,,,,,,,,,,,,,,,,,,,,,,,,,,,,,,,,,,,,,,,,,,,,,,,,,,,,,,,,,,,,,,,,,,,,,,,,,,,,,,,,,,,,,,,,,,,,,,,,,,,,,,,,,,,,,,,,,,,,,,,,,,,,,,,,,,,,,,,,,,,,,,,,,,,,,,,,,,,,,,,,,,,,,,,,,,,,,,,,,,,,,,,,,,,,,,,,,,,,,,,,,,,,,,,,,,,,,,,,,,,,,,,,,,,,,,,,,,,,,,,,,,,,,,,,,,,,,,,,,,,,,,,,,,,,,,,,,,,,,,,,,,,,,,,,,,,,,,,,,,,,,,,,,,,,,,,,,,,,,,,,,,,,,,,,,,,,,,,,,,,,,,,,,,,,,,,,,,,,,,,,,,,,,,,,,,,,,,,,,,,,,,,,,,,,,,,,,,,,,,,,,
KEGG_N-GLYCAN_BIOSYNTHESIS,B4GALT2,FUT8,GANAB,DPM1,ALG2,TMEM258,ALG11,DOLK,DPM3,ALG8,ALG5,DHRSX,MAN2A1,MGAT5B,ALG9,MGAT4D,MAN1B1,MOGS,ALG12,ALG1,STT3A,RPN1,MGAT4A,B4GALT1,STT3B,ST6GAL1,DAD1,B4GALT3,MAN2A2,TUSC3,ALG3,SRD5A3,MGAT1,ALG10B,DPM2,MAGT1,MGAT3,ALG14,MAN1C1,MGAT2,OSTC,MGAT4B,ALG10,RPN2,ALG6,ALG13,MGAT4C,MAN1A2,DDOST,DOLPP1,MGAT5,MAN1A1,ST6GAL2,DPAGT1,,,,,,,,,,,,,,,,,,,,,,,,,,,,,,,,,,,,,,,,,,,,,,,,,,,,,,,,,,,,,,,,,,,,,,,,,,,,,,,,,,,,,,,,,,,,,,,,,,,,,,,,,,,,,,,,,,,,,,,,,,,,,,,,,,,,,,,,,,,,,,,,,,,,,,,,,,,,,,,,,,,,,,,,,,,,,,,,,,,,,,,,,,,,,,,,,,,,,,,,,,,,,,,,,,,,,,,,,,,,,,,,,,,,,,,,,,,,,,,,,,,,,,,,,,,,,,,,,,,,,,,,,,,,,,,,,,,,,,,,,,,,,,,,,,,,,,,,,,,,,,,,,,,,,,,,,,,,,,,,,,,,,,,,,,,,,,,,,,,,,,,,,,,,,,,,,,,,,,,,,,,,,,,,,,,,,,,,,,,,,,,,,,,,,,,,,
KEGG_VARIOUS_TYPES_OF_N-GLYCAN_BIOSYNTHESIS,B4GALT2,FUT8,MAN2A2,MGAT2,B4GALNT3,HEXA,MAN1B1,B4GALNT4,MAN2A1,HEXB,MGAT1,HEXD,B4GALT1,MAN1A2,CHST8,CHST9,ST3GAL3,MAN1A1,B4GALT3,MAN1C1,,,,,,,,,,,,,,,,,,,,,,,,,,,,,,,,,,,,,,,,,,,,,,,,,,,,,,,,,,,,,,,,,,,,,,,,,,,,,,,,,,,,,,,,,,,,,,,,,,,,,,,,,,,,,,,,,,,,,,,,,,,,,,,,,,,,,,,,,,,,,,,,,,,,,,,,,,,,,,,,,,,,,,,,,,,,,,,,,,,,,,,,,,,,,,,,,,,,,,,,,,,,,,,,,,,,,,,,,,,,,,,,,,,,,,,,,,,,,,,,,,,,,,,,,,,,,,,,,,,,,,,,,,,,,,,,,,,,,,,,,,,,,,,,,,,,,,,,,,,,,,,,,,,,,,,,,,,,,,,,,,,,,,,,,,,,,,,,,,,,,,,,,,,,,,,,,,,,,,,,,,,,,,,,,,,,,,,,,,,,,,,,,,,,,,,,,,,,,,,,,,,,,,,,,,,,,,,,,,,,,,,,,,,
KEGG_MUCIN_TYPE_O-GLYCAN_BIOSYNTHESIS,C1GALT1C1L,GALNT3,GALNT16,GALNT15,GALNTL5,ST3GAL2,GALNT1,ST6GALNAC1,GALNT18,GCNT3,GALNT12,B3GNT6,GALNT4,GALNT13,B3GNT3,GALNT11,C1GALT1,GALNT6,GALNT9,GALNT10,GALNT8,GALNT7,GALNT5,C1GALT1C1,ST3GAL1,GCNT1,GALNT2,GALNT14,GALNTL6,POC1B-GALNT4,GALNT17,ST6GALNAC4,ST6GALNAC3,GCNT4,ST6GALNAC2,B4GALT5,,,,,,,,,,,,,,,,,,,,,,,,,,,,,,,,,,,,,,,,,,,,,,,,,,,,,,,,,,,,,,,,,,,,,,,,,,,,,,,,,,,,,,,,,,,,,,,,,,,,,,,,,,,,,,,,,,,,,,,,,,,,,,,,,,,,,,,,,,,,,,,,,,,,,,,,,,,,,,,,,,,,,,,,,,,,,,,,,,,,,,,,,,,,,,,,,,,,,,,,,,,,,,,,,,,,,,,,,,,,,,,,,,,,,,,,,,,,,,,,,,,,,,,,,,,,,,,,,,,,,,,,,,,,,,,,,,,,,,,,,,,,,,,,,,,,,,,,,,,,,,,,,,,,,,,,,,,,,,,,,,,,,,,,,,,,,,,,,,,,,,,,,,,,,,,,,,,,,,,,,,,,,,,,,,,,,,,,,,,,,,,,,,,,,,,,,,,,,,,,,,,,,,,,,,,
KEGG_MANNOSE_TYPE_O-GLYCAN_BIOSYNTHESIS,B4GALT2,POMGNT2,FKTN,B3GALNT2,POMK,ST3GAL3,FUT4,MGAT5B,B4GALT1,B4GAT1,B4GALT3,RXYLT1,POMT2,FUT9,B3GAT2,CHST10,LARGE1,CRPPA,B3GAT1,POMGNT1,FKRP,LARGE2,POMT1,,,,,,,,,,,,,,,,,,,,,,,,,,,,,,,,,,,,,,,,,,,,,,,,,,,,,,,,,,,,,,,,,,,,,,,,,,,,,,,,,,,,,,,,,,,,,,,,,,,,,,,,,,,,,,,,,,,,,,,,,,,,,,,,,,,,,,,,,,,,,,,,,,,,,,,,,,,,,,,,,,,,,,,,,,,,,,,,,,,,,,,,,,,,,,,,,,,,,,,,,,,,,,,,,,,,,,,,,,,,,,,,,,,,,,,,,,,,,,,,,,,,,,,,,,,,,,,,,,,,,,,,,,,,,,,,,,,,,,,,,,,,,,,,,,,,,,,,,,,,,,,,,,,,,,,,,,,,,,,,,,,,,,,,,,,,,,,,,,,,,,,,,,,,,,,,,,,,,,,,,,,,,,,,,,,,,,,,,,,,,,,,,,,,,,,,,,,,,,,,,,,,,,,,,,,,,,,,,,,,,,,,
KEGG_GLYCOSAMINOGLYCAN_BIOSYNTHESIS_-_CHONDROITIN_SULFATE_/_DERMATAN_SULFATE,XYLT1,DSE,CHSY1,CHPF,B3GAT3,B4GALT7,UST,XYLT2,CHST14,DSEL,CSGALNACT2,CHPF2,CHST3,CHSY3,CSGALNACT1,CHST15,CHST11,CHST7,B3GALT6,CHST12,CHST13,,,,,,,,,,,,,,,,,,,,,,,,,,,,,,,,,,,,,,,,,,,,,,,,,,,,,,,,,,,,,,,,,,,,,,,,,,,,,,,,,,,,,,,,,,,,,,,,,,,,,,,,,,,,,,,,,,,,,,,,,,,,,,,,,,,,,,,,,,,,,,,,,,,,,,,,,,,,,,,,,,,,,,,,,,,,,,,,,,,,,,,,,,,,,,,,,,,,,,,,,,,,,,,,,,,,,,,,,,,,,,,,,,,,,,,,,,,,,,,,,,,,,,,,,,,,,,,,,,,,,,,,,,,,,,,,,,,,,,,,,,,,,,,,,,,,,,,,,,,,,,,,,,,,,,,,,,,,,,,,,,,,,,,,,,,,,,,,,,,,,,,,,,,,,,,,,,,,,,,,,,,,,,,,,,,,,,,,,,,,,,,,,,,,,,,,,,,,,,,,,,,,,,,,,,,,,,,,,,,,,,,,,,
KEGG_GLYCOSAMINOGLYCAN_BIOSYNTHESIS_-_HEPARAN_SULFATE_/_HEPARIN,XYLT1,HS6ST1,EXTL2,HS3ST3A1,NDST1,HS3ST2,EXT1,B3GAT3,GLCE,B4GALT7,HS6ST3,XYLT2,EXTL3,HS2ST1,NDST2,EXTL1,NDST3,HS3ST3B1,HS3ST1,EXT2,HS6ST2,B3GALT6,NDST4,HS3ST5,,,,,,,,,,,,,,,,,,,,,,,,,,,,,,,,,,,,,,,,,,,,,,,,,,,,,,,,,,,,,,,,,,,,,,,,,,,,,,,,,,,,,,,,,,,,,,,,,,,,,,,,,,,,,,,,,,,,,,,,,,,,,,,,,,,,,,,,,,,,,,,,,,,,,,,,,,,,,,,,,,,,,,,,,,,,,,,,,,,,,,,,,,,,,,,,,,,,,,,,,,,,,,,,,,,,,,,,,,,,,,,,,,,,,,,,,,,,,,,,,,,,,,,,,,,,,,,,,,,,,,,,,,,,,,,,,,,,,,,,,,,,,,,,,,,,,,,,,,,,,,,,,,,,,,,,,,,,,,,,,,,,,,,,,,,,,,,,,,,,,,,,,,,,,,,,,,,,,,,,,,,,,,,,,,,,,,,,,,,,,,,,,,,,,,,,,,,,,,,,,,,,,,,,,,,,,,,,,,,,,,,
KEGG_GLYCOSAMINOGLYCAN_DEGRADATION,SPAM1,HYAL2,HEXA,HGSNAT,GNS,ARSB,HYAL4,IDUA,HEXB,NAGLU,HYAL3,GUSB,HYAL1,SGSH,HPSE2,GALNS,IDS,HPSE,GLB1,,,,,,,,,,,,,,,,,,,,,,,,,,,,,,,,,,,,,,,,,,,,,,,,,,,,,,,,,,,,,,,,,,,,,,,,,,,,,,,,,,,,,,,,,,,,,,,,,,,,,,,,,,,,,,,,,,,,,,,,,,,,,,,,,,,,,,,,,,,,,,,,,,,,,,,,,,,,,,,,,,,,,,,,,,,,,,,,,,,,,,,,,,,,,,,,,,,,,,,,,,,,,,,,,,,,,,,,,,,,,,,,,,,,,,,,,,,,,,,,,,,,,,,,,,,,,,,,,,,,,,,,,,,,,,,,,,,,,,,,,,,,,,,,,,,,,,,,,,,,,,,,,,,,,,,,,,,,,,,,,,,,,,,,,,,,,,,,,,,,,,,,,,,,,,,,,,,,,,,,,,,,,,,,,,,,,,,,,,,,,,,,,,,,,,,,,,,,,,,,,,,,,,,,,,,,,,,,,,,,,,,,,,,,
KEGG_GLYCOSYLPHOSPHATIDYLINOSITOL_(GPI)-ANCHOR_BIOSYNTHESIS,GPLD1,PGAP2,PIGO,B3GALT4,PIGG,PIGQ,PIGL,PIGY,PIGK,PIGC,PIGA,MPPE1,PIGH,PGAP4,DPM2,PIGT,GPAA1,PIGM,PIGZ,PIGP,PIGS,PGAP3,PIGF,PIGU,PIGW,PGAP1,PIGX,PIGV,PIGB,PIGN,,,,,,,,,,,,,,,,,,,,,,,,,,,,,,,,,,,,,,,,,,,,,,,,,,,,,,,,,,,,,,,,,,,,,,,,,,,,,,,,,,,,,,,,,,,,,,,,,,,,,,,,,,,,,,,,,,,,,,,,,,,,,,,,,,,,,,,,,,,,,,,,,,,,,,,,,,,,,,,,,,,,,,,,,,,,,,,,,,,,,,,,,,,,,,,,,,,,,,,,,,,,,,,,,,,,,,,,,,,,,,,,,,,,,,,,,,,,,,,,,,,,,,,,,,,,,,,,,,,,,,,,,,,,,,,,,,,,,,,,,,,,,,,,,,,,,,,,,,,,,,,,,,,,,,,,,,,,,,,,,,,,,,,,,,,,,,,,,,,,,,,,,,,,,,,,,,,,,,,,,,,,,,,,,,,,,,,,,,,,,,,,,,,,,,,,,,,,,,,,,,,,,,,,,,,,,,,,,
KEGG_GLYCOSPHINGOLIPID_BIOSYNTHESIS_-_LACTO_AND_NEOLACTO_SERIES,B4GALT2,B4GALNT2,ST3GAL4,ST8SIA1,ST3GAL3,B3GALNT1,FUT5,FUT4,FUT6,B4GALT1,ST3GAL6,B3GNT3,B4GALT3,FUT9,B3GALT5,FUT2,ABO,FUT1,FUT7,B3GNT4,A4GALT,GCNT2,B4GALT4,FUT3,B3GALT1,B3GNT2,B3GNT5,B3GALT2,,,,,,,,,,,,,,,,,,,,,,,,,,,,,,,,,,,,,,,,,,,,,,,,,,,,,,,,,,,,,,,,,,,,,,,,,,,,,,,,,,,,,,,,,,,,,,,,,,,,,,,,,,,,,,,,,,,,,,,,,,,,,,,,,,,,,,,,,,,,,,,,,,,,,,,,,,,,,,,,,,,,,,,,,,,,,,,,,,,,,,,,,,,,,,,,,,,,,,,,,,,,,,,,,,,,,,,,,,,,,,,,,,,,,,,,,,,,,,,,,,,,,,,,,,,,,,,,,,,,,,,,,,,,,,,,,,,,,,,,,,,,,,,,,,,,,,,,,,,,,,,,,,,,,,,,,,,,,,,,,,,,,,,,,,,,,,,,,,,,,,,,,,,,,,,,,,,,,,,,,,,,,,,,,,,,,,,,,,,,,,,,,,,,,,,,,,,,,,,,,,,,,,,,,,,,,,,,,,,
KEGG_GLYCOSPHINGOLIPID_BIOSYNTHESIS_-_GLOBO_AND_ISOGLOBO_SERIES,FUT9,B3GALT5,HEXA,FUT2,HEXB,FUT1,NAGA,ABO,A3GALT2,ST8SIA1,GLA,A4GALT,B3GALNT1,GBGT1,ST3GAL2,ST3GAL1,,,,,,,,,,,,,,,,,,,,,,,,,,,,,,,,,,,,,,,,,,,,,,,,,,,,,,,,,,,,,,,,,,,,,,,,,,,,,,,,,,,,,,,,,,,,,,,,,,,,,,,,,,,,,,,,,,,,,,,,,,,,,,,,,,,,,,,,,,,,,,,,,,,,,,,,,,,,,,,,,,,,,,,,,,,,,,,,,,,,,,,,,,,,,,,,,,,,,,,,,,,,,,,,,,,,,,,,,,,,,,,,,,,,,,,,,,,,,,,,,,,,,,,,,,,,,,,,,,,,,,,,,,,,,,,,,,,,,,,,,,,,,,,,,,,,,,,,,,,,,,,,,,,,,,,,,,,,,,,,,,,,,,,,,,,,,,,,,,,,,,,,,,,,,,,,,,,,,,,,,,,,,,,,,,,,,,,,,,,,,,,,,,,,,,,,,,,,,,,,,,,,,,,,,,,,,,,,,,,,,,,,,,,,,,,
KEGG_GLYCOSPHINGOLIPID_BIOSYNTHESIS_-_GANGLIO_SERIES,ST3GAL5,ST8SIA5,ST6GALNAC5,HEXA,HEXB,B3GALT4,SLC33A1,B4GALNT1,ST6GALNAC4,ST6GALNAC3,ST6GALNAC6,ST8SIA1,GLB1,ST3GAL2,ST3GAL1,,,,,,,,,,,,,,,,,,,,,,,,,,,,,,,,,,,,,,,,,,,,,,,,,,,,,,,,,,,,,,,,,,,,,,,,,,,,,,,,,,,,,,,,,,,,,,,,,,,,,,,,,,,,,,,,,,,,,,,,,,,,,,,,,,,,,,,,,,,,,,,,,,,,,,,,,,,,,,,,,,,,,,,,,,,,,,,,,,,,,,,,,,,,,,,,,,,,,,,,,,,,,,,,,,,,,,,,,,,,,,,,,,,,,,,,,,,,,,,,,,,,,,,,,,,,,,,,,,,,,,,,,,,,,,,,,,,,,,,,,,,,,,,,,,,,,,,,,,,,,,,,,,,,,,,,,,,,,,,,,,,,,,,,,,,,,,,,,,,,,,,,,,,,,,,,,,,,,,,,,,,,,,,,,,,,,,,,,,,,,,,,,,,,,,,,,,,,,,,,,,,,,,,,,,,,,,,,,,,,,,,,,,,,,,,,
KEGG_THIAMINE_METABOLISM,AK1,TPK1,AK8,AK5,ACP1,ALPG,ALPL,AK7,ALPI,ALPP,NTPCR,AK4,AK2,NFS1,THTPA,,,,,,,,,,,,,,,,,,,,,,,,,,,,,,,,,,,,,,,,,,,,,,,,,,,,,,,,,,,,,,,,,,,,,,,,,,,,,,,,,,,,,,,,,,,,,,,,,,,,,,,,,,,,,,,,,,,,,,,,,,,,,,,,,,,,,,,,,,,,,,,,,,,,,,,,,,,,,,,,,,,,,,,,,,,,,,,,,,,,,,,,,,,,,,,,,,,,,,,,,,,,,,,,,,,,,,,,,,,,,,,,,,,,,,,,,,,,,,,,,,,,,,,,,,,,,,,,,,,,,,,,,,,,,,,,,,,,,,,,,,,,,,,,,,,,,,,,,,,,,,,,,,,,,,,,,,,,,,,,,,,,,,,,,,,,,,,,,,,,,,,,,,,,,,,,,,,,,,,,,,,,,,,,,,,,,,,,,,,,,,,,,,,,,,,,,,,,,,,,,,,,,,,,,,,,,,,,,,,,,,,,,,,,,,,,
KEGG_RIBOFLAVIN_METABOLISM,ACP1,ENPP3,ACP2,ENPP1,FLAD1,RFK,ACP5,BLVRB,,,,,,,,,,,,,,,,,,,,,,,,,,,,,,,,,,,,,,,,,,,,,,,,,,,,,,,,,,,,,,,,,,,,,,,,,,,,,,,,,,,,,,,,,,,,,,,,,,,,,,,,,,,,,,,,,,,,,,,,,,,,,,,,,,,,,,,,,,,,,,,,,,,,,,,,,,,,,,,,,,,,,,,,,,,,,,,,,,,,,,,,,,,,,,,,,,,,,,,,,,,,,,,,,,,,,,,,,,,,,,,,,,,,,,,,,,,,,,,,,,,,,,,,,,,,,,,,,,,,,,,,,,,,,,,,,,,,,,,,,,,,,,,,,,,,,,,,,,,,,,,,,,,,,,,,,,,,,,,,,,,,,,,,,,,,,,,,,,,,,,,,,,,,,,,,,,,,,,,,,,,,,,,,,,,,,,,,,,,,,,,,,,,,,,,,,,,,,,,,,,,,,,,,,,,,,,,,,,,,,,,,,,,,,,,,,,,,,,,
KEGG_VITAMIN_B6_METABOLISM,PHOSPHO2,PSAT1,AOX1,PDXK,PNPO,PDXP,,,,,,,,,,,,,,,,,,,,,,,,,,,,,,,,,,,,,,,,,,,,,,,,,,,,,,,,,,,,,,,,,,,,,,,,,,,,,,,,,,,,,,,,,,,,,,,,,,,,,,,,,,,,,,,,,,,,,,,,,,,,,,,,,,,,,,,,,,,,,,,,,,,,,,,,,,,,,,,,,,,,,,,,,,,,,,,,,,,,,,,,,,,,,,,,,,,,,,,,,,,,,,,,,,,,,,,,,,,,,,,,,,,,,,,,,,,,,,,,,,,,,,,,,,,,,,,,,,,,,,,,,,,,,,,,,,,,,,,,,,,,,,,,,,,,,,,,,,,,,,,,,,,,,,,,,,,,,,,,,,,,,,,,,,,,,,,,,,,,,,,,,,,,,,,,,,,,,,,,,,,,,,,,,,,,,,,,,,,,,,,,,,,,,,,,,,,,,,,,,,,,,,,,,,,,,,,,,,,,,,,,,,,,,,,,,,,,,,,,,
KEGG_NICOTINATE_AND_NICOTINAMIDE_METABOLISM,SIRT2,NT5C1A,NADK,ENPP3,SIRT4,NMRK2,NT5C2,BST1,NMNAT1,NT5M,SIRT7,NNT,AOX1,NMNAT2,SIRT6,ENPP1,NAPRT,NMRK1,NAMPT,CD38,NMNAT3,NT5C1B,NT5C1B-RDH14,SIRT5,PNP,NNMT,SIRT3,NADSYN1,NUDT12,ASPDH,SARM1,QPRT,NT5E,NUDT13,SIRT1,NT5C,NADK2,NT5DC4,,,,,,,,,,,,,,,,,,,,,,,,,,,,,,,,,,,,,,,,,,,,,,,,,,,,,,,,,,,,,,,,,,,,,,,,,,,,,,,,,,,,,,,,,,,,,,,,,,,,,,,,,,,,,,,,,,,,,,,,,,,,,,,,,,,,,,,,,,,,,,,,,,,,,,,,,,,,,,,,,,,,,,,,,,,,,,,,,,,,,,,,,,,,,,,,,,,,,,,,,,,,,,,,,,,,,,,,,,,,,,,,,,,,,,,,,,,,,,,,,,,,,,,,,,,,,,,,,,,,,,,,,,,,,,,,,,,,,,,,,,,,,,,,,,,,,,,,,,,,,,,,,,,,,,,,,,,,,,,,,,,,,,,,,,,,,,,,,,,,,,,,,,,,,,,,,,,,,,,,,,,,,,,,,,,,,,,,,,,,,,,,,,,,,,,,,,,,,,,,,,,,,,,,,
KEGG_PANTOTHENATE_AND_COA_BIOSYNTHESIS,PANK2,COASY,DPYS,ENPP3,BCAT2,VNN1,ENPP1,BCAT1,PANK1,ALDH2,GADL1,AASDHPPT,CSAD,PPCS,ALDH1B1,VNN2,ALDH3A2,PPCDC,UPB1,DPYD,PANK3,,,,,,,,,,,,,,,,,,,,,,,,,,,,,,,,,,,,,,,,,,,,,,,,,,,,,,,,,,,,,,,,,,,,,,,,,,,,,,,,,,,,,,,,,,,,,,,,,,,,,,,,,,,,,,,,,,,,,,,,,,,,,,,,,,,,,,,,,,,,,,,,,,,,,,,,,,,,,,,,,,,,,,,,,,,,,,,,,,,,,,,,,,,,,,,,,,,,,,,,,,,,,,,,,,,,,,,,,,,,,,,,,,,,,,,,,,,,,,,,,,,,,,,,,,,,,,,,,,,,,,,,,,,,,,,,,,,,,,,,,,,,,,,,,,,,,,,,,,,,,,,,,,,,,,,,,,,,,,,,,,,,,,,,,,,,,,,,,,,,,,,,,,,,,,,,,,,,,,,,,,,,,,,,,,,,,,,,,,,,,,,,,,,,,,,,,,,,,,,,,,,,,,,,,,,,,,,,,,,,,,,,,,
KEGG_BIOTIN_METABOLISM,BTD,OXSM,HLCS,,,,,,,,,,,,,,,,,,,,,,,,,,,,,,,,,,,,,,,,,,,,,,,,,,,,,,,,,,,,,,,,,,,,,,,,,,,,,,,,,,,,,,,,,,,,,,,,,,,,,,,,,,,,,,,,,,,,,,,,,,,,,,,,,,,,,,,,,,,,,,,,,,,,,,,,,,,,,,,,,,,,,,,,,,,,,,,,,,,,,,,,,,,,,,,,,,,,,,,,,,,,,,,,,,,,,,,,,,,,,,,,,,,,,,,,,,,,,,,,,,,,,,,,,,,,,,,,,,,,,,,,,,,,,,,,,,,,,,,,,,,,,,,,,,,,,,,,,,,,,,,,,,,,,,,,,,,,,,,,,,,,,,,,,,,,,,,,,,,,,,,,,,,,,,,,,,,,,,,,,,,,,,,,,,,,,,,,,,,,,,,,,,,,,,,,,,,,,,,,,,,,,,,,,,,,,,,,,,,,,,,,,,,,,,,,,,,,,,,,,,,,
KEGG_LIPOIC_ACID_METABOLISM,AMT,DBT,GCSH,DLD,OGDHL,PDHA1,BCKDHA,PDHB,BCKDHB,ACSM1,GLDC,DHTKD1,OGDH,DLST,LIPT1,PDHA2,LIAS,LIPT2,DLAT,,,,,,,,,,,,,,,,,,,,,,,,,,,,,,,,,,,,,,,,,,,,,,,,,,,,,,,,,,,,,,,,,,,,,,,,,,,,,,,,,,,,,,,,,,,,,,,,,,,,,,,,,,,,,,,,,,,,,,,,,,,,,,,,,,,,,,,,,,,,,,,,,,,,,,,,,,,,,,,,,,,,,,,,,,,,,,,,,,,,,,,,,,,,,,,,,,,,,,,,,,,,,,,,,,,,,,,,,,,,,,,,,,,,,,,,,,,,,,,,,,,,,,,,,,,,,,,,,,,,,,,,,,,,,,,,,,,,,,,,,,,,,,,,,,,,,,,,,,,,,,,,,,,,,,,,,,,,,,,,,,,,,,,,,,,,,,,,,,,,,,,,,,,,,,,,,,,,,,,,,,,,,,,,,,,,,,,,,,,,,,,,,,,,,,,,,,,,,,,,,,,,,,,,,,,,,,,,,,,,,,,,,,,,
KEGG_FOLATE_BIOSYNTHESIS,TH,ALPL,MOCOS,TPH1,GCH1,PCBD2,CBR1,ALPI,ALPP,DHFR2,AKR1B10,FPGS,AKR1B15,AKR1B1,GGH,ALPG,PCBD1,SPR,GPHN,MOCS2,QDPR,TPH2,DHFR,MOCS1,AKR1C3,PTS,AKR1C8,PAH,,,,,,,,,,,,,,,,,,,,,,,,,,,,,,,,,,,,,,,,,,,,,,,,,,,,,,,,,,,,,,,,,,,,,,,,,,,,,,,,,,,,,,,,,,,,,,,,,,,,,,,,,,,,,,,,,,,,,,,,,,,,,,,,,,,,,,,,,,,,,,,,,,,,,,,,,,,,,,,,,,,,,,,,,,,,,,,,,,,,,,,,,,,,,,,,,,,,,,,,,,,,,,,,,,,,,,,,,,,,,,,,,,,,,,,,,,,,,,,,,,,,,,,,,,,,,,,,,,,,,,,,,,,,,,,,,,,,,,,,,,,,,,,,,,,,,,,,,,,,,,,,,,,,,,,,,,,,,,,,,,,,,,,,,,,,,,,,,,,,,,,,,,,,,,,,,,,,,,,,,,,,,,,,,,,,,,,,,,,,,,,,,,,,,,,,,,,,,,,,,,,,,,,,,,,,,,,,,,,
KEGG_ONE_CARBON_POOL_BY_FOLATE,CHDH,MAT1A,AHCYL1,AHCYL2,MTHFR,FTCD,ALDH1L2,CBS,GCSH,MTHFD2L,GART,ATIC,GNMT,DHFR2,MTHFD2,BHMT,AMT,DLD,MTHFS,GLDC,AHCY,SHMT1,BHMT2,SARDH,MTHFD1,MTR,CTH,ALDH1L1,DHFR,MAT2A,MTHFD1L,ST20-MTHFS,MAT2B,TYMS,SHMT2,DMGDH,ALDH7A1,,,,,,,,,,,,,,,,,,,,,,,,,,,,,,,,,,,,,,,,,,,,,,,,,,,,,,,,,,,,,,,,,,,,,,,,,,,,,,,,,,,,,,,,,,,,,,,,,,,,,,,,,,,,,,,,,,,,,,,,,,,,,,,,,,,,,,,,,,,,,,,,,,,,,,,,,,,,,,,,,,,,,,,,,,,,,,,,,,,,,,,,,,,,,,,,,,,,,,,,,,,,,,,,,,,,,,,,,,,,,,,,,,,,,,,,,,,,,,,,,,,,,,,,,,,,,,,,,,,,,,,,,,,,,,,,,,,,,,,,,,,,,,,,,,,,,,,,,,,,,,,,,,,,,,,,,,,,,,,,,,,,,,,,,,,,,,,,,,,,,,,,,,,,,,,,,,,,,,,,,,,,,,,,,,,,,,,,,,,,,,,,,,,,,,,,,,,,,,,,,,,,,,,,,,
KEGG_RETINOL_METABOLISM,UGT1A6,CYP2C9,CYP2B6,HSD17B6,CYP2C18,ADH5,UGT2A1,RDH16,CYP3A4,UGT1A1,ALDH1A3,DHRS3,CYP2A6,CYP2C8,CYP1A1,CYP3A7-CYP3A51P,AOX1,UGT1A3,CYP27C1,UGT2B28,UGT2B11,CYP3A7,BCO1,UGT2B17,UGT1A4,DHRS4,UGT2A2,UGT2B4,SDR16C5,UGT2B15,ADH7,ADH4,CYP26C1,RETSAT,RDH10,ADH1A,RPE65,CYP2S1,CYP2W1,UGT1A7,ALDH1A1,RDH12,RDH13,UGT1A5,CYP3A5,DHRS9,CYP26B1,UGT2A3,PNPLA4,CYP26A1,RDH5,UGT1A8,DGAT1,AWAT2,CYP1A2,UGT2B10,DHRS4L2,UGT1A9,LRAT,CYP2A7,UGT1A10,ADH6,ALDH1A2,RDH11,UGT2B7,ADH1B,ADH1C,RDH8,,,,,,,,,,,,,,,,,,,,,,,,,,,,,,,,,,,,,,,,,,,,,,,,,,,,,,,,,,,,,,,,,,,,,,,,,,,,,,,,,,,,,,,,,,,,,,,,,,,,,,,,,,,,,,,,,,,,,,,,,,,,,,,,,,,,,,,,,,,,,,,,,,,,,,,,,,,,,,,,,,,,,,,,,,,,,,,,,,,,,,,,,,,,,,,,,,,,,,,,,,,,,,,,,,,,,,,,,,,,,,,,,,,,,,,,,,,,,,,,,,,,,,,,,,,,,,,,,,,,,,,,,,,,,,,,,,,,,,,,,,,,,,,,,,,,,,,,,,,,,,,,,,,,,,,,,,,,,,,,,,,,,,,,,,,,,,,,,,,,,,,,,,,,,,,,,,,,,,,,,,,,,,,,,,,,,,,,,,,
KEGG_PORPHYRIN_METABOLISM,ALAD,UGT1A6,ALAS1,FTMT,UGT2A1,CP,EPRS1,UGT1A1,COX10,HEPH,HCCS,HMOX1,UGT1A3,MMAB,UGT2B28,UROD,UGT2B11,UGT2B17,UGT1A4,UGT2A2,UGT2B4,UGT2B15,BLVRA,FECH,UROS,GUSB,HMOX2,UGT1A7,UGT1A5,CPOX,FTH1,UGT2A3,HEPHL1,ALAS2,FXN,COX15,PPOX,UGT1A8,UGT2B10,UGT1A9,UGT1A10,UGT2B7,BLVRB,FTL,HMBS,EARS2,,,,,,,,,,,,,,,,,,,,,,,,,,,,,,,,,,,,,,,,,,,,,,,,,,,,,,,,,,,,,,,,,,,,,,,,,,,,,,,,,,,,,,,,,,,,,,,,,,,,,,,,,,,,,,,,,,,,,,,,,,,,,,,,,,,,,,,,,,,,,,,,,,,,,,,,,,,,,,,,,,,,,,,,,,,,,,,,,,,,,,,,,,,,,,,,,,,,,,,,,,,,,,,,,,,,,,,,,,,,,,,,,,,,,,,,,,,,,,,,,,,,,,,,,,,,,,,,,,,,,,,,,,,,,,,,,,,,,,,,,,,,,,,,,,,,,,,,,,,,,,,,,,,,,,,,,,,,,,,,,,,,,,,,,,,,,,,,,,,,,,,,,,,,,,,,,,,,,,,,,,,,,,,,,,,,,,,,,,,,,,,,,,,,,,,,,,,,,,,,,
KEGG_UBIQUINONE_AND_OTHER_TERPENOID-QUINONE_BIOSYNTHESIS,COQ6,VKORC1,TAT,NQO1,COQ4,COQ2,HPD,COQ3,COQ5,COQ7,VKORC1L1,GGCX,,,,,,,,,,,,,,,,,,,,,,,,,,,,,,,,,,,,,,,,,,,,,,,,,,,,,,,,,,,,,,,,,,,,,,,,,,,,,,,,,,,,,,,,,,,,,,,,,,,,,,,,,,,,,,,,,,,,,,,,,,,,,,,,,,,,,,,,,,,,,,,,,,,,,,,,,,,,,,,,,,,,,,,,,,,,,,,,,,,,,,,,,,,,,,,,,,,,,,,,,,,,,,,,,,,,,,,,,,,,,,,,,,,,,,,,,,,,,,,,,,,,,,,,,,,,,,,,,,,,,,,,,,,,,,,,,,,,,,,,,,,,,,,,,,,,,,,,,,,,,,,,,,,,,,,,,,,,,,,,,,,,,,,,,,,,,,,,,,,,,,,,,,,,,,,,,,,,,,,,,,,,,,,,,,,,,,,,,,,,,,,,,,,,,,,,,,,,,,,,,,,,,,,,,,,,,,,,,,,,,,,,,,,,,,,,,,,
KEGG_TERPENOID_BACKBONE_BIOSYNTHESIS,IDI1,ICMT,FNTA,FDPS,DHDDS,MVK,PDSS1,PDSS2,ZMPSTE24,ACAT1,ACAT2,HMGCS1,FNTB,PMVK,HMGCS2,RCE1,GGPS1,IDI2,CHURC1-FNTB,NUS1,PCYOX1,MVD,HMGCR,,,,,,,,,,,,,,,,,,,,,,,,,,,,,,,,,,,,,,,,,,,,,,,,,,,,,,,,,,,,,,,,,,,,,,,,,,,,,,,,,,,,,,,,,,,,,,,,,,,,,,,,,,,,,,,,,,,,,,,,,,,,,,,,,,,,,,,,,,,,,,,,,,,,,,,,,,,,,,,,,,,,,,,,,,,,,,,,,,,,,,,,,,,,,,,,,,,,,,,,,,,,,,,,,,,,,,,,,,,,,,,,,,,,,,,,,,,,,,,,,,,,,,,,,,,,,,,,,,,,,,,,,,,,,,,,,,,,,,,,,,,,,,,,,,,,,,,,,,,,,,,,,,,,,,,,,,,,,,,,,,,,,,,,,,,,,,,,,,,,,,,,,,,,,,,,,,,,,,,,,,,,,,,,,,,,,,,,,,,,,,,,,,,,,,,,,,,,,,,,,,,,,,,,,,,,,,,,,,,,,,,,
KEGG_CAFFEINE_METABOLISM,XDH,NAT1,CYP1A2,CYP2A7,CYP2A6,NAT2,,,,,,,,,,,,,,,,,,,,,,,,,,,,,,,,,,,,,,,,,,,,,,,,,,,,,,,,,,,,,,,,,,,,,,,,,,,,,,,,,,,,,,,,,,,,,,,,,,,,,,,,,,,,,,,,,,,,,,,,,,,,,,,,,,,,,,,,,,,,,,,,,,,,,,,,,,,,,,,,,,,,,,,,,,,,,,,,,,,,,,,,,,,,,,,,,,,,,,,,,,,,,,,,,,,,,,,,,,,,,,,,,,,,,,,,,,,,,,,,,,,,,,,,,,,,,,,,,,,,,,,,,,,,,,,,,,,,,,,,,,,,,,,,,,,,,,,,,,,,,,,,,,,,,,,,,,,,,,,,,,,,,,,,,,,,,,,,,,,,,,,,,,,,,,,,,,,,,,,,,,,,,,,,,,,,,,,,,,,,,,,,,,,,,,,,,,,,,,,,,,,,,,,,,,,,,,,,,,,,,,,,,,,,,,,,,,,,,,,,,
"KEGG_NEOMYCIN,_KANAMYCIN_AND_GENTAMICIN_BIOSYNTHESIS",HK2,GCK,HK1,HK3,HKDC1,,,,,,,,,,,,,,,,,,,,,,,,,,,,,,,,,,,,,,,,,,,,,,,,,,,,,,,,,,,,,,,,,,,,,,,,,,,,,,,,,,,,,,,,,,,,,,,,,,,,,,,,,,,,,,,,,,,,,,,,,,,,,,,,,,,,,,,,,,,,,,,,,,,,,,,,,,,,,,,,,,,,,,,,,,,,,,,,,,,,,,,,,,,,,,,,,,,,,,,,,,,,,,,,,,,,,,,,,,,,,,,,,,,,,,,,,,,,,,,,,,,,,,,,,,,,,,,,,,,,,,,,,,,,,,,,,,,,,,,,,,,,,,,,,,,,,,,,,,,,,,,,,,,,,,,,,,,,,,,,,,,,,,,,,,,,,,,,,,,,,,,,,,,,,,,,,,,,,,,,,,,,,,,,,,,,,,,,,,,,,,,,,,,,,,,,,,,,,,,,,,,,,,,,,,,,,,,,,,,,,,,,,,,,,,,,,,,,,,,,,,
KEGG_METABOLISM_OF_XENOBIOTICS_BY_CYTOCHROME_P450,UGT1A6,CYP2C9,CYP2B6,DHDH,GSTA2,ALDH3B2,UGT2A1,ADH5,CYP2A13,GSTP1,MGST3,UGT1A1,CYP3A4,GSTO2,CBR3,CYP2A6,CYP1A1,CYP2E1,UGT1A3,GSTK1,GSTM3,UGT2B28,UGT2B11,UGT2B17,GSTA4,CBR1,UGT1A4,UGT2A2,UGT2B4,CYP2F1,UGT2B15,MGST1,ADH4,ADH7,GSTT4,GSTA3,MGST2,ADH1A,AKR7L,AKR1C1,CYP2S1,AKR7A2,UGT1A7,GSTT2B,CYP2D7,UGT1A5,CYP1B1,GSTM2,GSTA5,UGT2A3,ALDH3B1,GSTA1,CYP3A5,AKR7A3,GSTT1,GSTM1,UGT1A8,HSD11B1,GSTM5,CYP2D6,HSD11B1L,GSTT2,UGT2B10,CYP1A2,UGT1A9,HPGDS,GSTM4,UGT1A10,UGT2B7,ALDH3A1,ADH6,GSTO1,SULT2A1,CYP2A7,EPHX1,ADH1B,ADH1C,,,,,,,,,,,,,,,,,,,,,,,,,,,,,,,,,,,,,,,,,,,,,,,,,,,,,,,,,,,,,,,,,,,,,,,,,,,,,,,,,,,,,,,,,,,,,,,,,,,,,,,,,,,,,,,,,,,,,,,,,,,,,,,,,,,,,,,,,,,,,,,,,,,,,,,,,,,,,,,,,,,,,,,,,,,,,,,,,,,,,,,,,,,,,,,,,,,,,,,,,,,,,,,,,,,,,,,,,,,,,,,,,,,,,,,,,,,,,,,,,,,,,,,,,,,,,,,,,,,,,,,,,,,,,,,,,,,,,,,,,,,,,,,,,,,,,,,,,,,,,,,,,,,,,,,,,,,,,,,,,,,,,,,,,,,,,,,,,,,,,,,,,,,,,,,,,,,,,,,,,,,,,,,,,,
KEGG_DRUG_METABOLISM_-_CYTOCHROME_P450,UGT1A6,CYP2C9,CYP2B6,MAOB,GSTA2,ALDH3B2,ADH5,UGT2A1,GSTP1,CYP3A4,MGST3,UGT1A1,GSTO2,CYP2A6,FMO3,MAOA,CYP2C8,CYP2E1,UGT1A3,GSTK1,AOX1,GSTM3,UGT2B28,UGT2B11,UGT2B17,GSTA4,UGT1A4,UGT2A2,UGT2B4,UGT2B15,MGST1,ADH4,ADH7,FMO2,GSTT4,GSTA3,MGST2,ADH1A,UGT1A7,GSTT2B,CYP2D7,UGT1A5,FMO1,GSTM2,ALDH3B1,GSTA5,UGT2A3,GSTA1,CYP3A5,GSTT1,GSTM1,FMO5,UGT1A8,GSTM5,CYP2D6,GSTT2,CYP1A2,UGT2B10,FMO4,HPGDS,UGT1A9,GSTM4,UGT1A10,ADH6,ALDH3A1,UGT2B7,GSTO1,CYP2A7,CYP2C19,ADH1B,ADH1C,,,,,,,,,,,,,,,,,,,,,,,,,,,,,,,,,,,,,,,,,,,,,,,,,,,,,,,,,,,,,,,,,,,,,,,,,,,,,,,,,,,,,,,,,,,,,,,,,,,,,,,,,,,,,,,,,,,,,,,,,,,,,,,,,,,,,,,,,,,,,,,,,,,,,,,,,,,,,,,,,,,,,,,,,,,,,,,,,,,,,,,,,,,,,,,,,,,,,,,,,,,,,,,,,,,,,,,,,,,,,,,,,,,,,,,,,,,,,,,,,,,,,,,,,,,,,,,,,,,,,,,,,,,,,,,,,,,,,,,,,,,,,,,,,,,,,,,,,,,,,,,,,,,,,,,,,,,,,,,,,,,,,,,,,,,,,,,,,,,,,,,,,,,,,,,,,,,,,,,,,,,,,,,,,,,,,,,,
KEGG_DRUG_METABOLISM_-_OTHER_ENZYMES,UGT1A6,UMPS,RRM2B,DPYS,CMPK1,GSTA2,TK2,UGT2A1,CDA,RRM1,GSTO1,GSTP1,UGT1A1,UCK2,CYP3A4,NME6,DUT,MPO,GSTO2,NME1-NME2,TPMT,CYP2A6,ITPA,HPRT1,NME2,MGST3,XDH,CYP2E1,NME1,UGT1A3,GSTM3,UGT2B28,UGT2B11,UGT2B17,GSTA4,UGT1A4,UGT2A2,UGT2B4,UPP1,IMPDH2,UGT2B15,UCKL1,MGST1,NME7,CES2,GSTT4,GSTA3,MGST2,GUSB,RRM2,UGT1A7,GSTT2B,UGT1A5,GSTM2,GSTA5,UGT2A3,NAT2,CES1,GSTA1,UPP2,GSTM1,GSTT1,UPB1,NAT1,DPYD,GMPS,UGT1A8,GSTM5,NME3,NME4,TYMP,UGT2B10,GSTT2,UGT1A9,UCK1,IMPDH1,UGT1A10,TK1,UGT2B7,CYP2A7,GSTM4,,,,,,,,,,,,,,,,,,,,,,,,,,,,,,,,,,,,,,,,,,,,,,,,,,,,,,,,,,,,,,,,,,,,,,,,,,,,,,,,,,,,,,,,,,,,,,,,,,,,,,,,,,,,,,,,,,,,,,,,,,,,,,,,,,,,,,,,,,,,,,,,,,,,,,,,,,,,,,,,,,,,,,,,,,,,,,,,,,,,,,,,,,,,,,,,,,,,,,,,,,,,,,,,,,,,,,,,,,,,,,,,,,,,,,,,,,,,,,,,,,,,,,,,,,,,,,,,,,,,,,,,,,,,,,,,,,,,,,,,,,,,,,,,,,,,,,,,,,,,,,,,,,,,,,,,,,,,,,,,,,,,,,,,,,,,,,,,,,,,,,,,,,,,,,,,,,,,,,,,,,,,,,
KEGG_RNA_POLYMERASE,POLR2M,POLR1E,POLR1C,POLR3H,POLR1G,POLR3E,POLR2J2,POLR3F,POLR1D,POLR2H,POLR3GL,POLR2J,POLR2G,POLR2K,POLR3C,POLR3B,POLR1H,POLR2C,POLR2J3,POLR2I,CRCP,POLR3A,POLR2D,POLR2E,POLR2B,POLR2A,POLR1A,POLR3G,POLR1F,POLR3D,POLR1B,POLR3K,POLR2F,POLR2L,,,,,,,,,,,,,,,,,,,,,,,,,,,,,,,,,,,,,,,,,,,,,,,,,,,,,,,,,,,,,,,,,,,,,,,,,,,,,,,,,,,,,,,,,,,,,,,,,,,,,,,,,,,,,,,,,,,,,,,,,,,,,,,,,,,,,,,,,,,,,,,,,,,,,,,,,,,,,,,,,,,,,,,,,,,,,,,,,,,,,,,,,,,,,,,,,,,,,,,,,,,,,,,,,,,,,,,,,,,,,,,,,,,,,,,,,,,,,,,,,,,,,,,,,,,,,,,,,,,,,,,,,,,,,,,,,,,,,,,,,,,,,,,,,,,,,,,,,,,,,,,,,,,,,,,,,,,,,,,,,,,,,,,,,,,,,,,,,,,,,,,,,,,,,,,,,,,,,,,,,,,,,,,,,,,,,,,,,,,,,,,,,,,,,,,,,,,,,,,,,,,,,,,,,,,,,
KEGG_BASAL_TRANSCRIPTION_FACTORS,TAF9,GTF2H3,TAF1,TAF6L,GTF2I,TAF9B,TAF1L,TAF5,GTF2F2,TAF2,TAF3,CDK7,GTF2A1L,GTF2H4,TAF8,TAF12,CCNH,TAF11,ERCC2,GTF2H2,GTF2B,TAF4,ERCC3,GTF2H2C,TAF15,TAF6,GTF2F1,TAF4B,GTF2E2,TAF5L,GTF2A2,TAF13,TAF10,MNAT1,GTF2A1,TAF7L,TAF7,GTF2H1,GTF2H2C_2,GTF2H5,TBPL2,GTF2E1,TBPL1,TBP,,,,,,,,,,,,,,,,,,,,,,,,,,,,,,,,,,,,,,,,,,,,,,,,,,,,,,,,,,,,,,,,,,,,,,,,,,,,,,,,,,,,,,,,,,,,,,,,,,,,,,,,,,,,,,,,,,,,,,,,,,,,,,,,,,,,,,,,,,,,,,,,,,,,,,,,,,,,,,,,,,,,,,,,,,,,,,,,,,,,,,,,,,,,,,,,,,,,,,,,,,,,,,,,,,,,,,,,,,,,,,,,,,,,,,,,,,,,,,,,,,,,,,,,,,,,,,,,,,,,,,,,,,,,,,,,,,,,,,,,,,,,,,,,,,,,,,,,,,,,,,,,,,,,,,,,,,,,,,,,,,,,,,,,,,,,,,,,,,,,,,,,,,,,,,,,,,,,,,,,,,,,,,,,,,,,,,,,,,,,,,,,,,,,,,,,,,,,,,,,,,,
KEGG_SPLICEOSOME,SMNDC1,NCBP1,CDC5L,DDX5,HSPA1A,SNRPA,SF3B3,RNU5A-1,EIF4A3,RNU1-3,AQR,BCAS2,RNVU1-17,SF3B1,U2AF1L5,RNU1-4,PHF5A,RBM22,PRPF3,RNU5B-1,MAGOHB,HNRNPA3,PLRG1,U2AF2,RNVU1-18,SNRNP200,RP9,DHX8,DDX42,U2AF1L4,RNVU1-8,SRSF3,DDX23,RNU2-1,DDX39B,RNVU1-20,CHERP,ZMAT2,PRPF18,SNW1,RNU4-1,LSM2,HNRNPM,RNU5F-1,RBM17,PRPF8,PPIL1,LSM8,LSM6,TXNL4A,SRSF7,SRSF2,RNU5D-1,RBM25,RNU6-8,DHX16,SRSF10,HSPA6,DHX15,HNRNPA1L3,RNU6-1,SNRPC,PRPF40B,SNRPF,PRPF38A,RNVU1-15,EFTUD2,XAB2,RNVU1-1,SYF2,SNRPD2,ALYREF,SNRNP40,CWC15,HNRNPU,HSPA1L,BUD31,TRA2A,TCERG1,PRPF31,RNVU1-26,SF3A3,PUF60,LSM4,SF3B2,HNRNPC,HSPA8,SF3A2,HSPA1B,CCDC12,SLU7,CTNNBL1,RNVU1-19,SRSF6,SNU13,RNVU1-4,SRSF8,ACIN1,NCBP2L,SNRNP27,RNVU1-30,HNRNPA1,SRSF5,THOC2,U2AF1,RNVU1-27,SNRPB,MAGOH,SRSF4,PRPF6,PQBP1,SRSF1,RNVU1-14,LSM5,SNRPD3,RNVU1-3,FUS,PCBP1,RNVU1-28,RNU1-2,PPIE,SART1,THOC1,RNU6-2,SNRPB2,RNU5E-1,CDC40,CRNKL1,LSM3,SNRPD1,SNRNP70,SF3B4,PRPF38B,USP39,SF3A1,PRPF4,RBMX,SF3B6,HNRNPK,SRSF9,RNU1-1,ISY1-RAB43,RNVU1-6,SF3B5,WBP11,PRPF19,RNVU1-31,NCBP2,RBM8A,ISY1,RNU6-7,SNRPA1,THOC3,HNRNPA1L2,SNRPE,TRA2B,RNVU1-7,PRPF40A,RNU4-2,DHX38,PPIH,RNVU1-2A,DDX46,RNU6-9,SNRPG,LSM7,U2SURP,,,,,,,,,,,,,,,,,,,,,,,,,,,,,,,,,,,,,,,,,,,,,,,,,,,,,,,,,,,,,,,,,,,,,,,,,,,,,,,,,,,,,,,,,,,,,,,,,,,,,,,,,,,,,,,,,,,,,,,,,,,,,,,,,,,,,,,,,,,,,,,,,,,,,,,,,,,,,,,,,,,,,,,,,,,,,,,,,,,,,,,,,,,,,,,,,,,,,,,,,,,,,,,,,,,,,,,,,,,,,,,,,,,,,,,,,,,,,,,,,,,,,,,,,,,,,,,,,,,,,,,,,,,,,,,,,,,,,,,,
KEGG_RIBOSOME,MRPS16,RPL18A,RPL34,RNA18SN2,RPL36A,MRPS15,RPLP2,RNA5-8SN3,MRPL21,RPL32,MRPS7,MRPL2,MRPL34,MRPL35,RPL4,MRPL32,MRPL14,RPL13,RPS21,RNA5S16,RNA5-8SN1,RPL13A,MRPL36,RPL31,RPL35A,RNA45SN4,RPL26L1,MRPL11,MRPS21,RNA5S1,MRPS12,RPL21,MRPL15,RNA28SN2,RPL39,RPSA2,RPS26,RPL3L,RPL36AL,RNA5S11,RPS18,RPS20,RPLP1,RPL6,RNA28SN5,RPL17,MRPL27,RPL22,MRPS14,MRPL22,RPL38,RPL15,RPL3,MRPL1,RPL8,RPL12,MRPS10,RPS5,RNA5S8,MRPL19,MRPS5,MRPL33,RPL36,RNA5S6,FAU,MRPL13,RNA5-8SN4,RPL29,MRPS11,RPS3A,RNA28SN4,RNA5S14,MRPL24,RPL36A-HNRNPH2,RPS4X,RPL11,RPS11,RPS19,RNA18SN5,RPS16,RNA18SN4,MRPL20,RPS15A,RPS14,RNA5S4,MRPL9,RPS6,RPL41,RPL28,RNA5S5,RPL23A,RPS10,RPS10-NUDT3,RPL37,RNA5S7,RNA5S2,RPL26,MRPS18C,RPS24,RPS8,RPL30,RPL22L1,RPL24,RNA5-8SN5,RPSA,RPL5,RNA5S15,RNA5-8SN2,RPS27A,RNA18SN3,RPL23,RPL17-C18orf32,RPL7A,RNA5S9,RPS2,RPS27,RPS3,RSL24D1,RPS4Y2,RPL10A,RPL27,RNA5S3,MRPL10,RPS25,MRPS18A,RNA28SN3,MRPS9,MRPL30,MRPS6,RNA28SN1,RPLP0,RPS13,RNA5S10,RPS27L,RPS28,RPL7,MRPL12,RPL37A,MRPL16,MRPL17,RNA45SN3,RPL35,RPS29,RPL9,RNA5S12,RPS15,UBA52,MRPL4,MRPS17,RPL10,RPS7,RNA18SN1,RPS12,RPL10L,RNA5S17,RPS9,RPL18,RPS23,MRPL18,MRPL3,RPS17,RPS4Y1,RPL19,RPL14,MRPS2,RNA5S13,MRPL28,MRPL23,RPL27A,,,,,,,,,,,,,,,,,,,,,,,,,,,,,,,,,,,,,,,,,,,,,,,,,,,,,,,,,,,,,,,,,,,,,,,,,,,,,,,,,,,,,,,,,,,,,,,,,,,,,,,,,,,,,,,,,,,,,,,,,,,,,,,,,,,,,,,,,,,,,,,,,,,,,,,,,,,,,,,,,,,,,,,,,,,,,,,,,,,,,,,,,,,,,,,,,,,,,,,,,,,,,,,,,,,,,,,,,,,,,,,,,,,,,,,,,,,,,,,,,,,,,,,,,,,,,,,,,,,,,,,,,,,,,,,,,,,,,,
KEGG_AMINOACYL-TRNA_BIOSYNTHESIS,CARS1,FARSA,GATB,HARS1,AARS2,CARS2,KARS1,TARS1,EPRS1,TRNI,WARS2,RARS1,GARS1,AARS1,LARS1,PSTK,QRSL1,TRNW,IARS1,TRNG,RARS2,MARS2,TRNA,LARS2,YARS1,VARS1,TRNY,IARS2,HARS2,TRNE,TRNC,TRNL2,TRNQ,DARS2,QARS1,SARS1,MARS1,VARS2,TRND,TRNS1,MTFMT,FARS2,TARS3,TRNH,SEPSECS,NARS1,SARS2,TRNN,TRNM,NARS2,TRNV,FARSB,WARS1,TRNK,TARS2,GATC,TRNS2,TRNL1,TRNR,TRNP,TRNT,DARS1,YARS2,TRNF,PARS2,EARS2,,,,,,,,,,,,,,,,,,,,,,,,,,,,,,,,,,,,,,,,,,,,,,,,,,,,,,,,,,,,,,,,,,,,,,,,,,,,,,,,,,,,,,,,,,,,,,,,,,,,,,,,,,,,,,,,,,,,,,,,,,,,,,,,,,,,,,,,,,,,,,,,,,,,,,,,,,,,,,,,,,,,,,,,,,,,,,,,,,,,,,,,,,,,,,,,,,,,,,,,,,,,,,,,,,,,,,,,,,,,,,,,,,,,,,,,,,,,,,,,,,,,,,,,,,,,,,,,,,,,,,,,,,,,,,,,,,,,,,,,,,,,,,,,,,,,,,,,,,,,,,,,,,,,,,,,,,,,,,,,,,,,,,,,,,,,,,,,,,,,,,,,,,,,,,,,,,,,,,,,,,,,,,,,,,,,,,,,,,,,,
KEGG_NUCLEOCYTOPLASMIC_TRANSPORT,NCBP1,SRRM1,CASC3,NUP155,EIF4A3,KPNB1,NUP43,POM121,NXF3,AAAS,IPO8,NXF1,NUP50,IPO5,MAGOHB,NXT2,NUP160,EEF1A2,IPO11,DDX19A,NXF2B,NMD3,DDX39B,NUP205,NUP98,KPNA1,KPNA3,SEC13,IPO4,IPO7,NDC1,NUP210L,UBE2I,THOC6,NUP58,POM121C,NUP54,SEH1L,TPR,EEF1A1,PHAX,NUP107,TNPO1,NUP93,XPOT,NXT1,TNPO2,KPNA2,KPNA7,RAN,RANGAP1,ALYREF,NUP133,SNUPN,NUP35,NUP62,IPO9,DDX19B,SUMO2,XPO4,THOC5,UPF2,IPO13,XPO5,UPF1,GLE1,XPO6,ACIN1,NCBP2L,NUP188,THOC2,SAP18,MAGOH,RANBP17,AHCTF1,NUP88,XPO1,SENP2,THOC7,UPF3A,POM121L2,KPNA4,THOC1,PYM1,NUP153,NUP210,NUP85,TMEM33,RANBP2,NUP214,SUMO1,SUMO4,XPO7,NXF2,CSE1L,TNPO3,KPNA5,PNN,SUMO3,NCBP2,RBM8A,KPNA6,THOC3,RNPS1,UPF3B,RAE1,NUP37,NUP42,,,,,,,,,,,,,,,,,,,,,,,,,,,,,,,,,,,,,,,,,,,,,,,,,,,,,,,,,,,,,,,,,,,,,,,,,,,,,,,,,,,,,,,,,,,,,,,,,,,,,,,,,,,,,,,,,,,,,,,,,,,,,,,,,,,,,,,,,,,,,,,,,,,,,,,,,,,,,,,,,,,,,,,,,,,,,,,,,,,,,,,,,,,,,,,,,,,,,,,,,,,,,,,,,,,,,,,,,,,,,,,,,,,,,,,,,,,,,,,,,,,,,,,,,,,,,,,,,,,,,,,,,,,,,,,,,,,,,,,,,,,,,,,,,,,,,,,,,,,,,,,,,,,,,,,,,,,,,,,,,,,,,,,,,,,,,,,,,,,
KEGG_MRNA_SURVEILLANCE_PATHWAY,NCBP1,PABPC4L,SRRM1,PABPC1L,CASC3,PPP2R5C,EIF4A3,CPSF1,MSI2,CSTF1,NXF3,NXF1,PABPN1,SMG7,PPP1CA,MAGOHB,CSTF2,NXT2,SSU72,PABPN1L,PABPC1L2A,DDX19A,NXF2B,DAZAP1,DDX39B,NUDT21,PPP2R5A,MSI1,SSU72L6,FIP1L1,PPP2R2C,PABPC1,PPP1CB,SSU72L1,TARDBP,SSU72L2,SYMPK,PPP2R5B,CPSF3,PPP2R2A,WDR82,WDR33,NXT1,CSTF2T,CLP1,SMG6,GSPT1,ALYREF,CPSF6,PPP2R1B,DDX19B,UPF2,CPSF7,UPF1,GLE1,PABPC5,ACIN1,NCBP2L,PELO,BCL2L2-PABPN1,CSTF3,SSU72L3,PAPOLG,RNMT,SAP18,CPSF4,MAGOH,ETF1,GSPT2,PABPC3,SSU72L4,SSU72L5,SMG1,UPF3A,FUS,PCF11,PYM1,PPP2R1A,PPP2R3A,PPP2CA,PPP2R2D,PPP1CC,PABPC4,HBS1L,RNGTT,CPSF4L,PABPC1L2B,PPP2R3B,NXF2,PNN,PPP2CB,RBM8A,PPP2R5D,PPP2R2B,NCBP2,CPSF2,RNPS1,PAPOLA,UPF3B,SMG5,PPP2R5E,PPP2R3C,PAPOLB,,,,,,,,,,,,,,,,,,,,,,,,,,,,,,,,,,,,,,,,,,,,,,,,,,,,,,,,,,,,,,,,,,,,,,,,,,,,,,,,,,,,,,,,,,,,,,,,,,,,,,,,,,,,,,,,,,,,,,,,,,,,,,,,,,,,,,,,,,,,,,,,,,,,,,,,,,,,,,,,,,,,,,,,,,,,,,,,,,,,,,,,,,,,,,,,,,,,,,,,,,,,,,,,,,,,,,,,,,,,,,,,,,,,,,,,,,,,,,,,,,,,,,,,,,,,,,,,,,,,,,,,,,,,,,,,,,,,,,,,,,,,,,,,,,,,,,,,,,,,,,,,,,,,,,,,,,,,,,,,,,,,,,,,,,,,,,,,,,,,,,,,
KEGG_RIBOSOME_BIOGENESIS_IN_EUKARYOTES,POP7,TCOF1,RNA18SN2,RMRP,RNA5-8SN3,REXO2,NOP56,WDR3,NHP2,NXF3,SBDS,POP4,NXF1,HEATR1,SNORD3E,XRN1,NXT2,RNA5S16,UTP15,MPHOSPH10,RNA5-8SN1,NOB1,UTP4,RNA45SN4,GNL3L,RNA5S1,NXF2B,CSNK2A1,NMD3,RPP40,RNA28SN2,AK6,SNORD3D,RNA5S11,RPP25L,TBL3,RNA28SN5,IMP4,RBM28,AFG2A,SNORD3C,POP1,RNA5S8,FBL,RNA5S6,RNA5-8SN4,DROSHA,NXT1,RNA5S14,RNA28SN4,FBLL1,SNORD3K,RRP7A,PWP2,RPP30,RAN,POP5,RNA18SN5,UTP18,NAT10,RCL1,CSNK2A2,RNA18SN4,NVL,UTP14A,RNA5S4,UTP14C,REXO5,RNA5S5,SNORD3G,NOP10,NOL6,RNA5S7,SNU13,RNA5S2,RIOK2,DKC1,RNA5-8SN5,GAR1,RNA5S15,RNA5-8SN2,EIF6,UTP6,RNA18SN3,CSNK2A3,WDR43,EFL1,XPO1,RNA5S9,RPP25,IMP3,WDR75,RNA5S3,RNA28SN3,SNORD3A,SNORD3B-2,LSG1,RIOK1,MDN1,RNA28SN1,RNA5S10,CSNK2B,RNA45SN3,SNORD3B-1,RNA5S12,GNL3,NXF2,SNORD3J,GTPBP4,GNL2,BMS1,RNA18SN1,REXO1,XRN2,RNA5S17,NOP58,EMG1,SNORD3H,FCF1,WDR36,RNA5S13,RPP38,,,,,,,,,,,,,,,,,,,,,,,,,,,,,,,,,,,,,,,,,,,,,,,,,,,,,,,,,,,,,,,,,,,,,,,,,,,,,,,,,,,,,,,,,,,,,,,,,,,,,,,,,,,,,,,,,,,,,,,,,,,,,,,,,,,,,,,,,,,,,,,,,,,,,,,,,,,,,,,,,,,,,,,,,,,,,,,,,,,,,,,,,,,,,,,,,,,,,,,,,,,,,,,,,,,,,,,,,,,,,,,,,,,,,,,,,,,,,,,,,,,,,,,,,,,,,,,,,,,,,,,,,,,,,,,,,,,,,,,,,,,,,,,,,,,,,,,,,,,,,,,,,,,,,,,,,,,,,,,,,,,,,
KEGG_PROTEIN_EXPORT,SRP72,SRPRB,HSPA5,TMEM208,UBL4A,SRP19,GET1,IMMP1L,SRP14,SGTA,SEC63,SRP9,SRP68,SRP54,SEC11C,SPCS3,GET4,SEC61A1,SEC62,SRPRA,GET3,IMMP2L,SEC61A2,OXA1L,SPCS1,SEC61G,BAG6,SEC11A,SEC61B,UBL4B,SPCS2,,,,,,,,,,,,,,,,,,,,,,,,,,,,,,,,,,,,,,,,,,,,,,,,,,,,,,,,,,,,,,,,,,,,,,,,,,,,,,,,,,,,,,,,,,,,,,,,,,,,,,,,,,,,,,,,,,,,,,,,,,,,,,,,,,,,,,,,,,,,,,,,,,,,,,,,,,,,,,,,,,,,,,,,,,,,,,,,,,,,,,,,,,,,,,,,,,,,,,,,,,,,,,,,,,,,,,,,,,,,,,,,,,,,,,,,,,,,,,,,,,,,,,,,,,,,,,,,,,,,,,,,,,,,,,,,,,,,,,,,,,,,,,,,,,,,,,,,,,,,,,,,,,,,,,,,,,,,,,,,,,,,,,,,,,,,,,,,,,,,,,,,,,,,,,,,,,,,,,,,,,,,,,,,,,,,,,,,,,,,,,,,,,,,,,,,,,,,,,,,,,,,,,,,,,,,,,,,
KEGG_PROTEIN_PROCESSING_IN_ENDOPLASMIC_RETICULUM,AMFR,DNAJC5B,CASP12,HSPA1A,UBXN2A,UBE2D2,NSFL1C,HYOU1,CALR,LMAN1,NFE2L2,UBXN6,SEC24C,UBE2J1,LMAN2,SEC24B,MOGS,HSP90AB1,PRKCSH,SEC31A,OS9,MBTPS2,TXNDC5,UBXN1,UGGT2,MARCHF6,SEC61A1,TUSC3,EIF2AK3,UBQLN1,DNAJB11,SAR1A,SSR4,PRKN,PDIA4,RBX1,MAGT1,MAPK9,DNAJC1,SEL1L2,NPLOC4,RPN2,UBQLN2,SEC13,DNAJB1,DDOST,CAPN1,DERL3,WFS1,FBXO2,SEC24A,SEL1L,LMAN1L,ERO1B,UBE4B,HERPUD1,HSPH1,MAP2K7,STT3A,HSPA6,DAD1,ATF4,MBTPS1,TRAM1L1,PPP1R15A,UBQLN3,ATF6,SEC62,SVIP,BAX,HSP90AA1,NGLY1,YOD1,DNAJC5,UBXN4,MAPK8,SEC61A2,EDEM2,MAN1C1,CUL1,UBE2D4,HSPA1L,FBXO6,MMP24-AS1-EDEM2,SEC24D,HSPA8,HSPA1B,XBP1,HSPBP1,PLAA,DNAJC5G,MAP3K5,BAG1,MAN1B1,ERO1A,RAD23A,DNAJB12,RPN1,SEC31B,SEC63,UBE2G2,SYVN1,UFD1,BAG2,DNAJB2,PREB,PDIA3,DERL1,EDEM3,BCL2,EIF2S1,DNAJC10,SAR1B,UBE2J2,UBE2D3,SEC61G,UGGT1,MAPK10,ERN1,SEC61B,DDIT3,MAN1A2,UBE2D1,SSR2,ATXN3,SSR3,DNAJA1,GANAB,HSPA5,RNF185,TMEM258,DNAJA2,HSP90B1,RAD23B,RRBP1,ATXN3L,STUB1,RNF5,SELENOS,SIL1,CAPN2,SEC23B,TRAF2,STT3B,UBE2G1,UBXN8,UBQLN4,DNAJC3,EDEM1,TRAM1,SSR1,CRYAB,ERLEC1,CANX,BAK1,P4HB,PDIA6,BCAP31,OSTC,HSPA4L,DERL2,SKP1,CRYAA,CKAP4,SEC23A,VCP,MAN1A1,ERP29,ATF6B,,,,,,,,,,,,,,,,,,,,,,,,,,,,,,,,,,,,,,,,,,,,,,,,,,,,,,,,,,,,,,,,,,,,,,,,,,,,,,,,,,,,,,,,,,,,,,,,,,,,,,,,,,,,,,,,,,,,,,,,,,,,,,,,,,,,,,,,,,,,,,,,,,,,,,,,,,,,,,,,,,,,,,,,,,,,,,,,,,,,,,,,,,,,,,,,,,,,,,,,,,,,,,,,,,,,,,,,,,,,,,,,,,,,,,,,,,,,,,,,,,,,,,,,,,,,,,,,,,,,,,,,,,,,,,,,,,,,,,
KEGG_SNARE_INTERACTIONS_IN_VESICULAR_TRANSPORT,VAMP2,STX16,STX1B,STX3,STX6,VAMP7,SNAP23,STX17,VAMP3,STX19,STX1A,YKT6,VTI1B,SNAP29,GOSR1,STX4,VAMP5,STX18,BET1L,SEC22B,STX5,BET1,VAMP4,BNIP1,GOSR2,STX11,STX2,VAMP8,STX8,USE1,VAMP1,VTI1A,STX7,,,,,,,,,,,,,,,,,,,,,,,,,,,,,,,,,,,,,,,,,,,,,,,,,,,,,,,,,,,,,,,,,,,,,,,,,,,,,,,,,,,,,,,,,,,,,,,,,,,,,,,,,,,,,,,,,,,,,,,,,,,,,,,,,,,,,,,,,,,,,,,,,,,,,,,,,,,,,,,,,,,,,,,,,,,,,,,,,,,,,,,,,,,,,,,,,,,,,,,,,,,,,,,,,,,,,,,,,,,,,,,,,,,,,,,,,,,,,,,,,,,,,,,,,,,,,,,,,,,,,,,,,,,,,,,,,,,,,,,,,,,,,,,,,,,,,,,,,,,,,,,,,,,,,,,,,,,,,,,,,,,,,,,,,,,,,,,,,,,,,,,,,,,,,,,,,,,,,,,,,,,,,,,,,,,,,,,,,,,,,,,,,,,,,,,,,,,,,,,,,,,,,,,,,,,,,,
KEGG_UBIQUITIN_MEDIATED_PROTEOLYSIS,UBR5,FZR1,UBE2D2,UBE2Q1,PIAS1,UBE2J1,PIAS4,HERC3,CUL4A,CDC16,RHOBTB1,UBA3,PRKN,COP1,UBE2K,CDC26,RBX1,DDB1,HUWE1,UBE2B,RNF7,BIRC3,TRIP12,NHLRC1,HERC2,FBXO2,UBE2E3,CDC34,UBE2I,UBE4B,ELOB,ANAPC5,UBA6,BIRC7,TRIM32,DDB2,WWP2,UBE2E1,ANAPC1,CUL4B,UBOX5,CUL2,UBE4A,BIRC6,UBE3C,ANAPC10,CUL5,UBE2W,PIAS3,CUL3,PML,CUL1,FANCL,PIAS2,UBE2D4,VHL,MGRN1,DET1,BTRC,TRIM37,ANAPC7,XIAP,UBA7,MAP3K1,KLHL13,UBE2L6,PPIL2,NEDD4,BRCA1,CBLB,UBE2Z,UBE2G2,UBC,SYVN1,ERCC8,SMURF2,UBA2,UBE3B,ITCH,AIRE,UBE2Q2,UBE2H,UBA1,HERC4,UBE2R2,RPS27A,FBXO4,WWP1,ANAPC2,SOCS1,BIRC2,ANAPC11,UBE2D3,SOCS3,UBE2J2,NEDD4L,ANAPC15,ANAPC13,KEAP1,UBE2D1,ANAPC16,UBE2O,UBE2A,UBE2F,CBL,TRAF6,SKP2,CDC20,UBE2M,UBE2E2,UBE3A,CUL7,HERC1,UBE2S,STUB1,RCHY1,UBB,RHOBTB2,MDM2,FBXW7,UBE2NL,UBA52,UBE2C,FBXW8,UBE2G1,UBE2L3,PRPF19,CBLC,SAE1,ANAPC4,UBE2U,FBXW11,KLHL9,MID1,SMURF1,UBE2N,ELOC,CDC23,SKP1,CDC27,SIAH1,UBE2QL1,,,,,,,,,,,,,,,,,,,,,,,,,,,,,,,,,,,,,,,,,,,,,,,,,,,,,,,,,,,,,,,,,,,,,,,,,,,,,,,,,,,,,,,,,,,,,,,,,,,,,,,,,,,,,,,,,,,,,,,,,,,,,,,,,,,,,,,,,,,,,,,,,,,,,,,,,,,,,,,,,,,,,,,,,,,,,,,,,,,,,,,,,,,,,,,,,,,,,,,,,,,,,,,,,,,,,,,,,,,,,,,,,,,,,,,,,,,,,,,,,,,,,,,,,,,,,,,,,,,,,,,,,,,,,,,,,,,,,,,,,,,,,,,,,,,,,,,,,,,,,,,,,
KEGG_SULFUR_RELAY_SYSTEM,MOCS3,CTU1,MPST,URM1,CTU2,TST,MOCS2,NFS1,,,,,,,,,,,,,,,,,,,,,,,,,,,,,,,,,,,,,,,,,,,,,,,,,,,,,,,,,,,,,,,,,,,,,,,,,,,,,,,,,,,,,,,,,,,,,,,,,,,,,,,,,,,,,,,,,,,,,,,,,,,,,,,,,,,,,,,,,,,,,,,,,,,,,,,,,,,,,,,,,,,,,,,,,,,,,,,,,,,,,,,,,,,,,,,,,,,,,,,,,,,,,,,,,,,,,,,,,,,,,,,,,,,,,,,,,,,,,,,,,,,,,,,,,,,,,,,,,,,,,,,,,,,,,,,,,,,,,,,,,,,,,,,,,,,,,,,,,,,,,,,,,,,,,,,,,,,,,,,,,,,,,,,,,,,,,,,,,,,,,,,,,,,,,,,,,,,,,,,,,,,,,,,,,,,,,,,,,,,,,,,,,,,,,,,,,,,,,,,,,,,,,,,,,,,,,,,,,,,,,,,,,,,,,,,,,,,,,,,
KEGG_PROTEASOME,PSMC3,PSMD1,PSMA7,PSME1,PSME2,PSMD7,PSMA1,PSMD14,PSMD6,PSMB1,PSMD9,PSMA5,PSMA8,PSMB7,PSMB11,PSMB6,ADRM1,PSMA4,PSMB10,PSMA2,POMP,PSMB4,PSMD11,PSMD2,IFNG,PSMC6,PSMC1,PSMC5,PSME4,PSMB3,PSMA6,PSMA3,PSMB9,PSMB5,PSMB8,PSMD4,SEM1,PSMB2,PSMC4,PSME3,PSMD12,PSMD8,PSMD3,PSMC2,PSMF1,PSMD13,,,,,,,,,,,,,,,,,,,,,,,,,,,,,,,,,,,,,,,,,,,,,,,,,,,,,,,,,,,,,,,,,,,,,,,,,,,,,,,,,,,,,,,,,,,,,,,,,,,,,,,,,,,,,,,,,,,,,,,,,,,,,,,,,,,,,,,,,,,,,,,,,,,,,,,,,,,,,,,,,,,,,,,,,,,,,,,,,,,,,,,,,,,,,,,,,,,,,,,,,,,,,,,,,,,,,,,,,,,,,,,,,,,,,,,,,,,,,,,,,,,,,,,,,,,,,,,,,,,,,,,,,,,,,,,,,,,,,,,,,,,,,,,,,,,,,,,,,,,,,,,,,,,,,,,,,,,,,,,,,,,,,,,,,,,,,,,,,,,,,,,,,,,,,,,,,,,,,,,,,,,,,,,,,,,,,,,,,,,,,,,,,,,,,,,,,,,,,,,,,
KEGG_RNA_DEGRADATION,EDC3,ENO3,DIS3,PABPC4L,MTREX,LSM4,PATL1,C1D,PABPC1L,EXOSC2,EXOSC7,PABPC1,CNOT6,DCP1A,HSPA9,BTG1,LSM3,MPHOSPH6,LSM6,LSM2,SKIC3,LSM8,PABPC4,PFKP,SKIC8,DCPS,CNOT9,EXOSC6,CNOT7,EXOSC3,CNOT2,CNOT4,DCP2,PABPC1L2B,CNOT1,DHX36,PAN3,DIS3L,TENT4B,TOB2,PARN,XRN1,PNLDC1,DCP1B,PABPC5,EXOSC5,EDC4,XRN2,PABPC1L2A,PFKL,PFKM,EXOSC10,LSM1,BTG4,EXOSC4,CNOT8,CNOT6L,EXOSC1,ZCCHC7,BTG2,EXOSC9,PAN2,EXOSC8,PABPC3,DDX6,LSM5,ENO1,PNPT1,CNOT3,HSPD1,TOB1,TENT4A,SKIC2,LSM7,ENO2,BTG3,NUDT16,CNOT10,,,,,,,,,,,,,,,,,,,,,,,,,,,,,,,,,,,,,,,,,,,,,,,,,,,,,,,,,,,,,,,,,,,,,,,,,,,,,,,,,,,,,,,,,,,,,,,,,,,,,,,,,,,,,,,,,,,,,,,,,,,,,,,,,,,,,,,,,,,,,,,,,,,,,,,,,,,,,,,,,,,,,,,,,,,,,,,,,,,,,,,,,,,,,,,,,,,,,,,,,,,,,,,,,,,,,,,,,,,,,,,,,,,,,,,,,,,,,,,,,,,,,,,,,,,,,,,,,,,,,,,,,,,,,,,,,,,,,,,,,,,,,,,,,,,,,,,,,,,,,,,,,,,,,,,,,,,,,,,,,,,,,,,,,,,,,,,,,,,,,,,,,,,,,,,,,,,,,,,,,,,,,,,,,
KEGG_DNA_REPLICATION,RFC3,DNA2,RFC2,POLD1,POLE2,RFC4,POLE3,MCM7,MCM6,LIG1,MCM2,MCM5,MCM3,FEN1,RFC1,POLE,SSBP1,PRIM1,RNASEH1,PCNA,RPA1,RNASEH2A,MCM4,RPA2,POLA2,RPA4,PRIM2,RNASEH2B,RPA3,POLD3,POLE4,RNASEH2C,RFC5,POLA1,POLD2,POLD4,,,,,,,,,,,,,,,,,,,,,,,,,,,,,,,,,,,,,,,,,,,,,,,,,,,,,,,,,,,,,,,,,,,,,,,,,,,,,,,,,,,,,,,,,,,,,,,,,,,,,,,,,,,,,,,,,,,,,,,,,,,,,,,,,,,,,,,,,,,,,,,,,,,,,,,,,,,,,,,,,,,,,,,,,,,,,,,,,,,,,,,,,,,,,,,,,,,,,,,,,,,,,,,,,,,,,,,,,,,,,,,,,,,,,,,,,,,,,,,,,,,,,,,,,,,,,,,,,,,,,,,,,,,,,,,,,,,,,,,,,,,,,,,,,,,,,,,,,,,,,,,,,,,,,,,,,,,,,,,,,,,,,,,,,,,,,,,,,,,,,,,,,,,,,,,,,,,,,,,,,,,,,,,,,,,,,,,,,,,,,,,,,,,,,,,,,,,,,,,,,,,,,,,,,,,
KEGG_BASE_EXCISION_REPAIR,RFC3,RFC2,POLD1,POLE2,RFC4,POLE3,POLG2,LIG1,NEIL3,FEN1,RFC1,POLE,POLB,PCNA,HMGB1,MPG,PNKP,TDG,MUTYH,NTHL1,PARP4,SMUG1,NEIL2,APTX,ADPRS,POLG,XRCC1,PARP2,LIG3,APEX1,PARG,TDP1,POLE4,POLD3,POLD2,MBD4,NEIL1,PARP3,RFC5,PARP1,UNG,POLD4,POLL,OGG1,,,,,,,,,,,,,,,,,,,,,,,,,,,,,,,,,,,,,,,,,,,,,,,,,,,,,,,,,,,,,,,,,,,,,,,,,,,,,,,,,,,,,,,,,,,,,,,,,,,,,,,,,,,,,,,,,,,,,,,,,,,,,,,,,,,,,,,,,,,,,,,,,,,,,,,,,,,,,,,,,,,,,,,,,,,,,,,,,,,,,,,,,,,,,,,,,,,,,,,,,,,,,,,,,,,,,,,,,,,,,,,,,,,,,,,,,,,,,,,,,,,,,,,,,,,,,,,,,,,,,,,,,,,,,,,,,,,,,,,,,,,,,,,,,,,,,,,,,,,,,,,,,,,,,,,,,,,,,,,,,,,,,,,,,,,,,,,,,,,,,,,,,,,,,,,,,,,,,,,,,,,,,,,,,,,,,,,,,,,,,,,,,,,,,,,,,,,,,,,,,,,
KEGG_NUCLEOTIDE_EXCISION_REPAIR,RFC3,RFC2,POLD1,POLE2,RFC4,POLR2M,GTF2H3,POLE3,LIG1,UVSSA,ERCC5,POLR2J2,RFC1,RAD23B,POLE,DDB2,POLR2H,RAD23A,POLR2J,CDK7,CUL4A,CETN2,GTF2H4,CUL4B,CCNH,PCNA,POLR2G,RPA1,BIVM-ERCC5,XPC,RPA2,ERCC2,GTF2H2,POLR2K,ERCC8,ERCC1,ERCC3,POLR2C,GTF2H2C,POLR2J3,ERCC4,POLR2I,RPA4,RBX1,DDB1,POLR2D,ERCC6,POLR2E,MNAT1,RPA3,POLR2A,POLR2B,POLE4,POLD3,GTF2H1,GTF2H5,GTF2H2C_2,RFC5,POLD2,XPA,POLD4,POLR2F,POLR2L,,,,,,,,,,,,,,,,,,,,,,,,,,,,,,,,,,,,,,,,,,,,,,,,,,,,,,,,,,,,,,,,,,,,,,,,,,,,,,,,,,,,,,,,,,,,,,,,,,,,,,,,,,,,,,,,,,,,,,,,,,,,,,,,,,,,,,,,,,,,,,,,,,,,,,,,,,,,,,,,,,,,,,,,,,,,,,,,,,,,,,,,,,,,,,,,,,,,,,,,,,,,,,,,,,,,,,,,,,,,,,,,,,,,,,,,,,,,,,,,,,,,,,,,,,,,,,,,,,,,,,,,,,,,,,,,,,,,,,,,,,,,,,,,,,,,,,,,,,,,,,,,,,,,,,,,,,,,,,,,,,,,,,,,,,,,,,,,,,,,,,,,,,,,,,,,,,,,,,,,,,,,,,,,,,,,,,,,,,,,,,,,
KEGG_MISMATCH_REPAIR,RFC3,RFC2,POLD1,RFC4,LIG1,MLH3,RFC1,PMS2,MLH1,MSH2,SSBP1,PCNA,RPA1,EXO1,RPA2,RPA4,MSH3,MSH6,RPA3,POLD3,POLD2,RFC5,POLD4,,,,,,,,,,,,,,,,,,,,,,,,,,,,,,,,,,,,,,,,,,,,,,,,,,,,,,,,,,,,,,,,,,,,,,,,,,,,,,,,,,,,,,,,,,,,,,,,,,,,,,,,,,,,,,,,,,,,,,,,,,,,,,,,,,,,,,,,,,,,,,,,,,,,,,,,,,,,,,,,,,,,,,,,,,,,,,,,,,,,,,,,,,,,,,,,,,,,,,,,,,,,,,,,,,,,,,,,,,,,,,,,,,,,,,,,,,,,,,,,,,,,,,,,,,,,,,,,,,,,,,,,,,,,,,,,,,,,,,,,,,,,,,,,,,,,,,,,,,,,,,,,,,,,,,,,,,,,,,,,,,,,,,,,,,,,,,,,,,,,,,,,,,,,,,,,,,,,,,,,,,,,,,,,,,,,,,,,,,,,,,,,,,,,,,,,,,,,,,,,,,,,,,,,,,,,,,,,,,,,,,,,
KEGG_HOMOLOGOUS_RECOMBINATION,POLD1,BLM,BRCA2,RAD52,ABRAXAS1,EME1,ATM,RAD51,UIMC1,RAD51D,SYCP3,BRCC3,SSBP1,XRCC3,MUS81,BRCA1,RAD51B,BARD1,RPA1,NBN,RPA2,RAD54B,BABAM1,RBBP8,PALB2,TOP3A,RPA4,TOP3B,BRIP1,SEM1,BABAM2,RPA3,TOPBP1,MRE11,POLD3,POLD2,RAD50,POLD4,RAD51C,RAD54L,XRCC2,,,,,,,,,,,,,,,,,,,,,,,,,,,,,,,,,,,,,,,,,,,,,,,,,,,,,,,,,,,,,,,,,,,,,,,,,,,,,,,,,,,,,,,,,,,,,,,,,,,,,,,,,,,,,,,,,,,,,,,,,,,,,,,,,,,,,,,,,,,,,,,,,,,,,,,,,,,,,,,,,,,,,,,,,,,,,,,,,,,,,,,,,,,,,,,,,,,,,,,,,,,,,,,,,,,,,,,,,,,,,,,,,,,,,,,,,,,,,,,,,,,,,,,,,,,,,,,,,,,,,,,,,,,,,,,,,,,,,,,,,,,,,,,,,,,,,,,,,,,,,,,,,,,,,,,,,,,,,,,,,,,,,,,,,,,,,,,,,,,,,,,,,,,,,,,,,,,,,,,,,,,,,,,,,,,,,,,,,,,,,,,,,,,,,,,,,,,,,,,,,,,,,,
KEGG_NON-HOMOLOGOUS_END-JOINING,XRCC4,XRCC5,LIG4,PRKDC,MRE11,NHEJ1,RAD50,FEN1,DNTT,XRCC6,POLL,DCLRE1C,POLM,,,,,,,,,,,,,,,,,,,,,,,,,,,,,,,,,,,,,,,,,,,,,,,,,,,,,,,,,,,,,,,,,,,,,,,,,,,,,,,,,,,,,,,,,,,,,,,,,,,,,,,,,,,,,,,,,,,,,,,,,,,,,,,,,,,,,,,,,,,,,,,,,,,,,,,,,,,,,,,,,,,,,,,,,,,,,,,,,,,,,,,,,,,,,,,,,,,,,,,,,,,,,,,,,,,,,,,,,,,,,,,,,,,,,,,,,,,,,,,,,,,,,,,,,,,,,,,,,,,,,,,,,,,,,,,,,,,,,,,,,,,,,,,,,,,,,,,,,,,,,,,,,,,,,,,,,,,,,,,,,,,,,,,,,,,,,,,,,,,,,,,,,,,,,,,,,,,,,,,,,,,,,,,,,,,,,,,,,,,,,,,,,,,,,,,,,,,,,,,,,,,,,,,,,,,,,,,,,,,,,,,,,,,,,,,,,,
KEGG_FANCONI_ANEMIA_PATHWAY,FANCI,BLM,SLX1A,HES1,BRCA2,FAN1,FANCF,CENPS-CORT,EME1,RAD51,FAAP24,POLH,PMS2,MLH1,MUS81,SLX4,BRCA1,RMI2,UBE2T,RPA1,CENPS,REV3L,ATRIP,FANCE,RPA2,SLX1B,FANCD2,POLK,WDR48,ERCC1,PALB2,TOP3A,ERCC4,FANCA,USP1,ATR,RPA4,TOP3B,FAAP100,TELO2,BRIP1,FANCB,POLI,FANCL,RPA3,CENPX,FANCM,REV1,POLN,FANCC,RAD51C,RMI1,EME2,FANCG,,,,,,,,,,,,,,,,,,,,,,,,,,,,,,,,,,,,,,,,,,,,,,,,,,,,,,,,,,,,,,,,,,,,,,,,,,,,,,,,,,,,,,,,,,,,,,,,,,,,,,,,,,,,,,,,,,,,,,,,,,,,,,,,,,,,,,,,,,,,,,,,,,,,,,,,,,,,,,,,,,,,,,,,,,,,,,,,,,,,,,,,,,,,,,,,,,,,,,,,,,,,,,,,,,,,,,,,,,,,,,,,,,,,,,,,,,,,,,,,,,,,,,,,,,,,,,,,,,,,,,,,,,,,,,,,,,,,,,,,,,,,,,,,,,,,,,,,,,,,,,,,,,,,,,,,,,,,,,,,,,,,,,,,,,,,,,,,,,,,,,,,,,,,,,,,,,,,,,,,,,,,,,,,,,,,,,,,,,,,,,,,,,,,,,,,,
KEGG_ATP-DEPENDENT_CHROMATIN_REMODELING,BPTF,BAZ1B,SMARCD1,MBD2,GATAD2B,H2AC7,H2AC16,CECR2,BCL7B,H2AC15,INO80B,SRCAP,ZNHIT1,EPC1,MTA1,MORF4L2,GATAD2A,H2AX,TRRAP,PHF10,HDAC2,ACTB,H2AC25,SMARCA4,TFPT,H2AC20,SMARCC1,RBBP7,H2AC4,BCL7C,NFRKB,CHRAC1,DMAP1,H2AC13,MACROH2A1,BRD8,H2AC18,PBRM1,H2AB3,EP400,KAT5,HDAC1,INO80C,PHF6,CDK2AP1,MBD3,ACTR6,MEAF6,BICRAL,H2AC21,SS18,BAZ2A,BRD7,SMARCE1,CHD3,SMARCC2,BAZ2B,CDK2AP2,H2AZ2,ACTR5,YY2,POLE3,RUVBL2,H2AJ,ACTL6B,ARID1A,INO80E,YEATS4,H2AB1,MTA2,H2AC14,SMARCD3,INO80D,H2AC6,H2AB2,ING3,H2AC1,YY1,DPF3,MRGBP,ACTR8,H2AC17,SMARCB1,RBBP4,C17orf49,DPF2,CHD4,SMARCA5,MCRS1,SS18L1,MACROH2A2,MTA3,H2AL3,MORF4L1,RUVBL1,SMARCA2,H2AC8,H2AC11,BAZ1A,ACTG1,ACTL6A,DPF1,SMARCA1,INO80,EPC2,H2AC19,H2AZ1,BCL7A,RSF1,ARID1B,BICRA,H2AC12,BRD9,ARID2,SMARCD2,VPS72,UCHL5,,,,,,,,,,,,,,,,,,,,,,,,,,,,,,,,,,,,,,,,,,,,,,,,,,,,,,,,,,,,,,,,,,,,,,,,,,,,,,,,,,,,,,,,,,,,,,,,,,,,,,,,,,,,,,,,,,,,,,,,,,,,,,,,,,,,,,,,,,,,,,,,,,,,,,,,,,,,,,,,,,,,,,,,,,,,,,,,,,,,,,,,,,,,,,,,,,,,,,,,,,,,,,,,,,,,,,,,,,,,,,,,,,,,,,,,,,,,,,,,,,,,,,,,,,,,,,,,,,,,,,,,,,,,,,,,,,,,,,,,,,,,,,,,,,,,,,,,,,,,,,,,,,,,,,,,,,,,,,,,,,,,,,,,,,
KEGG_POLYCOMB_REPRESSIVE_COMPLEX,YY2,PHC2,HCFC1,USP45,ASXL2,ASXL3,EZH2,TFDP1,HDAC2,RING1,MAX,RBBP7,UBE2D2,BAP1,MBD6,PCGF6,ASXL1,USP16,L3MBTL2,CBX7,L3MBTL3,SFMBT1,KDM2A,YAF2,EP300,CREBBP,TEX10,CBX4,CSNK2B,SCMH1,AUTS2,L3MBTL1,AURKB,HDAC1,EZH1,SCML1,BCORL1,PCGF2,COMMD3-BMI1,OGT,CBX8,PHC1,SCML2,MGA,MTF2,FBRS,CBX6,YY1,KDM2B,PCGF1,E2F6,FBRSL1,SFMBT2,AEBP2,FOXK2,L3MBTL4,WDR5B,CBX3,MBD5,SUZ12,RBBP4,CBX2,UBE2D3,USP7,RYBP,WDR5,SKP1,UBE2D4,PCGF3,BCOR,FOXK1,JARID2,BMI1,DCAF7,UBE2D1,PHF1,EED,PHC3,PCGF5,RNF2,LCOR,PHF19,EPOP,,,,,,,,,,,,,,,,,,,,,,,,,,,,,,,,,,,,,,,,,,,,,,,,,,,,,,,,,,,,,,,,,,,,,,,,,,,,,,,,,,,,,,,,,,,,,,,,,,,,,,,,,,,,,,,,,,,,,,,,,,,,,,,,,,,,,,,,,,,,,,,,,,,,,,,,,,,,,,,,,,,,,,,,,,,,,,,,,,,,,,,,,,,,,,,,,,,,,,,,,,,,,,,,,,,,,,,,,,,,,,,,,,,,,,,,,,,,,,,,,,,,,,,,,,,,,,,,,,,,,,,,,,,,,,,,,,,,,,,,,,,,,,,,,,,,,,,,,,,,,,,,,,,,,,,,,,,,,,,,,,,,,,,,,,,,,,,,,,,,,,,,,,,,,,,,,,,,,,,,,,,,
KEGG_VIRAL_LIFE_CYCLE_-_HIV-1,PSIP1,ELL2,NUP153,NELFCD,NELFE,BST2,CHMP4B,MLLT3,APOBEC3A_B,MX1,EP300,CREBBP,RANBP2,TSG101,CPSF7,BICD2,APOBEC3G,FEZ1,APOBEC3F,MDFIC,KAT2A,NELFA,SAMHD1,SUPT4H1,CDK9,TNPO3,TRIM5,MX2,ELL3,SUPT5H,APOBEC3D,AFF4,MLLT1,APOBEC3C,SERINC5,CD4,CXCR4,APOBEC3H,MAP1A,VPS4A,PIN1,SMARCB1,APOBEC3A,APOBEC3B,CCNT1,CCNT2,PDCD6IP,ELL,VPS4B,SERINC3,CCR5,NELFB,XPO1,HGS,RAN,CHMP6,MAP1S,BICD1,CHMP4A,CPSF6,FURIN,PPIA,KAT2B,MAP1B,,,,,,,,,,,,,,,,,,,,,,,,,,,,,,,,,,,,,,,,,,,,,,,,,,,,,,,,,,,,,,,,,,,,,,,,,,,,,,,,,,,,,,,,,,,,,,,,,,,,,,,,,,,,,,,,,,,,,,,,,,,,,,,,,,,,,,,,,,,,,,,,,,,,,,,,,,,,,,,,,,,,,,,,,,,,,,,,,,,,,,,,,,,,,,,,,,,,,,,,,,,,,,,,,,,,,,,,,,,,,,,,,,,,,,,,,,,,,,,,,,,,,,,,,,,,,,,,,,,,,,,,,,,,,,,,,,,,,,,,,,,,,,,,,,,,,,,,,,,,,,,,,,,,,,,,,,,,,,,,,,,,,,,,,,,,,,,,,,,,,,,,,,,,,,,,,,,,,,,,,,,,,,,,,,,,,,,,,,,,,,,
KEGG_VIRION_-_HUMAN_IMMUNODEFICIENCY_VIRUS,CLEC4M,CD4,CXCR4,CD209,CCR5,,,,,,,,,,,,,,,,,,,,,,,,,,,,,,,,,,,,,,,,,,,,,,,,,,,,,,,,,,,,,,,,,,,,,,,,,,,,,,,,,,,,,,,,,,,,,,,,,,,,,,,,,,,,,,,,,,,,,,,,,,,,,,,,,,,,,,,,,,,,,,,,,,,,,,,,,,,,,,,,,,,,,,,,,,,,,,,,,,,,,,,,,,,,,,,,,,,,,,,,,,,,,,,,,,,,,,,,,,,,,,,,,,,,,,,,,,,,,,,,,,,,,,,,,,,,,,,,,,,,,,,,,,,,,,,,,,,,,,,,,,,,,,,,,,,,,,,,,,,,,,,,,,,,,,,,,,,,,,,,,,,,,,,,,,,,,,,,,,,,,,,,,,,,,,,,,,,,,,,,,,,,,,,,,,,,,,,,,,,,,,,,,,,,,,,,,,,,,,,,,,,,,,,,,,,,,,,,,,,,,,,,,,,,,,,,,,,,,,,,,,
KEGG_VIRION_-_ROTAVIRUS,ITGA2,ITGB1,,,,,,,,,,,,,,,,,,,,,,,,,,,,,,,,,,,,,,,,,,,,,,,,,,,,,,,,,,,,,,,,,,,,,,,,,,,,,,,,,,,,,,,,,,,,,,,,,,,,,,,,,,,,,,,,,,,,,,,,,,,,,,,,,,,,,,,,,,,,,,,,,,,,,,,,,,,,,,,,,,,,,,,,,,,,,,,,,,,,,,,,,,,,,,,,,,,,,,,,,,,,,,,,,,,,,,,,,,,,,,,,,,,,,,,,,,,,,,,,,,,,,,,,,,,,,,,,,,,,,,,,,,,,,,,,,,,,,,,,,,,,,,,,,,,,,,,,,,,,,,,,,,,,,,,,,,,,,,,,,,,,,,,,,,,,,,,,,,,,,,,,,,,,,,,,,,,,,,,,,,,,,,,,,,,,,,,,,,,,,,,,,,,,,,,,,,,,,,,,,,,,,,,,,,,,,,,,,,,,,,,,,,,,,,,,,,,,,,,,,,,,,
KEGG_VIRION_-_FLAVIVIRUS_AND_ALPHAVIRUS,CLEC4M,MXRA8,PHB1,HAVCR1,CD209,TYRO3,,,,,,,,,,,,,,,,,,,,,,,,,,,,,,,,,,,,,,,,,,,,,,,,,,,,,,,,,,,,,,,,,,,,,,,,,,,,,,,,,,,,,,,,,,,,,,,,,,,,,,,,,,,,,,,,,,,,,,,,,,,,,,,,,,,,,,,,,,,,,,,,,,,,,,,,,,,,,,,,,,,,,,,,,,,,,,,,,,,,,,,,,,,,,,,,,,,,,,,,,,,,,,,,,,,,,,,,,,,,,,,,,,,,,,,,,,,,,,,,,,,,,,,,,,,,,,,,,,,,,,,,,,,,,,,,,,,,,,,,,,,,,,,,,,,,,,,,,,,,,,,,,,,,,,,,,,,,,,,,,,,,,,,,,,,,,,,,,,,,,,,,,,,,,,,,,,,,,,,,,,,,,,,,,,,,,,,,,,,,,,,,,,,,,,,,,,,,,,,,,,,,,,,,,,,,,,,,,,,,,,,,,,,,,,,,,,,,,,,,,
"KEGG_VIRION_-_EBOLAVIRUS,_LYSSAVIRUS_AND_MORBILLIVIRUS",NECTIN4,CLEC4M,NCAM1,ASGR1,SLAMF1,CHRNA1,NPC1,CD46,CD209,FCGR2B,NGFR,NCAM2,,,,,,,,,,,,,,,,,,,,,,,,,,,,,,,,,,,,,,,,,,,,,,,,,,,,,,,,,,,,,,,,,,,,,,,,,,,,,,,,,,,,,,,,,,,,,,,,,,,,,,,,,,,,,,,,,,,,,,,,,,,,,,,,,,,,,,,,,,,,,,,,,,,,,,,,,,,,,,,,,,,,,,,,,,,,,,,,,,,,,,,,,,,,,,,,,,,,,,,,,,,,,,,,,,,,,,,,,,,,,,,,,,,,,,,,,,,,,,,,,,,,,,,,,,,,,,,,,,,,,,,,,,,,,,,,,,,,,,,,,,,,,,,,,,,,,,,,,,,,,,,,,,,,,,,,,,,,,,,,,,,,,,,,,,,,,,,,,,,,,,,,,,,,,,,,,,,,,,,,,,,,,,,,,,,,,,,,,,,,,,,,,,,,,,,,,,,,,,,,,,,,,,,,,,,,,,,,,,,,,,,,,,,,,,,,,,,
KEGG_VIRION_-_LASSA_VIRUS_AND_SFTS_VIRUS,MYH14,CLEC4M,PCDH9,MYH9,MYH10,TFRC,PCDH11Y,DAG1,PCDH7,CD209,PCDH1,PCDH20,NRP2,LAMP2,PCDH11X,LAMP1,MYH11,,,,,,,,,,,,,,,,,,,,,,,,,,,,,,,,,,,,,,,,,,,,,,,,,,,,,,,,,,,,,,,,,,,,,,,,,,,,,,,,,,,,,,,,,,,,,,,,,,,,,,,,,,,,,,,,,,,,,,,,,,,,,,,,,,,,,,,,,,,,,,,,,,,,,,,,,,,,,,,,,,,,,,,,,,,,,,,,,,,,,,,,,,,,,,,,,,,,,,,,,,,,,,,,,,,,,,,,,,,,,,,,,,,,,,,,,,,,,,,,,,,,,,,,,,,,,,,,,,,,,,,,,,,,,,,,,,,,,,,,,,,,,,,,,,,,,,,,,,,,,,,,,,,,,,,,,,,,,,,,,,,,,,,,,,,,,,,,,,,,,,,,,,,,,,,,,,,,,,,,,,,,,,,,,,,,,,,,,,,,,,,,,,,,,,,,,,,,,,,,,,,,,,,,,,,,,,,,,,,,,,,,,,,,,,
KEGG_VIRION_-_HEPATITIS_VIRUSES,CD81,SLC10A1,CLDN16,OCLN,CLDN17,CLDN8,CHMP4B,CLDN20,CD9,CLDN18,SCARB1,TSG101,CLDN2,TGOLN2,CLDN34,CLDN23,CLDN22,CLDN24,CHMP1B,EGFR,CHMP1A,DPP4,CD63,CLDN11,CLDN3,CLDN7,CLDN15,CLDN10,VPS4A,CLDN12,HSPG2,PDCD6IP,CLDN6,LAMP2,VPS4B,LDLR,CLDN19,LAMP1,CLDN25,CLDN14,CLDN5,CHMP7,CLDN1,EPCAM,CHMP4A,IST1,CLDN9,CLDN4,,,,,,,,,,,,,,,,,,,,,,,,,,,,,,,,,,,,,,,,,,,,,,,,,,,,,,,,,,,,,,,,,,,,,,,,,,,,,,,,,,,,,,,,,,,,,,,,,,,,,,,,,,,,,,,,,,,,,,,,,,,,,,,,,,,,,,,,,,,,,,,,,,,,,,,,,,,,,,,,,,,,,,,,,,,,,,,,,,,,,,,,,,,,,,,,,,,,,,,,,,,,,,,,,,,,,,,,,,,,,,,,,,,,,,,,,,,,,,,,,,,,,,,,,,,,,,,,,,,,,,,,,,,,,,,,,,,,,,,,,,,,,,,,,,,,,,,,,,,,,,,,,,,,,,,,,,,,,,,,,,,,,,,,,,,,,,,,,,,,,,,,,,,,,,,,,,,,,,,,,,,,,,,,,,,,,,,,,,,,,,,,,,,,,,,,,,,,,,,
KEGG_VIRION_-_HERPESVIRUS,PILRA,TNFRSF14,IDE,PILRB,ITGA5,ITGB3,NECTIN2,IGF2R,NECTIN1,,,,,,,,,,,,,,,,,,,,,,,,,,,,,,,,,,,,,,,,,,,,,,,,,,,,,,,,,,,,,,,,,,,,,,,,,,,,,,,,,,,,,,,,,,,,,,,,,,,,,,,,,,,,,,,,,,,,,,,,,,,,,,,,,,,,,,,,,,,,,,,,,,,,,,,,,,,,,,,,,,,,,,,,,,,,,,,,,,,,,,,,,,,,,,,,,,,,,,,,,,,,,,,,,,,,,,,,,,,,,,,,,,,,,,,,,,,,,,,,,,,,,,,,,,,,,,,,,,,,,,,,,,,,,,,,,,,,,,,,,,,,,,,,,,,,,,,,,,,,,,,,,,,,,,,,,,,,,,,,,,,,,,,,,,,,,,,,,,,,,,,,,,,,,,,,,,,,,,,,,,,,,,,,,,,,,,,,,,,,,,,,,,,,,,,,,,,,,,,,,,,,,,,,,,,,,,,,,,,,,,,,,,,,,,,,,,,,,,
KEGG_VIRION_-_ADENOVIRUS,CD46,CXADR,CD86,CD80,,,,,,,,,,,,,,,,,,,,,,,,,,,,,,,,,,,,,,,,,,,,,,,,,,,,,,,,,,,,,,,,,,,,,,,,,,,,,,,,,,,,,,,,,,,,,,,,,,,,,,,,,,,,,,,,,,,,,,,,,,,,,,,,,,,,,,,,,,,,,,,,,,,,,,,,,,,,,,,,,,,,,,,,,,,,,,,,,,,,,,,,,,,,,,,,,,,,,,,,,,,,,,,,,,,,,,,,,,,,,,,,,,,,,,,,,,,,,,,,,,,,,,,,,,,,,,,,,,,,,,,,,,,,,,,,,,,,,,,,,,,,,,,,,,,,,,,,,,,,,,,,,,,,,,,,,,,,,,,,,,,,,,,,,,,,,,,,,,,,,,,,,,,,,,,,,,,,,,,,,,,,,,,,,,,,,,,,,,,,,,,,,,,,,,,,,,,,,,,,,,,,,,,,,,,,,,,,,,,,,,,,,,,,,,,,,,,,,,,,,,,
KEGG_ABC_TRANSPORTERS,ABCD4,ABCG8,ABCC4,ABCA9,ABCA8,ABCA1,ABCC8,ABCB10,DEFB1,ABCG1,ABCC6,ABCG4,ABCB9,ABCC2,ABCA10,ABCB5,ABCD3,ABCC10,ABCG2,ABCD1,ABCC5,ABCA12,ABCB7,ABCA6,TAP1,ABCA13,ABCB8,ABCC12,ABCD2,ABCA4,ABCB6,ABCC11,ABCB1,ABCA2,ABCG5,ABCA5,ABCB11,ABCA7,ABCC1,TAP2,ABCC9,ABCA3,ABCB4,ABCC3,CFTR,,,,,,,,,,,,,,,,,,,,,,,,,,,,,,,,,,,,,,,,,,,,,,,,,,,,,,,,,,,,,,,,,,,,,,,,,,,,,,,,,,,,,,,,,,,,,,,,,,,,,,,,,,,,,,,,,,,,,,,,,,,,,,,,,,,,,,,,,,,,,,,,,,,,,,,,,,,,,,,,,,,,,,,,,,,,,,,,,,,,,,,,,,,,,,,,,,,,,,,,,,,,,,,,,,,,,,,,,,,,,,,,,,,,,,,,,,,,,,,,,,,,,,,,,,,,,,,,,,,,,,,,,,,,,,,,,,,,,,,,,,,,,,,,,,,,,,,,,,,,,,,,,,,,,,,,,,,,,,,,,,,,,,,,,,,,,,,,,,,,,,,,,,,,,,,,,,,,,,,,,,,,,,,,,,,,,,,,,,,,,,,,,,,,,,,,,,,,,,,,,,
KEGG_MAPK_SIGNALING_PATHWAY,FLT1,PLA2G4C,MAPK11,MAP3K9,MAP4K2,ECSIT,GADD45B,DUSP10,HSPA1A,CACNA2D4,SOS2,MKNK2,MKNK1,ERBB3,PDGFB,NGFR,DUSP3,CACNA1E,RAC3,FOS,CASP3,VEGFC,PTPN5,MAPK3,IL1A,MAPK8IP3,MAP3K6,RET,TAOK2,RPS6KA3,PRKCB,CACNB3,MAPKAPK2,GADD45G,FGFR2,EFNA2,ANGPT2,MAP3K3,DUSP9,STK3,PPP3CB,MAP3K8,NFATC1,ARRB1,MYD88,MAP2K5,ATF2,DUSP2,EFNA5,FGF22,CACNA2D1,RAP1B,CACNA1C,PRKCA,VEGFD,GDNF,ANGPT4,CACNA2D3,EFNA1,CACNG1,MAPK9,INS,PAK1,ARRB2,MAP3K4,TNFRSF1A,PLA2G4B,FGF20,TRADD,MAPK13,TGFB3,CACNA1F,IGF1R,CSF1,CACNG2,EGF,ARTN,FGF16,RAC2,FGF7,CACNG5,MAP3K2,NFKB1,MAP2K1,RRAS,CACNA1B,NF1,PPM1A,MAP2K3,MAP2K7,PPP3CC,FGF23,MAPKAPK5,TEK,MAP3K13,FGF18,PRKACA,CACNA1A,IRAK4,EGFR,HSPA6,RELA,LAMTOR3,CACNB1,RASGRF2,ATF4,JUN,EPHA2,RPS6KA1,FGF6,CACNA1D,ERBB2,MAP4K1,FGFR4,FGF17,RASGRP1,RPS6KA2,PLA2G4D,TGFA,PLA2G4F,MRAS,MAPKAPK3,ERBB4,RASGRP3,EREG,IGF1,PSPN,IRAK1,NTF3,IGF2,JMJD7-PLA2G4B,CHUK,MAPK1,CACNG3,KRAS,SOS1,MAP4K4,MET,HSPB1,TAB1,CRKL,PPP3R1,RAP1A,MAP3K20,NFATC3,FGF19,HSPA1L,MAP2K6,PRKACG,MAPK7,JUND,PDGFRB,FLT3,TGFBR2,IL1R1,MAP3K1,HSPA8,TGFBR1,PTPRR,IL1RAP,HSPA1B,FGF8,DUSP7,CACNB2,GADD45A,EFNA3,CACNG7,TP53,MAP3K5,FGFR1,FLT3LG,RELB,EFNA4-EFNA3,RAF1,TAOK3,BRAF,HGF,NTF4,PTPN7,RASGRF1,CDC42,MAP2K2,FGF4,RAC1,PLA2G4A,MAP3K12,DUSP5,KDR,DUSP16,NTRK2,ARAF,RPS6KA5,DUSP1,CACNA1G,NFKB2,GNG12,PDGFRA,CRK,CACNB4,CACNG4,CACNA1H,IKBKG,RAPGEF2,TAB2,MAPK10,MAPK14,CACNG6,IL1B,DDIT3,ELK4,MAP3K10,MAP3K7,AKT3,AREG,IKBKB,NTRK1,DAXX,KITLG,PDGFD,TRAF6,MAP3K14,ANGPT1,MAX,FGF21,PPM1B,CDC25B,AKT2,PRKACB,PPP5C,PDGFA,HRAS,MAP3K11,FGFR3,KIT,FGF5,DUSP4,NRTN,CACNA1S,FGF2,TGFB2,MAPK8IP1,MAP2K4,RASGRP4,NGF,BDNF,RASA1,RRAS2,EFNA4,NR4A1,NLK,MECOM,CACNA1I,TRAF2,NRAS,VEGFB,FGF1,MAPT,CACNG8,CD14,STMN1,MAPK8IP2,PPP3CA,GRB2,MEF2C,RPS6KA4,PPP3R2,FGF10,PGF,TGFB1,FLNA,DUSP8,CSF1R,FGF9,PAK2,FGF3,VEGFA,RASA2,MAP3K21,TNF,DUSP6,STK4,SRF,RASGRP2,GNA12,INSR,ELK1,AKT1,FASLG,PLA2G4E,TAOK1,FAS,MYC,PDGFC,MAP4K3,PRKCG,RPS6KA6,CACNA2D2,FLT4,MAPK12,MAPK8,,,,,,,,,,,,,,,,,,,,,,,,,,,,,,,,,,,,,,,,,,,,,,,,,,,,,,,,,,,,,,,,,,,,,,,,,,,,,,,,,,,,,,,,,,,,,,,,,,,,,,,,,,,,,,,,,,,,,,,,,,,,,,,,,,,,,,,,,,,,,,,,,,,
KEGG_ERBB_SIGNALING_PATHWAY,CAMK2A,NRG3,EREG,SHC4,SOS2,BTC,PIK3R1,STAT5B,MAPK3,PAK3,PRKCB,ABL2,SHC3,NRG2,PRKCA,MAPK9,PAK1,PIK3CA,EGF,MAP2K1,CAMK2G,PAK4,CAMK2B,PIK3R3,MAP2K7,PAK6,EGFR,RPS6KB1,JUN,PLCG2,ERBB2,TGFA,ERBB4,PIK3R2,CRKL,MAPK1,KRAS,SOS1,P3R3URF-PIK3R3,RAF1,BRAF,CBLB,MAP2K2,EIF4EBP1,NRG1,SRC,NCK2,ARAF,CRK,PIK3CB,STAT5A,CAMK2D,BAD,MAPK10,PAK5,AREG,AKT3,GAB1,CBL,AKT2,PTK2,HBEGF,HRAS,NRG4,MAP2K4,PIK3CD,CDKN1B,NRAS,MTOR,SHC1,GRB2,ABL1,PAK2,SHC2,CDKN1A,ELK1,BUB1B-PAK6,AKT1,GSK3B,RPS6KB2,MYC,PLCG1,PRKCG,NCK1,ERBB3,MAPK8,,,,,,,,,,,,,,,,,,,,,,,,,,,,,,,,,,,,,,,,,,,,,,,,,,,,,,,,,,,,,,,,,,,,,,,,,,,,,,,,,,,,,,,,,,,,,,,,,,,,,,,,,,,,,,,,,,,,,,,,,,,,,,,,,,,,,,,,,,,,,,,,,,,,,,,,,,,,,,,,,,,,,,,,,,,,,,,,,,,,,,,,,,,,,,,,,,,,,,,,,,,,,,,,,,,,,,,,,,,,,,,,,,,,,,,,,,,,,,,,,,,,,,,,,,,,,,,,,,,,,,,,,,,,,,,,,,,,,,,,,,,,,,,,,,,,,,,,,,,,,,,,,,,,,,,,,,,,,,,,,,,,,,,,,,,,,,,,,,,,,,,,,,,,,,,,,,,,,,,,,
KEGG_RAS_SIGNALING_PATHWAY,FLT1,TBK1,PLA2G4C,SHC4,ZAP70,PLA2G12B,SOS2,PDGFB,PIK3R1,NGFR,RAC3,EXOC2,VEGFC,MAPK3,TIAM1,RAB5A,PLA2G1B,PAK3,BCL2L1,PRKCB,FGFR2,ABL2,GRIN1,EFNA2,ANGPT2,CALM3,GNG7,SHC3,RASA4B,AFDN,PTPN11,EFNA5,RALGAPA1,FGF22,BRAP,RAP1B,VEGFD,PRKCA,ANGPT4,PLA2G2F,HTR7,EFNA1,MAPK9,GNG11,INS,PAK1,ETS2,FGF20,PLA2G4B,PIK3CA,IGF1R,CSF1,EGF,LAT,FGF16,RAC2,FGF7,MAP2K1,RRAS,NFKB1,RALBP1,NF1,CALM1,PAK4,GNG8,PIK3R3,CALML5,GNB2,PLD2,FGF23,TEK,FGF18,PLA2G2E,REL,PRKACA,GRIN2A,PAK6,RASAL1,EGFR,RASA4,RASAL3,RELA,RASGRF2,FGF6,EPHA2,GNG4,FGF17,PLCG2,FGFR4,RASGRP1,PLA2G4D,TGFA,PLA2G4F,MRAS,IGF1,RAB5B,RASGRP3,GNG5,PIK3R2,IGF2,NTF3,GNG3,CHUK,JMJD7-PLA2G4B,MAPK1,RASA3,KRAS,SOS1,MET,GNGT2,FGF19,RAP1A,RASSF5,PRKACG,P3R3URF-PIK3R3,PDGFRB,FLT3,PLA2G6,PLA2G5,FGF8,PLA2G2C,RAB5C,GNB5,CALML4,GNB3,PLA2G10,EFNA3,GNB1,FGFR1,NTF4,EFNA4-EFNA3,FLT3LG,RAF1,HGF,FGF4,CDC42,MAP2K2,ETS1,RGL2,PLAAT2,RASGRF1,ARF6,RAC1,RAPGEF5,GNGT1,PLD1,PLA2G4A,KDR,CALML6,NTRK2,RHOA,GNG13,RIN1,PLCE1,GNG12,PDGFRA,PIK3CB,RALGAPB,IKBKG,BAD,MAPK10,GNG2,GAB2,RGL1,RALA,PLA2G2D,RASAL2,PAK5,AKT3,IKBKB,PDGFD,KITLG,NTRK1,GAB1,FOXO4,KSR1,CALML3,RALB,ANGPT1,FGF21,AKT2,GNG10,PDGFA,PRKACB,HRAS,PLA1A,FGF5,FGFR3,KIT,RALGDS,FGF2,PIK3CD,NGF,BDNF,RASGRP4,RASA1,RRAS2,EFNA4,RASSF1,VEGFB,NRAS,KSR2,PLA2G3,FGF1,SHC1,GRB2,PGF,FGF10,ABL1,SYNGAP1,SHOC2,RALGAPA2,CSF1R,FGF9,VEGFA,FGF3,PAK2,RASA2,PLA2G2A,SHC2,STK4,GRIN2B,RASGRP2,BUB1B-PAK6,INSR,ELK1,AKT1,PDGFC,FASLG,PLA2G4E,PLAAT3,CALM2,GNB4,PLCG1,PRKCG,FLT4,PLA2G12A,MAPK8,,,,,,,,,,,,,,,,,,,,,,,,,,,,,,,,,,,,,,,,,,,,,,,,,,,,,,,,,,,,,,,,,,,,,,,,,,,,,,,,,,,,,,,,,,,,,,,,,,,,,,,,,,,,,,,,,,,,,,,,,,,,,,,,,,,,,,,,,,,,,,,,,,,,,,,,,,,,,,,,,,,,,,,,,,,,,,,,,,,,,,,,,,,,,,,,,,,,,,,,,,,,,,,,,
KEGG_RAP1_SIGNALING_PATHWAY,FLT1,RAPGEF6,PARD6G,MAPK11,PDGFB,PIK3R1,NGFR,RAC3,PFN4,VEGFC,MAPK3,TIAM1,TLN1,LCP2,GNAO1,THBS1,APBB1IP,PRKCB,FGFR2,ADCY8,GRIN1,ADCY6,EFNA2,ANGPT2,CALM3,PARD6B,ADCY3,PRKD3,SKAP1,LPAR4,ARAP3,AFDN,EFNA5,FGF22,BCAR1,RAP1B,VEGFD,DRD2,ANGPT4,PRKCA,GNAI2,EFNA1,ADCY9,INS,FGF20,MAPK13,PIK3CA,ADCY1,IGF1R,CSF1,EGF,ACTB,SIPA1,PFN3,FGF16,FPR1,RAC2,LAT,PRKCI,PARD6A,FGF7,MAP2K1,VASP,RRAS,KRIT1,CALM1,EVL,PIK3R3,CALML5,SIPA1L3,MAP2K3,FGF23,ITGAM,TEK,FGF18,RAPGEF4,PRKD2,PRKCZ,GRIN2A,ITGB2,EGFR,ITGAL,ADORA2A,GNAQ,PRKD1,SIPA1L2,LPAR2,PLCB4,FGF6,EPHA2,GNAI3,FGF17,RAPGEF3,FGFR4,VAV3,MRAS,IGF1,RASGRP3,PIK3R2,TLN2,ADCY4,FYB1,MAPK1,CRKL,MET,KRAS,FGF19,RAP1A,RASSF5,CNR1,MAP2K6,P3R3URF-PIK3R3,MAGI3,PDGFRB,VAV1,FARP2,FGF8,CALML4,EFNA3,ID1,FGFR1,EFNA4-EFNA3,HGF,RAF1,BRAF,FGF4,CDC42,MAP2K2,CTNNB1,GNAS,RAC1,RAPGEF5,SRC,ITGB1,KDR,CALML6,RHOA,ADCY5,PLCE1,CRK,PDGFRA,PIK3CB,PFN2,RAPGEF2,SIPA1L1,ADORA2B,MAPK14,GNAI1,ITGB3,RALA,AKT3,PDGFD,KITLG,CALML3,CDH1,RALB,ANGPT1,PFN1,FGF21,ADCY7,AKT2,PDGFA,PLCB2,HRAS,FGF5,FGFR3,KIT,RALGDS,ACTG1,DOCK4,FGF2,PIK3CD,NGF,ENAH,RGS14,ITGA2B,EFNA4,ADCY2,PARD3,VEGFB,NRAS,LPAR3,FGF1,PLCB1,RAPGEF1,PGF,FGF10,CSF1R,FGF9,LPAR1,VEGFA,FGF3,LPAR5,RAP1GAP,F2RL3,PLCB3,GRIN2B,MAGI2,RASGRP2,INSR,AKT1,PDGFC,CALM2,CTNND1,F2R,PLCG1,PRKCG,FLT4,MAGI1,MAPK12,VAV2,P2RY1,,,,,,,,,,,,,,,,,,,,,,,,,,,,,,,,,,,,,,,,,,,,,,,,,,,,,,,,,,,,,,,,,,,,,,,,,,,,,,,,,,,,,,,,,,,,,,,,,,,,,,,,,,,,,,,,,,,,,,,,,,,,,,,,,,,,,,,,,,,,,,,,,,,,,,,,,,,,,,,,,,,,,,,,,,,,,,,,,,,,,,,,,,,,,,,,,,,,,,,,,,,,,,,,,,,,,,,,,,,,,,,,,,,,,,,,,,,
KEGG_WNT_SIGNALING_PATHWAY,CAMK2A,RSPO2,LZTS2,RNF43,TBL1X,CCN4,TLE4,TBL1XR1,TCF7L1,SMAD4,SOST,RAC3,WNT5A,CBY1,APC,SMAD3,CREBBP,TLE1,CCND1,ZNRF3,PRICKLE2,CHD8,NFATC2,PRKCB,LEF1,NOTUM,PPP3CB,RSPO3,NFATC1,BAMBI,WNT3A,CTBP1,FZD1,CTBP2,PRKCA,TCF7L2,CTNNBIP1,FZD5,FZD3,RBX1,CER1,WNT8B,FZD2,MAPK9,WNT16,CSNK2A1,AXIN2,DVL2,PRICKLE3,FZD6,LRP6,APCDD1L,NKD2,CCAR2,RAC2,MCC,DAAM2,WNT10B,LGR4,CAMK2G,FZD9,WNT2B,FRAT2,VANGL1,DVL3,CAMK2B,PPP3CC,PRKACA,WNT5B,AXIN1,SFRP2,ROR1,CSNK1E,PLCB4,JUN,FRAT1,PRICKLE4,WNT3,MMP7,ROCK2,WNT9B,NKD1,WIF1,CUL1,PPP3R1,WNT2,SIRT1,NFATC3,BTRC,PRKACG,SFRP5,CCND3,CSNK2A2,TLE3,SERPINF1,CXXC4,WNT7B,SOX17,FZD10,CCND2,EP300,GPC4,RSPO1,CCDC88C,TP53,LGR6,TBL1Y,LGR5,CTNNB1,WNT10A,RAC1,PSEN1,TLE6,PPARD,LRP5,TCF7,TPTEP2-CSNK1E,CSNK2A3,WNT1,RHOA,TLE7,SFRP1,SENP2,CAMK2D,MAPK10,VANGL2,WNT4,NFATC4,PRICKLE1,MAP3K7,INVS,WNT7A,WNT9A,CACYBP,PORCN,DKK1,RYK,RUVBL1,CSNK1A1,PRKACB,PLCB2,FZD8,CSNK2B,DAAM1,NLK,PLCB1,PPP3CA,APCDD1,FOSL1,FZD7,PPP3R2,DKK4,DKK2,WNT6,ROR2,CTNND2,APC2,RSPO4,FBXW11,FRZB,WNT8A,PLCB3,SFRP4,SKP1,MYC,GSK3B,TLE2,PRKCG,FZD4,DVL1,SIAH1,CSNK1A1L,WNT11,MAPK8,,,,,,,,,,,,,,,,,,,,,,,,,,,,,,,,,,,,,,,,,,,,,,,,,,,,,,,,,,,,,,,,,,,,,,,,,,,,,,,,,,,,,,,,,,,,,,,,,,,,,,,,,,,,,,,,,,,,,,,,,,,,,,,,,,,,,,,,,,,,,,,,,,,,,,,,,,,,,,,,,,,,,,,,,,,,,,,,,,,,,,,,,,,,,,,,,,,,,,,,,,,,,,,,,,,,,,,,,,,,,,,,,,,,,,,,,,,,,,,,,,,,,,,,,,,,,,,,,,,,,,,,,,,,,,,,,
KEGG_NOTCH_SIGNALING_PATHWAY,TLE3,PSENEN,NOTCH1,RBPJ,DLL3,ATXN1,HES1,NRARP,TLE4,HEYL,DVL3,EP300,CREBBP,TLE1,ATXN1L,HEY1,DTX3L,KAT2A,RBPJL,NCOR2,NOTCH4,MAML3,MFNG,NUMB,RFNG,HDAC1,JAG2,MAML2,NOTCH2,PSEN1,NUMBL,LFNG,TLE6,HEY2,APH1B,CTBP1,ITCH,DTX4,HES5,CTBP2,TLE7,NCSTN,JAG1,CIR1,DVL2,DLL1,DLL4,DTX3,NOTCH3,MAML1,PSEN2,TLE2,PTCRA,SNW1,DTX2,APH1A,DTX1,ADAM17,DVL1,HDAC2,SPEN,KAT2B,,,,,,,,,,,,,,,,,,,,,,,,,,,,,,,,,,,,,,,,,,,,,,,,,,,,,,,,,,,,,,,,,,,,,,,,,,,,,,,,,,,,,,,,,,,,,,,,,,,,,,,,,,,,,,,,,,,,,,,,,,,,,,,,,,,,,,,,,,,,,,,,,,,,,,,,,,,,,,,,,,,,,,,,,,,,,,,,,,,,,,,,,,,,,,,,,,,,,,,,,,,,,,,,,,,,,,,,,,,,,,,,,,,,,,,,,,,,,,,,,,,,,,,,,,,,,,,,,,,,,,,,,,,,,,,,,,,,,,,,,,,,,,,,,,,,,,,,,,,,,,,,,,,,,,,,,,,,,,,,,,,,,,,,,,,,,,,,,,,,,,,,,,,,,,,,,,,,,,,,,,,,,,,,,,,,,,,,,,,,,,,,,
KEGG_HEDGEHOG_SIGNALING_PATHWAY,GAS1,MOSMO,IQCE,MEGF8,CDON,CSNK1G3,CSNK1A1,CCND2,PRKACB,HHIP,GRK3,KIF3A,HHAT,EFCAB7,PTCH2,HHATL,CCND1,KIF7,PRKACA,CSNK1G2,EVC,IHH,LRP2,DHH,CSNK1E,BOC,ARRB1,SCUBE2,SMURF2,DISP1,EVC2,TPTEP2-CSNK1E,GPR161,GLI2,SPOP,SUFU,BCL2,FBXW11,SMO,CUL3,SMURF1,ARRB2,CSNK1G1,CUL1,PTCH1,SPOPL,SHH,CSNK1D,GRK2,MGRN1,GLI3,BTRC,PRKACG,CSNK1A1L,GLI1,GSK3B,,,,,,,,,,,,,,,,,,,,,,,,,,,,,,,,,,,,,,,,,,,,,,,,,,,,,,,,,,,,,,,,,,,,,,,,,,,,,,,,,,,,,,,,,,,,,,,,,,,,,,,,,,,,,,,,,,,,,,,,,,,,,,,,,,,,,,,,,,,,,,,,,,,,,,,,,,,,,,,,,,,,,,,,,,,,,,,,,,,,,,,,,,,,,,,,,,,,,,,,,,,,,,,,,,,,,,,,,,,,,,,,,,,,,,,,,,,,,,,,,,,,,,,,,,,,,,,,,,,,,,,,,,,,,,,,,,,,,,,,,,,,,,,,,,,,,,,,,,,,,,,,,,,,,,,,,,,,,,,,,,,,,,,,,,,,,,,,,,,,,,,,,,,,,,,,,,,,,,,,,,,,,,,,,,,,,,,,,,,,,,,,,,,,,,,
KEGG_TGF-BETA_SIGNALING_PATHWAY,LEFTY2,SMAD4,CREBBP,SMAD3,MAPK3,EMP3,SMAD2,ZFYVE16,BMP6,THBS1,TFRC,AMH,INHBC,SP1,HJV,RGMB,SMAD9,RGMA,BMP8A,BMP4,BMPR1A,HFE,LEFTY1,RBX1,E2F5,SMAD6,ACVR2B,SKI,TGFB3,NRROS,HDAC2,ACVR1,SMAD5,TGIF2,ZFYVE9,INHBA,ID3,ID2,FST,SMAD1,BMP2,BMP5,HDAC1,RPS6KB1,GDF6,DCN,GREM2,BMPR2,NODAL,IGSF1,GDF7,THSD4,MAPK1,CUL1,ACVR2A,ACVR1C,SKIL,BMPR1B,BMP7,PPP2R1B,TGFBR2,NBL1,TFDP1,TGFBR1,ROCK1,EP300,ID1,LTBP1,NCOR1,FBN1,CDKN2B,AMHR2,SMURF2,MICOS10-NBL1,INHBB,LRRC32,RHOA,NEO1,TFR2,NOG,PPP2R1A,PPP2CA,INHBE,ACVR1B,TGFB2,TF,CHRD,BMP8B,SIN3A,RBL1,SMAD7,PPP2CB,PITX2,IFNG,TGFB1,HAMP,GDF5,TGIF1,FMOD,GREM1,TNF,E2F4,ID4,SMURF1,SKP1,MYC,RPS6KB2,BAMBI,,,,,,,,,,,,,,,,,,,,,,,,,,,,,,,,,,,,,,,,,,,,,,,,,,,,,,,,,,,,,,,,,,,,,,,,,,,,,,,,,,,,,,,,,,,,,,,,,,,,,,,,,,,,,,,,,,,,,,,,,,,,,,,,,,,,,,,,,,,,,,,,,,,,,,,,,,,,,,,,,,,,,,,,,,,,,,,,,,,,,,,,,,,,,,,,,,,,,,,,,,,,,,,,,,,,,,,,,,,,,,,,,,,,,,,,,,,,,,,,,,,,,,,,,,,,,,,,,,,,,,,,,,,,,,,,,,,,,,,,,,,,,,,,,,,,,,,,,,,,,,,,,,,,,,,,,,,,,,,,,,,,,,,,,,,,,,,,,,,
KEGG_HIPPO_SIGNALING_PATHWAY,PARD6G,YWHAQ,CRB2,TCF7L1,SMAD4,WNT5A,APC,SMAD3,SMAD2,BMP6,CCND1,PATJ,AMH,PPP1CA,LEF1,RASSF6,SERPINE1,PARD6B,STK3,CCN2,WNT3A,BMP8A,BMP4,FZD1,SAV1,BMPR1A,TCF7L2,WNT8B,FZD5,FZD3,FZD2,WNT16,AXIN2,DVL2,DLG5,BIRC3,AJUBA,CRB1,FZD6,CSNK1D,TGFB3,LLGL2,NF2,BBC3,ACTB,NKD2,PRKCI,PARD6A,AFP,TP53BP2,WNT10B,PPP2R2C,PPP1CB,FZD9,SNAI2,WNT2B,DVL3,ID2,YAP1,SMAD1,PRKCZ,TEAD3,WNT5B,AXIN1,ITGB2,BMP2,SCRIB,LIMD1,BMP5,CSNK1E,GDF6,PPP2R2A,BMPR2,MOB1B,DLG1,WNT3,GDF7,WNT9B,NKD1,DLG2,TEAD1,DLG3,WNT2,TEAD2,BTRC,CCND3,BMPR1B,FRMD6,BMP7,PPP2R1B,TGFBR2,TGFBR1,WNT7B,CTNNA3,FZD10,WWTR1,CCND2,YWHAB,TP73,ID1,CTNNA1,DLG4,CTNNB1,WNT10A,SOX2,AMOT,WNT1,TPTEP2-CSNK1E,TCF7,FRMD1,GLI2,WWC1,BIRC2,YWHAH,WNT4,LLGL1,AREG,WTIP,WNT7A,WNT9A,PPP2R1A,CDH1,PPP2CA,PPP2R2D,TEAD4,PPP1CC,FZD8,ACTG1,BIRC5,TGFB2,LATS1,PALS1,PARD3,BMP8B,RASSF1,CTNNA2,FGF1,SMAD7,PPP2CB,WNT6,FZD7,TGFB1,PPP2R2B,YWHAG,APC2,GDF5,LATS2,FBXW11,WNT8A,YWHAZ,GSK3B,MYC,FZD4,DVL1,MOB1A,WNT11,YWHAE,,,,,,,,,,,,,,,,,,,,,,,,,,,,,,,,,,,,,,,,,,,,,,,,,,,,,,,,,,,,,,,,,,,,,,,,,,,,,,,,,,,,,,,,,,,,,,,,,,,,,,,,,,,,,,,,,,,,,,,,,,,,,,,,,,,,,,,,,,,,,,,,,,,,,,,,,,,,,,,,,,,,,,,,,,,,,,,,,,,,,,,,,,,,,,,,,,,,,,,,,,,,,,,,,,,,,,,,,,,,,,,,,,,,,,,,,,,,,,,,,,,,,,,,,,,,,,,,,,,,,,,,,,,,,,,,,,,,,,,,,,,,,,,,,,
KEGG_HIPPO_SIGNALING_PATHWAY_-_MULTIPLE_SPECIES,WTIP,FRMD6,FAT4,TEAD4,WWTR1,YAP1,TEAD3,LATS1,RASSF1,LIMD1,RASSF6,STK3,CSNK1E,RASSF4,MOB1B,SAV1,TPTEP2-CSNK1E,FRMD1,DCHS2,DCHS1,WWC1,LATS2,PAK1,TEAD1,AJUBA,NF2,TEAD2,RASSF2,MOB1A,,,,,,,,,,,,,,,,,,,,,,,,,,,,,,,,,,,,,,,,,,,,,,,,,,,,,,,,,,,,,,,,,,,,,,,,,,,,,,,,,,,,,,,,,,,,,,,,,,,,,,,,,,,,,,,,,,,,,,,,,,,,,,,,,,,,,,,,,,,,,,,,,,,,,,,,,,,,,,,,,,,,,,,,,,,,,,,,,,,,,,,,,,,,,,,,,,,,,,,,,,,,,,,,,,,,,,,,,,,,,,,,,,,,,,,,,,,,,,,,,,,,,,,,,,,,,,,,,,,,,,,,,,,,,,,,,,,,,,,,,,,,,,,,,,,,,,,,,,,,,,,,,,,,,,,,,,,,,,,,,,,,,,,,,,,,,,,,,,,,,,,,,,,,,,,,,,,,,,,,,,,,,,,,,,,,,,,,,,,,,,,,,,,,,,,,,,,,,,,,,,,,,,,,,,,,,,,,,,
KEGG_VEGF_SIGNALING_PATHWAY,NOS3,P3R3URF-PIK3R3,PLA2G4C,MAPK11,MAP2K1,AKT2,PTK2,PIK3R1,RAC3,HRAS,PIK3R3,MAPK3,CASP9,SPHK1,PPP3CC,PIK3CD,RAF1,NFATC2,PRKCB,MAPKAPK2,MAPK12,CDC42,MAP2K2,NRAS,RAC1,SH2D2A,PPP3CB,PPP3CA,PLCG2,PTGS2,PLA2G4A,PPP3R2,SPHK2,SRC,KDR,PLA2G4D,VEGFA,PLA2G4F,MAPKAPK3,PXN,PRKCA,PIK3CB,PIK3R2,SHC2,JMJD7-PLA2G4B,MAPK1,KRAS,PLA2G4B,HSPB1,AKT1,PLA2G4E,PIK3CA,PPP3R1,MAPK13,PLCG1,MAPK14,BAD,PRKCG,AKT3,RAC2,,,,,,,,,,,,,,,,,,,,,,,,,,,,,,,,,,,,,,,,,,,,,,,,,,,,,,,,,,,,,,,,,,,,,,,,,,,,,,,,,,,,,,,,,,,,,,,,,,,,,,,,,,,,,,,,,,,,,,,,,,,,,,,,,,,,,,,,,,,,,,,,,,,,,,,,,,,,,,,,,,,,,,,,,,,,,,,,,,,,,,,,,,,,,,,,,,,,,,,,,,,,,,,,,,,,,,,,,,,,,,,,,,,,,,,,,,,,,,,,,,,,,,,,,,,,,,,,,,,,,,,,,,,,,,,,,,,,,,,,,,,,,,,,,,,,,,,,,,,,,,,,,,,,,,,,,,,,,,,,,,,,,,,,,,,,,,,,,,,,,,,,,,,,,,,,,,,,,,,,,,,,,,,,,,,,,,,,,,,,,,,,,,,
KEGG_APELIN_SIGNALING_PATHWAY,NOS3,MAP1LC3B2,MYLK4,MYL2,SMAD4,BECN1,SLC8A3,SMAD3,MAPK3,SMAD2,SPHK1,CCND1,PLIN1,PRKAG1,HDAC5,ADCY8,ADCY6,SERPINE1,PDE3B,GNG7,CALM3,CCN2,ADCY3,MAP1LC3BP1,PIK3C3,MYL4,PRKCE,GNAI2,NRF1,JAG1,ADCY9,GNG11,ADCY1,PRKAG2,PRKAB1,SLC8A2,MEF2D,MAP2K1,RRAS,MAP1LC3A,CALM1,NOS1,GNG8,CALML5,GNB2,EGR1,PRKACA,PRKAA2,MAP1LC3B,GNAQ,PRKAB2,RYR1,RPS6KB1,PLCB4,GNAI3,GNG4,PRKAG3,MRAS,GNG5,BECN2,ADCY4,GNG3,GNGT2,MAPK1,KRAS,MYLK3,MYL3,PRKACG,TGFBR1,KLF2,RPS6,PIK3CG,GNB5,SLC9A1,CALML4,GNB3,APELA,GNB1,APLN,RAF1,UCP1,HDAC4,MAP2K2,APLNR,PLAT,GNGT1,CAMK4,SPHK2,ITPR3,CALML6,ADCY5,GNG13,GNG12,LIPE,MAP1LC3C,ADCY10,MYLK,GNG2,GNAI1,RYR3,AKT3,SLC8A1,CALML3,BORCS8-MEF2B,CDH1,AKT2,ADCY7,GNG10,PRKACB,PLCB2,HRAS,PIK3R4,TFAM,RRAS2,PIK3R5,ADCY2,ITPR2,PRKAA1,NRAS,SPP1,MTOR,PLCB1,MEF2C,MEF2B,NOS2,MEF2A,ITPR1,PPARGC1A,RYR2,AGTR1,PLCB3,PIK3R6,MYLK2,AKT1,NOTCH3,RPS6KB2,CALM2,GNB4,GNA13,ACTA2,,,,,,,,,,,,,,,,,,,,,,,,,,,,,,,,,,,,,,,,,,,,,,,,,,,,,,,,,,,,,,,,,,,,,,,,,,,,,,,,,,,,,,,,,,,,,,,,,,,,,,,,,,,,,,,,,,,,,,,,,,,,,,,,,,,,,,,,,,,,,,,,,,,,,,,,,,,,,,,,,,,,,,,,,,,,,,,,,,,,,,,,,,,,,,,,,,,,,,,,,,,,,,,,,,,,,,,,,,,,,,,,,,,,,,,,,,,,,,,,,,,,,,,,,,,,,,,,,,,,,,,,,,,,,,,,,,,,,,,,,,,,,,,,,,,,,,,,,,,,,,,,,,,
KEGG_JAK-STAT_SIGNALING_PATHWAY,OSM,CISH,IL4R,CLCF1,EPOR,SOS2,PDGFB,PIK3R1,STAT5B,PIAS1,IL15RA,CREBBP,PIAS4,CCND1,STAM2,IFNL2,BCL2L1,IL22RA1,STAT6,GFAP,IL2RB,IFNA14,SOCS6,IFNE,IL21,IL31RA,IL24,SOCS4,CNTF,IFNA10,IFNAR1,PTPN11,IL2,PRLR,GH2,IL12A,IL22,PIM1,PIK3CA,IL5RA,IL15,IL27RA,THPO,IFNL3,EGF,PTPN6,LEPR,IFNLR1,IL11,JAK2,IFNA13,TYK2,IFNA2,IL10,IFNA7,CSH2,PIK3R3,IL11RA,IFNW1,OSMR,IL9,JAK1,EPO,AOX1,CRLF2,CSHL1,EGFR,IFNGR1,CSF2RA,IFNA5,IL21R,IL2RA,IL5,STAT1,SOCS5,IL4,IL13RA2,IL6,IL2RG,CNTFR,STAT4,IL26,PIAS3,JAK3,IL7,MPL,PIK3R2,IFNA21,IL3,SOS1,IL19,PIAS2,LIFR,IL12RB1,IL6R,IL20RA,P3R3URF-PIK3R3,CCND3,IL13RA1,PDGFRB,PRL,STAT2,IFNA6,CSH1,SOCS7,CCND2,IL12RB2,EP300,CSF2,MCL1,IL12B,IRF9,RAF1,IL13,TSLP,IL27,IFNA17,IL23R,IL10RA,IFNGR2,IL22RA2,BCL2,PDGFRA,PIK3CB,SOCS1,IL31,STAT5A,STAM,SOCS3,IL23A,IFNL1,FHL1,CSF3R,LEP,AKT3,IFNAR2,IFNK,GH1,AKT2,PDGFA,PTPN2,HRAS,STAT3,CSF2RB,PIK3CD,SOCS2,IL3RA,GHR,MTOR,IL20RB,GRB2,IFNA1,IFNG,IFNA8,IL9R,CSF3,IL10RB,IFNA4,IFNB1,IL20,CDKN1A,AKT1,MYC,IL6ST,IFNA16,LIF,CTF1,IL7R,,,,,,,,,,,,,,,,,,,,,,,,,,,,,,,,,,,,,,,,,,,,,,,,,,,,,,,,,,,,,,,,,,,,,,,,,,,,,,,,,,,,,,,,,,,,,,,,,,,,,,,,,,,,,,,,,,,,,,,,,,,,,,,,,,,,,,,,,,,,,,,,,,,,,,,,,,,,,,,,,,,,,,,,,,,,,,,,,,,,,,,,,,,,,,,,,,,,,,,,,,,,,,,,,,,,,,,,,,,,,,,,,,,,,,,,,,,,,,,,,,,,,,,,,,,,,,,,,,,,,,,,,,,,,,,,,,,,,,,
KEGG_NF-KAPPA_B_SIGNALING_PATHWAY,BLNK,GADD45B,TNFSF11,SYK,ZAP70,VCAM1,PIAS4,RIGI,BCL2L1,PRKCB,TRAF1,GADD45G,CXCL8,MYD88,TNFRSF13C,RIPK1,EDAR,PTGS2,CARD11,TICAM2,CSNK2A1,TNFRSF1A,BIRC3,TRADD,CARD14,LAT,CCL21,UBE2I,NFKB1,TNFAIP3,MALT1,CCL4,CFLAR,IRAK4,CD40LG,RELA,IGH,PLCG2,LY96,IRAK1,PPP1R13L,CHUK,NFKBIA,TAB3,CXCL2,TAB1,TLR4,PARP1,CSNK2A2,CXCL12,LTBR,LCK,XIAP,PIDD1,IL1R1,TRAF3,TRIM25,LBP,GADD45A,RELB,CD40,EDA2R,TRAF5,EDA,CSNK2A3,BCL2,NFKB2,BIRC2,IKBKG,TAB2,LTA,ERC1,IL1B,PLAU,LTB,CARD10,PRKCQ,MAP3K7,IKBKB,CCL4L2,TRAF6,MAP3K14,CXCL3,ATM,ICAM1,TIRAP,CCL13,LYN,CSNK2B,TRAF2,TNFSF13B,CD14,CCL4L1,TNFSF14,BTK,TNFRSF11A,EDARADD,TNF,BCL2A1,PLCG1,TICAM1,CYLD,BCL10,CXCL1,CCL19,,,,,,,,,,,,,,,,,,,,,,,,,,,,,,,,,,,,,,,,,,,,,,,,,,,,,,,,,,,,,,,,,,,,,,,,,,,,,,,,,,,,,,,,,,,,,,,,,,,,,,,,,,,,,,,,,,,,,,,,,,,,,,,,,,,,,,,,,,,,,,,,,,,,,,,,,,,,,,,,,,,,,,,,,,,,,,,,,,,,,,,,,,,,,,,,,,,,,,,,,,,,,,,,,,,,,,,,,,,,,,,,,,,,,,,,,,,,,,,,,,,,,,,,,,,,,,,,,,,,,,,,,,,,,,,,,,,,,,,,,,,,,,,,,,,,,,,,,,,,,,,,,,,,,,,,,,,,,,,,,,,,,,,,,,,,,,,,,,,,,,
KEGG_TNF_SIGNALING_PATHWAY,CCL20,MAPK11,PIK3R1,VCAM1,CREB5,FOS,CXCL5,CASP3,VEGFC,MAPK3,TRAF1,RIPK3,CREB3L2,MAP3K8,RIPK1,IRF1,PTGS2,NOD2,ATF2,VEGFD,JAG1,MAPK9,TNFRSF1A,BIRC3,TRADD,MAPK13,CREB3,PIK3CA,IL15,CREB1,ADAM17,CSF1,CXCL6,NFKB1,MAP2K1,CREB3L4,TNFAIP3,MMP9,PIK3R3,MMP3,MAP2K3,MAP2K7,CASP8,CFLAR,RELA,EDN1,ATF4,RHBDF2,JUN,BCL3,IL6,MAPK8,PIK3R2,CHUK,MAPK1,TAB3,NFKBIA,CXCL2,TAB1,MAP2K6,P3R3URF-PIK3R3,TNFRSF1B,XIAP,FADD,TRAF3,CREB3L1,CSF2,MAP3K5,CREB3L3,DAB2IP,DNM1L,JUNB,ITCH,TRAF5,BAG4,MMP14,RPS6KA5,CEBPB,PIK3CB,BIRC2,MLKL,IKBKG,SOCS3,TAB2,MAPK10,MAPK14,LTA,IL1B,RHBDF1,CX3CL1,MAP3K7,AKT3,IKBKB,MAP3K14,CXCL3,ICAM1,AKT2,CCL2,MAP2K4,PIK3CD,CXCL10,TRAF2,IL18R1,RPS6KA4,FRMD8,IFNB1,CCL5,TNF,SELE,CASP7,CASP10,AKT1,FAS,CYLD,LIF,CXCL1,MAPK12,PGAM5,ATF6B,,,,,,,,,,,,,,,,,,,,,,,,,,,,,,,,,,,,,,,,,,,,,,,,,,,,,,,,,,,,,,,,,,,,,,,,,,,,,,,,,,,,,,,,,,,,,,,,,,,,,,,,,,,,,,,,,,,,,,,,,,,,,,,,,,,,,,,,,,,,,,,,,,,,,,,,,,,,,,,,,,,,,,,,,,,,,,,,,,,,,,,,,,,,,,,,,,,,,,,,,,,,,,,,,,,,,,,,,,,,,,,,,,,,,,,,,,,,,,,,,,,,,,,,,,,,,,,,,,,,,,,,,,,,,,,,,,,,,,,,,,,,,,,,,,,,,,,,,,,,,,,,,,,,,,,,,,,,,,,,,,,,,,,,
KEGG_HIF-1_SIGNALING_PATHWAY,CAMK2A,ALDOB,ENO3,LDHB,FLT1,NOS3,NPPA,MKNK2,MKNK1,CYBB,PIK3R1,LDHA,CREBBP,MAPK3,HMOX1,TFRC,PRKCB,EGLN1,EIF4E2,ANGPT2,SERPINE1,ARNT,TIMP1,EIF4E1B,PRKCA,ANGPT4,RBX1,INS,PIK3CA,IGF1R,EGF,NFKB1,MAP2K1,EGLN2,LDHAL6B,CAMK2G,ELOB,PIK3R3,CAMK2B,ALDOC,EPO,PDHA1,TEK,PGK2,EGFR,RELA,EDN1,RPS6KB1,IFNGR1,PLCG2,ERBB2,CUL2,PFKM,IL6,IGF1,EPAS1,PIK3R2,HKDC1,SLC2A1,MAPK1,VHL,TLR4,IL6R,P3R3URF-PIK3R3,EIF4E,LTBR,GAPDH,RPS6,EP300,HIF1A,MAP2K2,EIF4EBP1,ALDOA,EGLN3,IFNGR2,BCL2,PIK3CB,PDK1,PGK1,CAMK2D,HK2,PFKFB3,ENO1,PFKP,AKT3,ANGPT1,AKT2,STAT3,PIK3CD,TF,HK3,PDHA2,CDKN1B,MTOR,IFNG,PFKL,NOS2,VEGFA,LDHAL6A,LDHC,PDHB,CDKN1A,ELOC,INSR,AKT1,HK1,RPS6KB2,PLCG1,PRKCG,ENO2,,,,,,,,,,,,,,,,,,,,,,,,,,,,,,,,,,,,,,,,,,,,,,,,,,,,,,,,,,,,,,,,,,,,,,,,,,,,,,,,,,,,,,,,,,,,,,,,,,,,,,,,,,,,,,,,,,,,,,,,,,,,,,,,,,,,,,,,,,,,,,,,,,,,,,,,,,,,,,,,,,,,,,,,,,,,,,,,,,,,,,,,,,,,,,,,,,,,,,,,,,,,,,,,,,,,,,,,,,,,,,,,,,,,,,,,,,,,,,,,,,,,,,,,,,,,,,,,,,,,,,,,,,,,,,,,,,,,,,,,,,,,,,,,,,,,,,,,,,,,,,,,,,,,,,,,,,,,,,,,,,,,,,,,,,,,,,,,,
KEGG_FOXO_SIGNALING_PATHWAY,S1PR1,GADD45B,MAPK11,IRS4,SOS2,SMAD4,PIK3R1,HOMER2,CREBBP,MAPK3,SMAD3,CCND1,BCL6,BNIP3,GABARAPL1,PRKAG1,GADD45G,CCNB2,CAT,PLK2,PRMT1,MAPK9,PLK4,INS,PIK3CA,MAPK13,TGFB3,IGF1R,EGF,FOXO6,GABARAP,PRKAG2,PRKAB1,MAP2K1,GRM1,SETD7,IL10,PIK3R3,HOMER1,PLK3,BCL2L11,FOXG1,PRKAA2,EGFR,SOD2,ATG12,PRKAB2,CSNK1E,PRKAG3,IL6,IGF1,RAG1,MAPK8,PIK3R2,CHUK,USP7,MAPK1,CCNG2,SOS1,KRAS,RAG2,SIRT1,P3R3URF-PIK3R3,TGFBR2,S1PR4,TGFBR1,KLF2,FOXO1,CCND2,EP300,G6PC2,GADD45A,RAF1,BRAF,MAP2K2,PTEN,AGAP2,GABARAPL2,CDKN2B,SGK3,G6PC1,ARAF,TPTEP2-CSNK1E,CCNB1,SGK2,PIK3CB,FBXO32,MAPK10,MAPK14,SLC2A4,STK11,AKT3,IKBKB,FOXO4,PLK1,HOMER3,TNFSF10,IRS2,SKP2,ATM,AKT2,C8orf44-SGK3,HRAS,FOXO3,STAT3,RBL2,PIK3CD,TGFB2,CDK2,NLK,MDM2,CDKN1B,FBXO25,SGK1,PRKAA1,NRAS,GRB2,CDKN2D,PCK1,G6PC3,TGFB1,DEPP1,IRS1,IL7R,STK4,PCK2,CDKN1A,INSR,AKT1,FASLG,PDPK1,MAPK12,CCNB3,,,,,,,,,,,,,,,,,,,,,,,,,,,,,,,,,,,,,,,,,,,,,,,,,,,,,,,,,,,,,,,,,,,,,,,,,,,,,,,,,,,,,,,,,,,,,,,,,,,,,,,,,,,,,,,,,,,,,,,,,,,,,,,,,,,,,,,,,,,,,,,,,,,,,,,,,,,,,,,,,,,,,,,,,,,,,,,,,,,,,,,,,,,,,,,,,,,,,,,,,,,,,,,,,,,,,,,,,,,,,,,,,,,,,,,,,,,,,,,,,,,,,,,,,,,,,,,,,,,,,,,,,,,,,,,,,,,,,,,,,,,,,,,,,,,,,,,,,,,,,,,,,,,,,,,,,,
KEGG_CALCIUM_SIGNALING_PATHWAY,NOS3,CAMK2A,FLT1,MYLK4,PDGFB,ITPKA,PLCZ1,ERBB3,CACNA1E,TFEB,SLC8A3,GRM5,ATP2A2,VEGFC,P2RX5,SPHK1,RET,PRKCB,GRIN2C,TACR3,NFATC2,FGFR2,ADCY8,GRIN1,CALM3,PPP3CB,ADCY3,HTR4,NFATC1,P2RX4,PHKA2,FGF22,OXTR,EDNRB,STIM2,CACNA1C,PRKCA,TACR1,P2RX3,HTR7,VEGFD,TNNC1,GDNF,PHKA1,CCKAR,ADCY9,ATP2B4,SLC25A4,FGF20,PTGER3,TPCN2,ADCY1,CACNA1F,EGF,FGF16,SLC8A2,FGF7,VDAC1,GRM1,GRPR,ATP2A3,CACNA1B,ATP2B3,CAMK1D,BDKRB2,CAMK2G,CALM1,NOS1,PHKG2,LTB4R2,CAMK2B,P2RX6,CALML5,PPIF,PLN,PPP3CC,FGF23,FGF18,PRKACA,CACNA1A,ARLN,GRIN2A,ITPKC,PDE1C,EGFR,TBXA2R,ADORA2A,GNAQ,RYR1,PLCB4,PTK2B,IGH,PLCG2,FGF6,CACNA1D,ERBB2,ADRA1B,FGFR4,GNA11,CXCR4,FGF17,TGFA,ERBB4,ADCY4,CHRM5,PTGFR,ATP2B1,HTR2B,PLCD3,MET,PPP3R1,FGF19,MYLK3,NFATC3,CYSLTR1,MST1R,PRKACG,DRD1,STIM1,GNA14,P2RX7,PDGFRB,PHKG1,ASPH,ATP2B2,CASQ2,HTR6,FGF8,ADRB1,PLCD1,PTGER1,CALML4,DRD5,LHCGR,CHRM3,MCOLN3,FGFR1,HGF,GRIN3B,GRIN2D,ADRB3,P2RX1,FGF4,ADRA1A,CHRFAM7A,HTR2A,GNAS,SLC25A5,CHRM1,CCKBR,CAMK4,SLC25A31,SPHK2,TNNC2,ITPR3,KDR,HTR5A,CALML6,CHRNA7,NTRK2,PHKB,AVPR1A,PLCE1,CACNA1G,PDGFRA,PDE1B,ADRB2,PTAFR,HRH1,CACNA1H,MCOLN2,CAMK2D,MYLK,EDNRA,ADORA2B,GNA15,GRIN3A,RYR3,MCU,NFATC4,ORAI3,MST1,NTSR1,SLC8A1,NTRK1,PDGFD,CALML3,CASQ1,VDAC2,BDKRB1,FGF21,ADRA1D,ADCY7,ORAI2,PRKACB,PDGFA,PLCB2,HRH2,VDAC3,FGFR3,NTRK3,FGF5,CACNA1S,FGF2,NGF,ERLN,ADCY2,MRLN,ITPR2,CD38,CACNA1I,VEGFB,ITPKB,CAMK1,P2RX2,CYSLTR2,FGF1,PLCD4,PLCB1,PDE1A,PPP3CA,SLN,CAMK1G,PPP3R2,TRHR,TRDN,FGF10,HTR2C,NOS2,AVPR1B,SLC25A6,TACR2,FGF9,VEGFA,FGF3,ITPR1,ORAI1,TPCN1,RYR2,GNAL,MCOLN1,AGTR1,GRIN2B,PLCB3,MYLK2,PDGFC,CALM2,PLCG1,CHRM2,F2R,HRC,PRKCG,ATP2A1,FLT4,,,,,,,,,,,,,,,,,,,,,,,,,,,,,,,,,,,,,,,,,,,,,,,,,,,,,,,,,,,,,,,,,,,,,,,,,,,,,,,,,,,,,,,,,,,,,,,,,,,,,,,,,,,,,,,,,,,,,,,,,,,,,,,,,,,,,,,,,,,,,,,,,,,,,,,,,,,,,,,,,,,,,,,,,,,,,,,,,,,,,,,,,,,,,,,,,
KEGG_PHOSPHATIDYLINOSITOL_SIGNALING_SYSTEM,PI4KA,PIP4P1,OCRL,ITPKA,PLCZ1,PIK3R1,IMPA1,MTMR8,PRKCB,IMPA2,CALM3,IP6K3,INPP5E,PIK3C3,MTMR2,PI4KB,PRKCA,PIP4K2C,INPP5D,IPMK,PIK3CA,PIK3C2G,CDS1,PIP4P2,PIKFYVE,INPP5B,MTMR4,CALM1,INPP5F,DGKE,CALML5,PIK3R3,MTMR3,PIP5K1A,ITPKC,PPIP5K1,IPPK,PIK3C2A,PLCB4,PLCG2,DGKD,DGKG,DGKH,PIK3R2,PIK3C2B,PLCD3,DGKA,DGKZ,IP6K1,IP6K2,P3R3URF-PIK3R3,DGKB,SYNJ1,PI4K2A,PIP4K2B,PLCD1,CALML4,CDS2,INPP4A,PTEN,DGKK,INPP4B,MTMR6,INPP1,ITPR3,CALML6,PLCE1,PIK3CB,INPP5A,BPNT2,PIP5K1B,PPIP5K2,SYNJ2,PI4K2B,CALML3,PIP4K2A,MTMR14,PLCB2,MTMR7,SACM1L,PIK3CD,ITPR2,DGKI,ITPKB,PLCD4,PLCB1,DGKQ,CDIPT,PIP5K1C,INPPL1,ITPR1,ITPK1,PLCB3,MTM1,MTMR1,CALM2,PLCG1,PRKCG,,,,,,,,,,,,,,,,,,,,,,,,,,,,,,,,,,,,,,,,,,,,,,,,,,,,,,,,,,,,,,,,,,,,,,,,,,,,,,,,,,,,,,,,,,,,,,,,,,,,,,,,,,,,,,,,,,,,,,,,,,,,,,,,,,,,,,,,,,,,,,,,,,,,,,,,,,,,,,,,,,,,,,,,,,,,,,,,,,,,,,,,,,,,,,,,,,,,,,,,,,,,,,,,,,,,,,,,,,,,,,,,,,,,,,,,,,,,,,,,,,,,,,,,,,,,,,,,,,,,,,,,,,,,,,,,,,,,,,,,,,,,,,,,,,,,,,,,,,,,,,,,,,,,,,,,,,,,,,,,,,,,,,,,,,,,,,,,,,,,,,,,,,,,,
KEGG_PHOSPHOLIPASE_D_SIGNALING_PATHWAY,FYN,PLA2G4C,FCER1G,SHC4,SYK,AVPR2,AGT,SOS2,PDGFB,GRM3,PIK3R1,CYTH3,GRM5,MAPK3,AGPAT2,CXCR2,SPHK1,AGPAT3,LPAR6,ADCY8,CXCL8,TSC1,ADCY6,CXCR1,SHC3,ADCY3,LPAR4,PTPN11,PRKCA,ADCY9,INS,TSC2,PLA2G4B,PIK3CA,PLPP2,ADCY1,EGF,PLPP1,MAP2K1,RRAS,GRM1,AGPAT1,DGKE,PIK3R3,PLD2,RAPGEF4,PIP5K1A,EGFR,LPAR2,PLCB4,PTK2B,PLCG2,IGH,RAPGEF3,DGKD,PLA2G4D,DGKG,PLA2G4F,MRAS,GRM4,DGKH,PIK3R2,ADCY4,PTGFR,JMJD7-PLA2G4B,MAPK1,KRAS,SOS1,DGKA,DGKZ,AGPAT4,CYTH1,P3R3URF-PIK3R3,DGKB,PDGFRB,GRM7,AVP,PIK3CG,GRM2,RAF1,MAP2K2,DGKK,GNAS,ARF6,PLD1,PLA2G4A,SPHK2,RHEB,RHOA,ADCY5,AVPR1A,PDGFRA,PIK3CB,AGPAT5,PIP5K1B,GAB2,RALA,AKT3,KITLG,PDGFD,GAB1,RALB,GRM6,ARF1,PLPP3,DNM2,AKT2,ADCY7,PDGFA,HRAS,PLCB2,KIT,RALGDS,CYTH4,DNM3,PIK3CD,RRAS2,PIK3R5,ADCY2,DGKI,NRAS,LPAR3,MTOR,PLCB1,DGKQ,SHC1,GRB2,GRM8,PIP5K1C,AVPR1B,MS4A2,LPAR1,LPAR5,F2,SHC2,AGTR1,PLCB3,PIK3R6,GNA12,INSR,DNM1,AKT1,PLA2G4E,PDGFC,PLCG1,F2R,GNA13,CYTH2,FCER1A,,,,,,,,,,,,,,,,,,,,,,,,,,,,,,,,,,,,,,,,,,,,,,,,,,,,,,,,,,,,,,,,,,,,,,,,,,,,,,,,,,,,,,,,,,,,,,,,,,,,,,,,,,,,,,,,,,,,,,,,,,,,,,,,,,,,,,,,,,,,,,,,,,,,,,,,,,,,,,,,,,,,,,,,,,,,,,,,,,,,,,,,,,,,,,,,,,,,,,,,,,,,,,,,,,,,,,,,,,,,,,,,,,,,,,,,,,,,,,,,,,,,,,,,,,,,,,,,,,,,,,,,,,,,,,,,,,,,,,,,,,,,,,,,,,,,,,,,,,
KEGG_SPHINGOLIPID_SIGNALING_PATHWAY,NOS3,S1PR1,FYN,MAPK11,FCER1G,CERS4,PPP2R5C,PIK3R1,RAC3,MAPK3,SPHK1,PRKCB,MAPK12,SGMS2,S1PR5,PRKCE,PRKCA,GNAI2,SPTLC1,SGPL1,MAPK9,TNFRSF1A,TRADD,PIK3CA,MAPK13,SMPD1,PPP2R5A,RAC2,BID,MAP2K1,NFKB1,PPP2R2C,ASAH2,BDKRB2,PIK3R3,PLD2,PRKCZ,ADORA3,S1PR2,PPP2R5B,GNAQ,RELA,PLCB4,GNAI3,PPP2R2A,SPTSSB,NSMAF,DEGS1,BAX,SGPP2,DEGS2,PIK3R2,ROCK2,MAPK1,ABCC1,KRAS,P3R3URF-PIK3R3,PPP2R1B,S1PR4,ROCK1,KNG1,MAP3K5,TP53,SPTLC3,RAF1,SGMS1,MAP2K2,PTEN,RAC1,S1PR3,ADORA1,PLD1,SPHK2,CERS3,RHOA,CERS1,SPTSSA,BCL2,PIK3CB,CERS6,SGPP1,MAPK10,GNAI1,MAPK14,SPTLC2,GAB2,AKT3,PPP2R1A,PPP2R3A,PPP2CA,PPP2R2D,AKT2,HRAS,PLCB2,CERS5,OPRD1,PIK3CD,ACER2,PPP2R3B,TRAF2,NRAS,ACER1,PLCB1,PPP2CB,PPP2R5D,PPP2R2B,MS4A2,TNF,PLCB3,GNA12,CERS2,ASAH1,AKT1,PPP2R5E,PDPK1,GNA13,PRKCG,PPP2R3C,SMPD2,FCER1A,CTSD,MAPK8,,,,,,,,,,,,,,,,,,,,,,,,,,,,,,,,,,,,,,,,,,,,,,,,,,,,,,,,,,,,,,,,,,,,,,,,,,,,,,,,,,,,,,,,,,,,,,,,,,,,,,,,,,,,,,,,,,,,,,,,,,,,,,,,,,,,,,,,,,,,,,,,,,,,,,,,,,,,,,,,,,,,,,,,,,,,,,,,,,,,,,,,,,,,,,,,,,,,,,,,,,,,,,,,,,,,,,,,,,,,,,,,,,,,,,,,,,,,,,,,,,,,,,,,,,,,,,,,,,,,,,,,,,,,,,,,,,,,,,,,,,,,,,,,,,,,,,,,,,,,,,,,,,,,,,,,,,,,,,,,,,,,,
KEGG_CAMP_SIGNALING_PATHWAY,CAMK2A,ATP1A3,ATP1A1,NPPA,SSTR2,ABCC4,FFAR2,GRIA3,SSTR1,ATP1A2,PIK3R1,CREB5,RAC3,FOS,SUCNR1,ATP2A2,CREBBP,MAPK3,TIAM1,KCNK2,CRHR1,HCAR1,GRIN2C,GHRL,AMH,ADCY8,PPP1CA,GRIN1,ATP1B1,ADCY6,PDE3B,CALM3,CREB3L2,ADCY3,HTR4,PPP1R12A,NFATC1,VIP,GHSR,ARAP3,AFDN,OXTR,HCN4,RAP1B,CACNA1C,DRD2,NPY,GNAI2,ADCY9,PDE4B,MAPK9,ATP2B4,PAK1,PTGER3,TSHB,PIK3CA,CREB3,CREB1,CACNA1F,ADCY1,CFTR,RAC2,CNGA2,MAP2K1,CREB3L4,NFKB1,RRAS,ATP2B3,ATP2A3,PPP1CB,CALM1,CAMK2G,SST,CNGB3,PIK3R3,CALML5,CAMK2B,PDE3A,PLN,PLD2,RAPGEF4,PRKACA,CNGA1,GRIN2A,ADORA2A,EDN3,OXT,RELA,HTR1D,EDN1,VIPR2,GPHA2,GNAI3,JUN,GRIA1,CACNA1D,RAPGEF3,VAV3,ACOX1,SOX9,CNGB1,HHIP,CRH,HTR1A,PIK3R2,ROCK2,ADCY4,PTGER2,TSHR,ATP2B1,VAV2,MAPK1,NFKBIA,GCG,RAP1A,GLI3,PRKACG,DRD1,FSHR,P3R3URF-PIK3R3,ATP1A4,ACOX3,ATP2B2,VAV1,HTR6,ADRB1,SLC9A1,ROCK1,GPR119,CALML4,DRD5,CREB3L1,HTR1F,EP300,LHCGR,GABBR1,RAF1,BRAF,GRIN3B,GRIN2D,CREB3L3,MAP2K2,PDE10A,ATP1B3,FXYD2,ADCYAP1R1,GNAS,GRIA4,MYL9,RAC1,ADORA1,CHRM1,HCN2,HCAR2,CAMK4,PLD1,POMC,ADCYAP1,CALML6,HTR1E,ADCY5,RHOA,PLCE1,LIPE,PIK3CB,ADRB2,CAMK2D,EDNRA,ADCY10,HCAR3,PTCH1,MAPK10,BAD,POPDC2,GNAI1,LHB,GRIN3A,ATP1B2,AKT3,PDE4C,CGA,CALML3,GRIA2,PDE4D,POPDC3,GIPR,ADCY7,AKT2,CNGA3,PRKACB,PPP1CC,BVES,CNGA4,CACNA1S,PIK3CD,BDNF,GLP1R,PPARA,RRAS2,ADCY2,TNNI3,CRHR2,GIP,FSHB,EDN2,PPP1R1B,HTR1B,GPHB5,ORAI1,RYR2,NPR1,NPY1R,SSTR5,GRIN2B,MC2R,AKT1,CALM2,CHRM2,F2R,GABBR2,PDE4A,ATP2A1,ATP1B4,FXYD1,GLI1,MAPK8,,,,,,,,,,,,,,,,,,,,,,,,,,,,,,,,,,,,,,,,,,,,,,,,,,,,,,,,,,,,,,,,,,,,,,,,,,,,,,,,,,,,,,,,,,,,,,,,,,,,,,,,,,,,,,,,,,,,,,,,,,,,,,,,,,,,,,,,,,,,,,,,,,,,,,,,,,,,,,,,,,,,,,,,,,,,,,,,,,,,,,,,,,,,,,,,,,,,,,,,,,,,,,,,,,,,,,,,,,,,,
KEGG_CGMP-PKG_SIGNALING_PATHWAY,KCNMA1,ATP1A3,NOS3,MYH6,ATP1A1,NPPA,MYLK4,ADRA2B,IRS4,ADRA2C,NPPB,ATP1A2,CREB5,SLC8A3,ATP2A2,MAPK3,NFATC2,ADCY8,PPP1CA,NPPC,ATP1B1,ADCY6,PDE3B,CREB3L2,CALM3,PPP3CB,ADCY3,NFATC1,PPP1R12A,TRPC6,ATF2,EDNRB,CACNA1C,PRKCE,NPR2,GNAI2,GUCY1A1,ADCY9,ATP2B4,INS,SLC25A4,CREB3,CREB1,CACNA1F,ADCY1,MEF2D,SLC8A2,MAP2K1,CREB3L4,VASP,VDAC1,ATP2B3,ATP2A3,PPP1CB,BDKRB2,CALM1,GUCY1A2,KCNJ8,CALML5,PDE3A,PLN,PPIF,GATA4,PPP3CC,ADORA3,CNGA1,PRKG1,KCNMB4,GNAQ,KCNMB1,PLCB4,ATF4,GNAI3,KCNMB2,ADRA1B,CACNA1D,GNA11,CNGB1,ROCK2,ADCY4,ATP2B1,MAPK1,PPP3R1,GUCY1B1,NFATC3,MYLK3,PDE5A,ATP1A4,ATP2B2,PRKG2,ADRB1,GTF2I,ROCK1,PIK3CG,KNG1,CALML4,CREB3L1,ADRA2A,RAF1,CREB3L3,ADRB3,MAP2K2,ADRA1A,ATP1B3,FXYD2,MYL9,SLC25A5,ADORA1,SLC25A31,ITPR3,CALML6,RHOA,ADCY5,ADRB2,EDNRA,MYLK,BAD,GNAI1,ATP1B2,NFATC4,AKT3,SLC8A1,MYH7,KCNMB3,CALML3,RGS2,BORCS8-MEF2B,IRS2,VDAC2,ADRA1D,AKT2,ADCY7,PPP1CC,KCNU1,PLCB2,VDAC3,OPRD1,CACNA1S,PIK3R5,ADCY2,ITPR2,PLCB1,PPP3CA,MEF2C,PPP3R2,MEF2B,SLC25A6,IRS1,MEF2A,ITPR1,IRAG1,NPR1,AGTR1,PLCB3,SRF,PIK3R6,GNA12,MYLK2,INSR,AKT1,CALM2,GNA13,PDE2A,ATP2A1,ATP1B4,ATF6B,,,,,,,,,,,,,,,,,,,,,,,,,,,,,,,,,,,,,,,,,,,,,,,,,,,,,,,,,,,,,,,,,,,,,,,,,,,,,,,,,,,,,,,,,,,,,,,,,,,,,,,,,,,,,,,,,,,,,,,,,,,,,,,,,,,,,,,,,,,,,,,,,,,,,,,,,,,,,,,,,,,,,,,,,,,,,,,,,,,,,,,,,,,,,,,,,,,,,,,,,,,,,,,,,,,,,,,,,,,,,,,,,,,,,,,,,,,,,,,,,,,,,,,,,,,,,,,,,,,,,,,,,,,,,,,,,,,,,,,,,
KEGG_PI3K-AKT_SIGNALING_PATHWAY,LAMB3,COL4A5,EPOR,COL9A3,HSP90AB1,FGFR2,PHLPP2,LPAR6,MYB,TSC1,GNG7,EIF4E1B,RXRA,LPAR4,IFNAR1,ATF2,GH2,EFNA1,INS,COL6A6,CREB3,PPP2R5A,TNR,NFKB1,IFNA13,ITGB4,ITGB8,PIK3R3,THEM4,OSMR,JAK1,CSHL1,EGFR,TNN,IGH,ERBB2,TGFA,IGF1,IL2RG,IL3,FN1,TLR4,CCND3,PDGFRB,PPP2R1B,TNXB,CDC37,CCND2,PIK3CG,TP53,HGF,COL4A3,PTEN,GNG12,PDGFRA,COL9A1,GYS1,YWHAH,BAD,ITGB3,IKBKB,IFNAR2,GH1,ITGA7,HSP90B1,PDGFA,KIT,NRTN,COL2A1,LAMC2,IL3RA,BDNF,NR4A1,CDKN1B,COL4A6,PPP2R2B,FGF9,ITGA1,IFNB1,PIK3R6,ITGB7,F2R,FLT4,COL6A1,OSM,IL4R,MLST8,PDGFB,NGFR,MAPK3,CCND1,EFNA2,ANGPT2,CREB3L2,LAMA3,CDK6,EIF4B,RPTOR,CREB1,IGF1R,CSF1,ITGAV,FGF16,FGF7,ITGA2,MAP2K1,CSH2,EPO,BCL2L11,TEK,COL6A2,PPP2R5B,PRKAA2,ITGA10,RELA,GYS2,RPS6KB1,LPAR2,GNG4,LAMA1,HSP90AA1,IL4,IL6,PSPN,GNG5,JAK3,ITGA4,CHUK,KRAS,TNC,CRTC2,ITGA9,P3R3URF-PIK3R3,EIF4E,FLT3,CSH1,COL9A2,CREB3L1,CREB3L3,MTCP1,EIF4EBP1,CHRM1,KDR,BCL2,IKBKG,AREG,TLR2,PTK2,LAMB2,PHLPP1,RBL2,FGF2,PIK3CD,MDM2,ITGB5,MTOR,COMP,COL1A1,LAMA5,FGF10,PCK1,IFNA1,IFNA8,YWHAG,FGF3,CSF3,YWHAZ,VTN,AKT1,FASLG,RPS6KB2,PDPK1,PPP2R3C,YWHAE,NOS3,IL7R,YWHAQ,PPP2R5C,SOS2,PIK3R1,THBS4,VEGFC,RELN,RET,IL2RB,IFNA14,EIF4E2,IFNA10,EFNA5,IL2,LAMC1,PRLR,VEGFD,PRKCA,GDNF,FGF20,IBSP,COL6A3,IFNA7,ITGA8,FGF23,IFNA5,CD19,IL2RA,PIK3R2,GNG3,IFNA21,MAPK1,GNGT2,FGF19,LAMB1,FGF8,RPS6,YWHAB,GNB5,G6PC2,EFNA3,CASP9,GNB1,FGFR1,FLT3LG,EFNA4-EFNA3,NTF4,PKN2,FGF4,TCL1B,CDK4,RAC1,ITGA11,IFNA17,ITGB1,NTRK2,RHEB,GNG13,SGK2,PIK3CB,STK11,AKT3,PIK3AP1,KITLG,PDGFD,PPP2R1A,PPP2R3A,GNG10,CHAD,C8orf44-SGK3,FGF5,CDK2,ITGA2B,EFNA4,PIK3R5,PRKAA1,GRB2,PGF,PPP2R5D,LPAR5,IFNA4,CDKN1A,INSR,COL4A1,PDGFC,GNB4,ITGB6,CHRM2,THBS3,IFNA16,ERBB3,MAGI1,ATF6B,GSK3B,FLT1,EREG,SYK,CREB5,THBS1,BCL2L1,COL4A2,LAMA4,FGF22,COL4A4,ANGPT4,GNG11,TSC2,PIK3CA,PKN3,EGF,CCNE1,JAK2,CREB3L4,PPP2R2C,IFNA2,GNG8,GNB2,FGF18,LAMA2,ATF4,ARTN,FGF6,EPHA2,PPP2R2A,FGF17,FGFR4,ERBB4,NTF3,IGF2,IL7,MET,SOS1,THBS2,IL6R,LAMC3,PRL,IFNA6,CCNE2,ITGA5,GNB3,ITGA6,MCL1,RAF1,BRCA1,MAP2K2,LAMB4,GNGT1,SGK3,G6PC1,VWF,DDIT4,PKN1,GNG2,CSF3R,TCL1A,NTRK1,ANGPT1,PPP2CA,FGF21,PPP2R2D,AKT2,HRAS,FOXO3,FGFR3,COL1A2,NGF,GHR,PPP2R3B,VEGFB,NRAS,LPAR3,SPP1,FGF1,SGK1,PPP2CB,G6PC3,CSF1R,IRS1,LPAR1,VEGFA,ITGA3,COL6A5,PCK2,MAGI2,PPP2R5E,MYC,,,,,,,,,,,,,,,,,,,,,,,,,,,,,,,,,,,,,,,,,,,,,,,,,,,,,,,,,,,,,,,,,,,,,,,,,,,,,,,,,,,,,
KEGG_AMPK_SIGNALING_PATHWAY,CAB39,ADIPOR1,IRS4,PPP2R5C,PIK3R1,CREB5,ULK1,CD36,FBP2,CCND1,CCNA1,PRKAG1,EEF2K,TBC1D1,TSC1,RAB2A,ADIPOR2,RAB11B,CREB3L2,INS,TSC2,RPTOR,HNF4A,PIK3CA,CREB3,CREB1,RAB14,PPP2R5A,IGF1R,CFTR,LEPR,PRKAG2,PRKAB1,CREB3L4,RAB8A,PPP2R2C,PIK3R3,CAB39L,MLYCD,CPT1C,PPP2R5B,PRKAA2,PRKAB2,GYS2,RPS6KB1,PPP2R2A,ACACA,RAB10,PFKM,PRKAG3,IGF1,PIK3R2,CAMKK2,CIDEA,SIRT1,CRTC2,HMGCR,P3R3URF-PIK3R3,FASN,PPP2R1B,CCNA2,SCD5,FOXO1,CREB3L1,PFKFB4,G6PC2,STRADA,CREB3L3,ADRA1A,EIF4EBP1,STRADB,G6PC1,FBP1,RHEB,PFKFB1,LIPE,PIK3CB,GYS1,SCD,PFKFB3,SLC2A4,STK11,ELAVL1,AKT1S1,PFKP,MAP3K7,AKT3,LEP,CPT1A,PFKFB2,IRS2,PPP2R1A,PPP2R3A,PPP2CA,PPP2R2D,AKT2,ADIPOQ,FOXO3,PPARG,PIK3CD,PPP2R3B,CPT1B,PRKAA1,MTOR,PPP2CB,SREBF1,PCK1,PPP2R5D,G6PC3,PFKL,PPP2R2B,IRS1,PPARGC1A,EEF2,PCK2,ACACB,INSR,AKT1,PPP2R5E,RPS6KB2,PDPK1,PPP2R3C,,,,,,,,,,,,,,,,,,,,,,,,,,,,,,,,,,,,,,,,,,,,,,,,,,,,,,,,,,,,,,,,,,,,,,,,,,,,,,,,,,,,,,,,,,,,,,,,,,,,,,,,,,,,,,,,,,,,,,,,,,,,,,,,,,,,,,,,,,,,,,,,,,,,,,,,,,,,,,,,,,,,,,,,,,,,,,,,,,,,,,,,,,,,,,,,,,,,,,,,,,,,,,,,,,,,,,,,,,,,,,,,,,,,,,,,,,,,,,,,,,,,,,,,,,,,,,,,,,,,,,,,,,,,,,,,,,,,,,,,,,,,,,,,,,,,,,,,,,,,,,,,,,,,,,,,,,,,,,,,,,,,,
KEGG_MTOR_SIGNALING_PATHWAY,CAB39,MLST8,DEPTOR,MAPKAP1,SOS2,PIK3R1,WNT5A,FNIP1,ULK2,PRR5,ULK1,MAPK3,RPS6KA3,PRKCB,RICTOR,EIF4E2,TSC1,EIF4E1B,ATP6V1D,WNT3A,FZD1,PRKCA,WNT8B,FZD5,FZD3,EIF4B,FZD2,WNT16,INS,DVL2,TSC2,TNFRSF1A,RPTOR,PIK3CA,FZD6,LRP6,SEC13,IGF1R,MAP2K1,LAMTOR1,WNT10B,FZD9,WNT2B,DVL3,PIK3R3,CAB39L,SEH1L,WNT5B,PRKAA2,LAMTOR3,RPS6KB1,RPS6KA1,ATP6V1B1,RPS6KA2,WNT3,IGF1,RRAGD,LPIN1,TELO2,PIK3R2,WNT9B,CHUK,FLCN,MAPK1,KRAS,SOS1,RRAGB,WNT2,TTI1,CASTOR1,ATP6V1H,FNIP2,P3R3URF-PIK3R3,EIF4E,NPRL2,WDR24,WNT7B,RPS6,SLC3A2,LPIN3,FZD10,SESN2,RAF1,STRADA,BRAF,ATP6V1E2,MAP2K2,LAMTOR2,PTEN,WNT10A,EIF4EBP1,ATP6V1C2,TBC1D7,STRADB,NPRL3,LRP5,RRAGC,WNT1,RHEB,RHOA,ATP6V1FP2,ATP6V1F,ATP6V1G1,PIK3CB,DEPDC5,DDIT4,RNF152,STK11,WNT4,ATP6V1E1,AKT1S1,LAMTOR4,AKT3,IKBKB,WNT7A,WNT9A,SKP2,AKT2,LAMTOR5,HRAS,FZD8,ATP6V1G2,PIK3CD,SGK1,NRAS,PRKAA1,ATP6V1G3,GRB10,CASTOR2,MTOR,RRAGA,PRR5L,GRB2,WNT6,FZD7,ATP6V1A,IRS1,LPIN2,CLIP1,ATP6V1C1,MIOS,TNF,WNT8A,INSR,AKT1,RPS6KB2,ATP6V1B2,PDPK1,SLC7A5,PRKCG,RPS6KA6,FZD4,DVL1,WDR59,SLC38A9,WNT11,GSK3B,,,,,,,,,,,,,,,,,,,,,,,,,,,,,,,,,,,,,,,,,,,,,,,,,,,,,,,,,,,,,,,,,,,,,,,,,,,,,,,,,,,,,,,,,,,,,,,,,,,,,,,,,,,,,,,,,,,,,,,,,,,,,,,,,,,,,,,,,,,,,,,,,,,,,,,,,,,,,,,,,,,,,,,,,,,,,,,,,,,,,,,,,,,,,,,,,,,,,,,,,,,,,,,,,,,,,,,,,,,,,,,,,,,,,,,,,,,,,,,,,,,,,,,,,,,,,,,,,,,,,,,,,,,,,,,,,,,,,,,,,,,,,,,,,,
KEGG_NEUROACTIVE_LIGAND-RECEPTOR_INTERACTION,S1PR1,NMBR,GABRB2,AVPR2,CNR2,ADRA2C,SSTR4,PTH,P2RX5,GRID2,RLN2,LPAR6,KISS1R,HTR4,RLN1,GHSR,LPAR4,GPR35,NPY5R,GABRE,GH2,DRD2,HTR7,GPR83,TSHB,GALR2,GABRG3,SLURP1,GABRP,KISS1,TRPV1,FPR1,LEPR,GAL,P2RY10,CALCB,TMEM97,GLRA3,P2RX6,NMUR2,MTNR1A,ADORA3,CSHL1,MC5R,VIPR2,GLRA1,PTGIR,NPFF,GRM4,GALR3,CHRNA2,PTGFR,CNR1,CYSLTR1,HRH3,DRD1,GABRG1,TAAR5,NPW,UCN,GRIK5,GRID1,LTB4R,HTR6,PPY,DRD5,APELA,CHRM3,PMCH,CALCR,CHRNB4,GABRA4,C5,UTS2B,UTS2R,GALR1,VIPR1,ADM,AVPR1A,PGRMC2,HRH1,EDNRA,PRSS3,GRIN3A,P2RY14,SCTR,GH1,GRIA2,NTS,AGTR2,ADRA1D,THRB,CHRM4,HCRTR2,TAAR1,GRIK2,CYSLTR2,GABRD,THRA,CHRNB2,HTR2C,AVPR1B,HCRT,LYNX1,F2,AGTR1,NPY4R,F2R,GHRHR,SCT,GRP,CTSG,SSTR2,ADRA2B,GHRH,GRIA3,NTSR2,PGRMC1,CRHR1,NMUR1,GRIN2C,P2RY13,GRIN1,GALP,CHRNA1,PRLH,TACR1,P2RX3,CCKAR,PTGDR,UCN2,GABRR1,TAC1,MLN,CHRNB1,CHRND,GRPR,TAAR9,BDKRB2,CSH2,OPRM1,TBXA2R,GPHA2,LPAR2,GLRB,RXFP2,GABRQ,GABRR2,CRH,GNRH1,IAPP,TSHR,PTGER2,GNRHR,PRLHR,OPRL1,CHRNA6,CSH1,GABRA2,INSL5,LYPD6,GABBR1,GRM2,ADRA2A,GABRA3,PRSS2,GRIN3B,CHRNG,ADRB3,HTR2A,CHRFAM7A,PNOC,S1PR3,ADORA1,CHRM1,TAC3,C3,PTAFR,GRIK1,OGFR,LHB,NTSR1,QRFPR,CGA,GRM6,BDKRB1,NPBWR1,CCK,PDYN,OPRD1,MLNR,GLP1R,FPR3,MTNR1B,GLRA2,CHRNE,CRHR2,TRHR,FSHB,F2RL3,NPY1R,GRIN2B,MC2R,OGFRL1,SPX,SSTR3,AGT,GRM3,SSTR1,P2RY2,GRM5,TAAR6,PTH2,QRFP,TAAR2,P2RX4,PATE2,PRLR,OXTR,EDNRB,GABRA6,NPY,RXFP1,PAQR6,NMS,PTGER3,GABRG2,RXFP3,P2RY11,LTB4R2,CHRNA9,GRIN2A,ADORA2A,DRD3,MC3R,CORT,GCGR,CHRM5,RLN3,AVP,ADRB1,KNG1,TAC4,LHCGR,BRS3,APLN,GRIN2D,GRIA4,CCKBR,POMC,HTR5A,PYY,CHRNA7,HTR1E,GABRR3,ADRB2,P2RY6,TAAR8,CHRNA4,GIPR,GPR156,PTH2R,UTS2,CALCA,NPVF,NMB,P2RX2,GABRA1,NPB,GRM8,GABRA5,GZMA,GIP,TACR2,NPS,PATE4,CHRM2,GABBR2,GRIK4,FPR2,GABRB1,PLG,NR3C1,TACR3,GHRL,NPY2R,VGF,OPRK1,VIP,PTH1R,S1PR5,GLP2R,MC1R,PATE1,MCHR2,F2RL2,PENK,GRM1,TRH,SST,GABRB3,HRH4,NPY4R2,NPFFR1,CHRNA10,S1PR2,P2RY8,EDN3,OXT,HTR1D,EDN1,GRIA1,ADRA1B,NPSR1,CHRNA3,HTR1A,HTR2B,SLURP2,GCG,F2RL1,NPFFR2,MCHR1,FSHR,PTGER4,RXFP4,P2RX7,GRM7,PRL,S1PR4,PTGER1,ADM2,HTR1F,P2RY4,P2RX1,ADRA1A,ADCYAP1R1,TSPO,APLNR,ADCYAP1,LYPD6B,GRIK3,DRD4,C3AR1,ADORA2B,NPBWR2,LEP,HCRTR1,CHRNB3,MAS1,PRSS1,HRH2,GPR50,GHR,CALCRL,LPAR3,UCN3,GNRH2,PATE3,EDN2,LPAR1,HTR1B,NMU,GPHB5,C5AR1,MC4R,SSTR5,CHRNA5,INSL3,PAQR9,P2RY1,,,,,,,,,,,,,,,,,,,,,,,,,,,,,,,,,,,,,,,,,,,,,,,,,,,,,,,,,,,,,,,,,,,,,,,,,,,,,
KEGG_HORMONE_SIGNALING,SSTR3,GAST,AGT,NPPA,SSTR2,AVPR2,IRS4,ADIPOR1,EPOR,GHRH,ADRA2B,ADRA2C,NPPB,SSTR1,PIK3R1,SMAD4,SSTR4,STAT5B,HEPH,PTH,GPER1,CRHR1,GNAO1,GUCY2C,GHRL,AMH,ADCY8,NPPC,ADCY6,ADIPOR2,GNG7,ADCY3,OPRK1,PTH1R,SMAD9,VIP,GHSR,MC1R,OXTR,GUCA2A,PRLH,BMPR1A,PRLR,HEPHL1,GH2,DRD2,NPR2,GNAI2,CCKAR,ADCY9,UCN2,GNG11,SLCO1C1,INS,TSHB,MCHR2,PIK3CA,PENK,ADCY1,MLN,IGF1R,THPO,ACVR1,GUCA2B,SMAD5,ITGAV,LEPR,JAK2,TRH,SST,NOS1,GNG8,CALCB,CSH2,PIK3R3,OPRM1,GNB2,EPO,SMAD1,RAPGEF4,PRKACA,CSHL1,PRKG1,DRD3,GNAQ,OXT,MC3R,MC5R,VIPR2,PLCB4,GNAI3,GCGR,GNG4,ESR2,ADRA1B,RAPGEF3,GNA11,CRH,GNRH1,GNG5,IGF1,IAPP,PIK3R2,IGF2,ADCY4,GNG3,GNRHR,MPL,TSHR,GNGT2,GCG,SLC16A2,DIO1,MCHR1,PRLHR,PRKACG,DRD1,OPRL1,GNA14,P3R3URF-PIK3R3,PTHLH,UCN,FSHR,BMPR1B,PRL,AVP,CSH1,PRKG2,ADRB1,GNB5,DRD5,GNB3,LHCGR,GNB1,DIO2,ADRA2A,PMCH,ADRB3,ADRA1A,CALCR,RAMP2,GNAS,PNOC,CCKBR,GNGT1,POMC,DRD4,AMHR2,SRC,VIPR1,ADCY5,GNG13,AVPR1A,RHOA,GNG12,PIK3CB,ADRB2,STAT5A,SLC16A10,GNG2,GNA15,GNAI1,STK11,ITGB3,LHB,LEP,HCRTR1,CGA,GH1,IRS2,AGTR2,GIPR,ADCY7,ADRA1D,ADIPOQ,APPL1,PRKACB,GNG10,CCK,PLCB2,THRB,NPR3,PDYN,STAT3,OPRD1,MLNR,PIK3CD,CALCA,GLP1R,HCRTR2,GHR,ADCY2,RAMP3,UCN3,PLCB1,GNRH2,CRHR2,THRA,TRHR,GIP,FSHB,AVPR1B,HAMP,RAMP1,HCRT,IRS1,ESR1,NPR1,MC4R,SSTR5,AGTR1,PLCB3,GNA12,MC2R,INSR,GNB4,GNA13,GHRHR,SLC40A1,,,,,,,,,,,,,,,,,,,,,,,,,,,,,,,,,,,,,,,,,,,,,,,,,,,,,,,,,,,,,,,,,,,,,,,,,,,,,,,,,,,,,,,,,,,,,,,,,,,,,,,,,,,,,,,,,,,,,,,,,,,,,,,,,,,,,,,,,,,,,,,,,,,,,,,,,,,,,,,,,,,,,,,,,,,,,,,,,,,,,,,,,,,,,,,,,,,,,,,,,,,,,,,,,,,,,,,,,,,,,,,,,,,,
KEGG_CYTOKINE-CYTOKINE_RECEPTOR_INTERACTION,OSM,CCL20,IL4R,CLCF1,TNFSF11,EPOR,TNFRSF19,CCL26,NGFR,CXCL13,EBI3,CCL23,CXCL5,IL15RA,IL1A,CXCR2,TNFSF9,BMP6,IFNL2,INHA,IL22RA1,CCL7,AMH,IL2RB,INHBC,IFNA14,PPBP,CXCL8,CCR3,PF4,IL24,IFNE,TNFRSF13C,CD27,IL21,CXCR1,IL31RA,EDAR,IFNA10,CNTF,GDF10,IFNAR1,TNFRSF14,BMP8A,BMP4,IL2,PRLR,TNFRSF6B,BMPR1A,GH2,IL34,IL1RL1,TNFRSF9,CCR5,CCL24,CCL3,IL18,IL22,IL12A,GDF11,ACVR2B,TNFRSF1A,IL17F,IL5RA,XCR1,TGFB3,IL15,CCR10,CCR4,IL27RA,IL32,THPO,IFNL3,CX3CR1,CXCL14,ACVR1,CXCL6,CSF1,LEPR,CCL21,IFNLR1,IL11,TNFRSF10A,IFNA13,IL1RL2,IFNA2,CXCL17,INHBA,CCL16,IL10,IFNA7,IL17C,CCL28,BMP15,TNFSF8,CSH2,XCL2,TNFSF13,IL17RE,IL11RA,IFNW1,CXCR5,OSMR,IL9,EPO,CCL4,CRLF2,CSHL1,GDF3,BMP2,TNFRSF11B,CD40LG,BMP5,IL36A,GDF6,IFNGR1,CSF2RA,IFNA5,CXCR3,BMPR2,CCL3L3,CCR7,CSF1R,IL21R,CXCR4,IL2RA,IL5,NODAL,CCR6,IL4,IL36G,IL13RA2,IL6,IL2RG,CNTFR,RELL1,GDF7,IL26,CCR1,MPL,IL7,IL3,BMP3,IFNA21,IL1F10,CXCL16,CD70,IL19,CXCL2,ACVR2A,LIFR,CCL3L1,IL12RB1,ACVR1C,IL6R,IL37,IL20RA,CCL18,CXCL12,TNFRSF1B,LTBR,IL13RA1,BMPR1B,XCL1,BMP7,PRL,IFNA6,TGFBR2,IL1R2,IL1R1,CSH1,IL36B,IL1RAP,TGFBR1,TNFRSF12A,IL12RB2,ACVRL1,ACKR4,BMP10,CSF2,IL12B,IL13,CCL15,IL17RB,IL17RA,TSLP,CD40,TNFRSF8,TNFRSF18,EDA2R,IL27,AMHR2,IFNA17,IL23R,INHBB,ACKR3,IL10RA,EDA,IFNGR2,IL17D,GDF2,TNFRSF25,IL31,TNFSF18,IL23A,CCR2,CCL1,GDF9,IFNL1,LTA,PF4V1,IL1B,CXCR6,LTB,TNFSF12,CCR9,IL16,TNFRSF4,CX3CL1,CSF3R,CCL27,LEP,CCL4L2,IFNAR2,TNFRSF17,IFNK,TNFSF10,GH1,TNFRSF10D,CCL11,TNFRSF10B,IL17RC,CXCL3,RELT,IL25,GDF15,INHBE,CCL2,IL36RN,TNFRSF21,IL1RN,CSF2RB,ACVR1B,TGFB2,IL3RA,CXCL11,CCL13,TNFRSF10C,GHR,NGF,BMP8B,CXCL10,CCL17,CCR8,IL18R1,TNFSF13B,CCL25,IL20RB,CCL4L1,IFNA1,IFNG,RELL2,CD4,TGFB1,IL17B,CCL14,IFNA8,IL9R,TNFSF4,TNFRSF13B,TNFSF14,TNFSF15,GDF5,CCL22,IL10RB,CSF3,IFNA4,TNFRSF11A,CCL8,IFNB1,CCL5,IL20,TNF,GDF1,IL18RAP,IL33,MSTN,IL17A,CXCL9,FASLG,IL6ST,FAS,IFNA16,LIF,CXCL1,CCL19,CTF1,IL7R,,,,,,,,,,,,,,,,,,,,,,,,,,,,,,,,,,,,,,,,,,,,,,,,,,,,,,,,,,,,,,,,,,,,,,,,,,,,,,,,,,,,,,,,,,,,,,,,,,,,,,,,,,,,,,,,,,,,,,,,,,,,,,,,,,,,,,,,,,,,,,,,,,,,,
KEGG_VIRAL_PROTEIN_INTERACTION_WITH_CYTOKINE_AND_CYTOKINE_RECEPTOR,CCL20,CCL26,CXCL13,CCL23,CXCL5,CXCR2,IL22RA1,CCL7,IL2RB,CCR3,PPBP,CXCL8,PF4,IL24,CXCR1,TNFRSF14,IL2,IL34,CCL24,CCR5,CCL3,IL18,TNFRSF1A,XCR1,CCR10,CX3CR1,CXCL14,CSF1,CXCL6,CCL21,TNFRSF10A,CCL16,IL10,CCL28,XCL2,CXCR5,CCL4,CCL3L3,CXCR3,CCR7,CXCR4,IL2RA,CCR6,IL6,IL2RG,CCR1,CXCL2,IL19,CCL3L1,IL6R,IL20RA,CCL18,CXCL12,TNFRSF1B,XCL1,LTBR,ACKR4,CCL15,ACKR3,IL10RA,CCR2,CCL1,PF4V1,LTA,CCR9,CX3CL1,CCL27,CCL11,CCR4,CCL4L2,TNFRSF10D,TNFSF10,TNFRSF10B,CXCL3,CCL2,CCL13,CXCL11,TNFRSF10C,CXCL10,CCR8,IL18R1,CCL25,IL20RB,CCL4L1,CCL14,CCL17,CSF1R,CCL8,TNFSF14,CCL22,IL10RB,CCL5,IL20,TNF,IL18RAP,CXCL9,IL6ST,CXCL1,CCL19,IL37,,,,,,,,,,,,,,,,,,,,,,,,,,,,,,,,,,,,,,,,,,,,,,,,,,,,,,,,,,,,,,,,,,,,,,,,,,,,,,,,,,,,,,,,,,,,,,,,,,,,,,,,,,,,,,,,,,,,,,,,,,,,,,,,,,,,,,,,,,,,,,,,,,,,,,,,,,,,,,,,,,,,,,,,,,,,,,,,,,,,,,,,,,,,,,,,,,,,,,,,,,,,,,,,,,,,,,,,,,,,,,,,,,,,,,,,,,,,,,,,,,,,,,,,,,,,,,,,,,,,,,,,,,,,,,,,,,,,,,,,,,,,,,,,,,,,,,,,,,,,,,,,,,,,,,,,,,,,,,,,,,,,,,,,,,,,,,,,,,,,,,,,,,,
KEGG_ECM-RECEPTOR_INTERACTION,LAMB3,COL4A5,NPNT,AGRN,THBS4,COL9A3,CD36,RELN,THBS1,COL4A2,LAMA4,LAMA3,LAMC1,COL4A4,SV2A,CD47,COL6A6,ITGAV,IBSP,TNR,COL6A3,ITGA2,GP5,ITGB4,ITGB8,ITGA8,GP1BA,COL6A2,ITGA10,TNN,LAMA2,CD44,FREM2,LAMA1,FREM1,FRAS1,ITGA4,TNC,FN1,THBS2,LAMB1,ITGA9,LAMC3,TNXB,COL9A2,ITGA5,ITGA6,GP9,COL4A3,SV2B,DSPP,LAMB4,ITGA11,GP1BB,ITGB1,VWF,HMMR,COL9A1,ITGB3,SV2C,DMP1,SDC1,ITGA7,DAG1,CHAD,LAMB2,COL1A2,COL2A1,LAMC2,ITGA2B,SPP1,ITGB5,COL4A6,COMP,COL1A1,MEPE,LAMA5,SDC4,HSPG2,GP6,ITGA3,ITGA1,COL6A5,VTN,COL4A1,ITGB7,ITGB6,THBS3,COL6A1,,,,,,,,,,,,,,,,,,,,,,,,,,,,,,,,,,,,,,,,,,,,,,,,,,,,,,,,,,,,,,,,,,,,,,,,,,,,,,,,,,,,,,,,,,,,,,,,,,,,,,,,,,,,,,,,,,,,,,,,,,,,,,,,,,,,,,,,,,,,,,,,,,,,,,,,,,,,,,,,,,,,,,,,,,,,,,,,,,,,,,,,,,,,,,,,,,,,,,,,,,,,,,,,,,,,,,,,,,,,,,,,,,,,,,,,,,,,,,,,,,,,,,,,,,,,,,,,,,,,,,,,,,,,,,,,,,,,,,,,,,,,,,,,,,,,,,,,,,,,,,,,,,,,,,,,,,,,,,,,,,,,,,,,,,,,,,,,,,,,,,,,,,,,,,,,,,,,,,
KEGG_CELL_ADHESION_MOLECULES,NLGN2,CD6,OCLN,CNTNAP1,SLITRK6,SDC3,LRRC4,VCAM1,CLDN20,VTCN1,NECTIN1,MADCAM1,NRXN3,CD276,HLA-DRA,NCAM1,ICAM3,CD226,CLDN22,CNTNAP2,CD58,HLA-DPA1,SELP,HLA-DQB1,NECTIN2,HLA-DRB4,CADM1,HLA-E,CLDN19,NRXN1,CLDN5,NLGN3,CLDN9,CD8B2,ITGAV,CLDN4,NTNG1,CNTN1,ICOSLG,ITGB8,PTPRC,ITGA8,CLDN18,SELPLG,ITGAM,CADM3,PECAM1,CLDN34,ITGB2,ITGAL,CD40LG,JAM3,HLA-DMB,CD80,NRXN2,NLGN4X,SLITRK3,PTPRS,CDH2,SDC2,CD8A,CLDN6,HLA-B,ICOS,ITGA4,CLDN25,CLDN14,LRRC4B,GLG1,F11R,ITGA9,HLA-DRB5,HLA-C,SLITRK1,VSIR,CD2,PTPRD,SELL,SIGLEC1,NFASC,TIGIT,ITGA6,ESAM,HLA-G,HLA-DQA1,HLA-F,HLA-DOB,LRRC4C,CD40,CDH5,NLGN1,CLDN3,CLDN7,ITGB1,MPZ,NEGR1,CLDN12,JAM2,HLA-DMA,VCAN,L1CAM,HLA-DQB2,PTPRF,CD86,NEO1,CDH4,HLA-DRB3,CD8B,CNTN2,CDH15,SLITRK4,NECTIN3,NCAM2,SDC1,CLDN16,PDCD1,CD28,PTPRM,CDH1,SPN,CLDN17,CLDN8,ICAM1,SLITRK5,CD99,HLA-DRB1,HLA-DQA2,CD99L2,CD34,CLDN2,HLA-DOA,HLA-A,NTNG2,CLDN23,CLDN24,ALCAM,CLDN11,NLGN4Y,HLA-DPB1,CTLA4,IGSF11,CLDN15,CD22,CLDN10,CD4,SDC4,NRCAM,SLITRK2,PDCD1LG2,MAG,SELE,ITGB7,CD274,CLDN1,CDH3,PVR,ICAM2,,,,,,,,,,,,,,,,,,,,,,,,,,,,,,,,,,,,,,,,,,,,,,,,,,,,,,,,,,,,,,,,,,,,,,,,,,,,,,,,,,,,,,,,,,,,,,,,,,,,,,,,,,,,,,,,,,,,,,,,,,,,,,,,,,,,,,,,,,,,,,,,,,,,,,,,,,,,,,,,,,,,,,,,,,,,,,,,,,,,,,,,,,,,,,,,,,,,,,,,,,,,,,,,,,,,,,,,,,,,,,,,,,,,,,,,,,,,,,,,,,,,,,,,,,,,,,,,,,,,,,,,,,,,,,,,,,,,,,,,,,,,,,,,,,
KEGG_ENDOCYTOSIS,PARD6G,ACTR3C,SNX32,HSPA1A,ARPC3,AGAP9,CAV3,CLTCL1,CHMP4B,CYTH3,PSD4,SH3GL2,SMAD3,EPN2,SMAD2,CXCR2,ZFYVE16,ARAP1,STAM2,RAB5A,TFRC,CAPZA3,IL2RB,FGFR2,RAB11FIP5,VPS37A,EPS15L1,ARPC2,CHMP1A,SNX1,SNX4,VPS28,RAB11B,PARD6B,CXCR1,ARPC1A,ARRB1,SNX2,ARAP3,GBF1,VPS4A,EHD4,GRK4,HLA-E,CCR5,SNX5,VPS37D,PSD3,SNX12,RNF103-CHMP3,ARRB2,RAB11FIP3,VPS36,GRK2,IST1,IGF1R,CAPZA2,IQSEC2,PRKCI,CAPZB,PARD6A,WASHC3,ZFYVE9,CLTC,RAB8A,ARFGEF1,ASAP1,RAB4A,GRK3,CAV2,SH3KBP1,SNX3,ARFGAP2,PLD2,ZFYVE27,PRKCZ,PIP5K1A,CHMP1B,EGFR,ACAP1,VPS29,HSPA6,SNX6,RAB11FIP2,GRK5,WASHC1,RAB35,CAV1,VPS26B,RAB10,ARFGAP3,FGFR4,IQSEC1,CXCR4,EHD2,ACAP2,IL2RA,KIF5C,ARPC4,IL2RG,RAB5B,CAPZA1,GRK6,HLA-B,IQSEC3,PML,GRK7,CHMP6,CHMP7,SPG21,CHMP2A,WASHC2A,AP2S1,HSPA1L,ARFGEF2,CYTH1,AGAP3,HLA-C,ARF4,ARPC5L,RAB11FIP4,CLTA,VTA1,TGFBR2,ARF5,HSPA8,TGFBR1,BIN1,HSPA1B,ASAP2,RAB5C,VPS37B,PSD2,CHMP4C,HLA-G,HLA-F,EHD3,NEDD4,ARPC1B,SH3GL1,CBLB,WASH,CDC42,ARF6,AP2A2,AGAP2,SMAP2,PLD1,SMURF2,SRC,ITCH,EPS15,FOLR3,KIF5A,RHOA,RNF41,MVB12A,WASHC4,WWP1,WASHC2C,PDGFRA,VPS35,DNAJC6,ARF3,ARPC5,DAB2,STAM,HGS,ARAP2,SH3GLB2,RABEP1,NEDD4L,RAB7A,PIP5K1B,ARFGAP1,VPS26A,SPART,AP2A1,CHMP4A,AP2M1,SMAP1,WIPF3,EPN1,EHD1,USP8,CBL,TRAF6,EEA1,FOLR2,ACAP3,DNM2,GIT1,ARF1,AMPH,RBSN,VPS37C,STAMBP,RAB22A,AP2B1,HRAS,RAB11FIP1,FGFR3,GRK1,CLTB,TSG101,PIP5KL1,AGAP4,HLA-A,DNM3,CYTH4,AGAP6,ACTR2,MDM2,VPS25,PARD3,VPS45,IGF2R,KIF5B,FOLR1,SH3GLB1,CHMP2B,CBLC,RAB31,EPN3,ACTR3B,ACTR3,PIP5K1C,WASHC5,MVB12B,RUFY2,WIPF1,PDCD6IP,VPS4B,LDLR,CHMP3,SH3GL3,WASL,WIPF2,SMURF1,SNF8,DNM1,RAB11A,ASAP3,AGAP1,CYTH2,RUFY1,PSD,CHMP5,GIT2,AGAP5,LDLRAP1,,,,,,,,,,,,,,,,,,,,,,,,,,,,,,,,,,,,,,,,,,,,,,,,,,,,,,,,,,,,,,,,,,,,,,,,,,,,,,,,,,,,,,,,,,,,,,,,,,,,,,,,,,,,,,,,,,,,,,,,,,,,,,,,,,,,,,,,,,,,,,,,,,,,,,,,,,,,,,,,,,,,,,,,,,,,,,,,,,,,,,,,,,,,,,,,,,,,
KEGG_PHAGOSOME,TUBB2A,DYNC1I2,CLEC7A,CYBB,CALR,MPO,THBS4,ATP6V0D2,RILP,CD36,SCARB1,TUBB6,HLA-DRA,RAB5A,THBS1,TFRC,HLA-DPA1,SEC61A1,CYBA,PIK3C3,ATP6V1D,HLA-DQB1,SEC22B,TUBA1C,ATP6V0E1,CORO1A,HLA-DRB4,TUBB8B,HLA-E,TCIRG1,TUBB3,TUBAL3,FCAR,DYNC1H1,ACTB,ITGAV,PIKFYVE,STX7,TLR6,ITGA2,TUBB,NOS1,SFTPA2,TUBA4A,FCGR3B,ITGAM,ITGB2,MRC2,ATP6V0A4,MBL2,HLA-DMB,IGH,TUBB4A,ATP6V1B1,RAB7B,ATP6V0B,RAB5B,LAMP2,TUBA1B,SEC61A2,HLA-B,TUBB2B,ATP6AP1,THBS2,TLR4,CD209,ATP6V1H,HLA-DRB5,C1R,HLA-C,TUBA3E,DYNC1I1,ITGA5,RAB5C,MRC1,NCF2,VAMP3,TUBB8,SFTPD,HLA-G,HLA-DQA1,HLA-F,FCGR3A,HLA-DOB,ATP6V1E2,COLEC11,FCGR1A,ATP6V1C2,RAC1,TUBA1A,ITGB1,COLEC12,PLA2R1,ATP6V0E2,ATP6V1G1,ATP6V1FP2,HLA-DMA,ATP6V1F,TUBB4B,TUBB1,HLA-DQB2,C3,DYNC1LI1,CLEC4M,HGS,TAP2,SEC61G,SFTPA1,ATP6V0C,HLA-DRB3,RAB7A,SEC61B,ITGB3,ATP6V1E1,ATP6V0A2,M6PR,TLR2,CTSS,FCGR2A,EEA1,ATP6V0A1,MARCO,NCF4,HLA-DRB1,HLA-DQA2,ACTG1,HLA-DOA,ATP6V1G2,DYNC2H1,HLA-A,TUBA3D,TUBA3C,ATP6V1G3,ITGB5,FCGR2C,HLA-DPB1,COMP,CD14,STX18,STX12,ATP6V1A,TAP1,CTSL,NCF1,TUBA8,ATP6V1C1,CANX,LAMP1,MSR1,ATP6V1B2,THBS3,ATP6V0D1,FCGR2B,DYNC1LI2,OLR1,,,,,,,,,,,,,,,,,,,,,,,,,,,,,,,,,,,,,,,,,,,,,,,,,,,,,,,,,,,,,,,,,,,,,,,,,,,,,,,,,,,,,,,,,,,,,,,,,,,,,,,,,,,,,,,,,,,,,,,,,,,,,,,,,,,,,,,,,,,,,,,,,,,,,,,,,,,,,,,,,,,,,,,,,,,,,,,,,,,,,,,,,,,,,,,,,,,,,,,,,,,,,,,,,,,,,,,,,,,,,,,,,,,,,,,,,,,,,,,,,,,,,,,,,,,,,,,,,,,,,,,,,,,,,,,,,,,,,,,,,,,,,,,,,,,,
KEGG_LYSOSOME,CTSG,AP1M1,HEXB,CD164,CTSZ,CLTCL1,ABCB9,ATP6V0D2,AP1S1,DMXL1,AP3B1,GUSB,NAGLU,NAGA,AP1S3,NPC1,AGA,TCIRG1,GGA2,SMPD1,LAPTM5,IDS,LGMN,GM2A,AP1G2,PSAP,CTSC,CLTC,WDR7,GNPTG,CTSV,GAA,CTNS,AP3D1,ATP6V0A4,CTSO,DNASE2B,AP4M1,HEXA,SCARB2,IDUA,NAPSA,ATP6V0B,CTSW,ABCA2,GALNS,AP4B1,LAMP3,LIPA,LAMP2,ARSB,SORT1,ATP6AP1,MANBA,SUMF1,ATP6V1H,CLN3,CTSB,AP3S1,HGSNAT,CLN5,CLTA,NCOA7,PLA2G15,MEAK7,GALC,NEU1,ARSA,DNASE2,ENTPD4,ACP2,AP1B1,NAGPA,GNPTAB,AP1G1,GNS,CTSA,ACP5,TPP1,PSAPL1,HYAL4,ATP6V0C,HYAL3,HYAL1,ATP6V0A2,ARSG,M6PR,CTSS,CD68,CTSH,ATP6V0A1,AP1S2,MAN2B1,SLC11A1,CTSE,FUCA1,CLTB,NPC2,FUCA2,AP4E1,AP3B2,DMXL2,CD63,IGF2R,SPAM1,GBA1,GLB1,SLC11A2,CTSK,AP4S1,PPT1,GGA3,LAPTM4A,CTSL,SLC17A5,SGSH,LITAF,GGA1,MCOLN1,LAMP1,HYAL2,ASAH1,MFSD8,AP3S2,ATP6V0D1,LAPTM4B,AP3M2,AP3M1,CTSF,GLA,PPT2,AP1M2,CTSD,,,,,,,,,,,,,,,,,,,,,,,,,,,,,,,,,,,,,,,,,,,,,,,,,,,,,,,,,,,,,,,,,,,,,,,,,,,,,,,,,,,,,,,,,,,,,,,,,,,,,,,,,,,,,,,,,,,,,,,,,,,,,,,,,,,,,,,,,,,,,,,,,,,,,,,,,,,,,,,,,,,,,,,,,,,,,,,,,,,,,,,,,,,,,,,,,,,,,,,,,,,,,,,,,,,,,,,,,,,,,,,,,,,,,,,,,,,,,,,,,,,,,,,,,,,,,,,,,,,,,,,,,,,,,,,,,,,,,,,,,,,,,,,,,,,,,,,,,,,,,,,,,,,,,,,,,,
KEGG_PEROXISOME,PEX16,ABCD4,PEX19,ACOX3,FAR1,PRDX5,GNPAT,HSD17B4,AMACR,ACSL5,IDH1,ECI2,PEX5L,ACSL4,DAO,HAO1,PEX10,MVK,NUDT19,EHHADH,CRAT,MLYCD,HACL1,DECR2,XDH,ECH1,SOD1,PEX14,PHYH,ABCD3,GSTK1,HAO2,PRDX1,MPV17L,PXMP4,SLC25A17,DHRS4,PEX1,PEX7,ABCD1,SOD2,PEX11G,ACOT8,HMGCL,EPHX2,PIPOX,SLC27A2,HMGCLL1,PEX11A,PEX2,CAT,PMVK,PXMP2,MPV17,ACOX2,NUDT12,PEX26,ACOX1,NOS2,NUDT7,SCP2,FAR2,ABCD2,BAAT,ACSL6,PEX5,PEX12,AGXT,PEX13,CROT,DDO,PEX6,IDH2,NUDT13,MPV17L2,PAOX,PEX11B,PECR,ACSL1,PEX3,ACAA1,ACSL3,AGPS,,,,,,,,,,,,,,,,,,,,,,,,,,,,,,,,,,,,,,,,,,,,,,,,,,,,,,,,,,,,,,,,,,,,,,,,,,,,,,,,,,,,,,,,,,,,,,,,,,,,,,,,,,,,,,,,,,,,,,,,,,,,,,,,,,,,,,,,,,,,,,,,,,,,,,,,,,,,,,,,,,,,,,,,,,,,,,,,,,,,,,,,,,,,,,,,,,,,,,,,,,,,,,,,,,,,,,,,,,,,,,,,,,,,,,,,,,,,,,,,,,,,,,,,,,,,,,,,,,,,,,,,,,,,,,,,,,,,,,,,,,,,,,,,,,,,,,,,,,,,,,,,,,,,,,,,,,,,,,,,,,,,,,,,,,,,,,,,,,,,,,,,,,,,,,,,,,,,,,,,,,,,
KEGG_AUTOPHAGY_-_ANIMAL,MAP1LC3B2,TBK1,EIF2AK4,DAPK3,MLST8,CALCOCO2,IRS4,DEPTOR,PIK3R1,BECN1,ATG4B,C9orf72,ULK2,ULK1,MAPK3,VPS39,TANK,PLEKHM1,GABARAPL1,BNIP3,YKT6,BCL2L1,TSC1,UVRAG,MAP1LC3BP1,EIF2AK3,PRAP1,ATG2B,PIK3C3,WDR41,MAPK9,INS,TSC2,RPTOR,PIK3CA,GORASP1,SMCR8,IGBP1,IGF1R,WDR45,ATG14,STX7,ATG16L2,ATG13,GABARAP,SQSTM1,RAB1A,RUBCN,MAP2K1,RRAS,VPS16,MTMR4,RAB8A,MAP1LC3A,ATG10,PRKCD,PIK3R3,MTMR3,PRKACA,EPG5,HMGB1,PRKAA2,ZFYVE1,CFLAR,AMBRA1,ATG4C,ATG12,MAP1LC3B,WIPI1,RPS6KB1,VPS33A,ATG2A,ATG5,RAB7B,BIRC6,MRAS,ATG9A,BECN2,RRAGD,TAX1BP1,PIK3R2,LAMP2,CAMKK2,MAPK1,KRAS,VMP1,RRAGB,VAMP8,ATG3,PRKACG,P3R3URF-PIK3R3,WDFY3,CTSB,STX17,NRBF2,HIF1A,OPTN,RAF1,MAP2K2,UBC,PTEN,SUPT20H,ATG16L1,NBR1,GABARAPL2,SUPT20HL1,RAB39B,TP53INP2,RRAGC,SUPT20HL2,RHEB,RPS27A,BCL2,PIK3CB,EIF2S1,MAP1LC3C,WIPI2,RAB33B,DDIT4,ATG7,VPS11,MAPK10,ERN1,BAD,RAB7A,STK11,AKT1S1,PRKCQ,MAP3K7,AKT3,TRAF6,IRS2,MTMR14,PPP2CA,AKT2,GORASP2,PRKACB,HRAS,PIK3R4,ATG9B,PIK3CD,RRAS2,ATG101,SNAP29,UBB,UBA52,NRAS,PRKAA1,SH3GLB1,MTOR,RRAGA,PPP2CB,DAPK1,IRS1,CTSL,VPS41,ITPR1,RB1CC1,LAMP1,ATG4A,AKT1,VPS18,RPS6KB2,PDPK1,ATG4D,DAPK2,WDR45B,CTSD,MAPK8,,,,,,,,,,,,,,,,,,,,,,,,,,,,,,,,,,,,,,,,,,,,,,,,,,,,,,,,,,,,,,,,,,,,,,,,,,,,,,,,,,,,,,,,,,,,,,,,,,,,,,,,,,,,,,,,,,,,,,,,,,,,,,,,,,,,,,,,,,,,,,,,,,,,,,,,,,,,,,,,,,,,,,,,,,,,,,,,,,,,,,,,,,,,,,,,,,,,,,,,,,,,,,,,,,,,,,,,,,,,,,,,,,,,,,,,,,,,,,,,,,,,,,,,,,,,,,,,,,,,,,,,,,,,,,,,,,,,,,
KEGG_AUTOPHAGY_-_OTHER,GABARAP,MLST8,ATG10,PPP2CA,BECN1,ATG4B,ULK2,PIK3R4,ATG9B,GABARAPL1,ATG101,ATG4C,ATG12,ATG16L1,WIPI1,MTOR,GABARAPL2,PPP2CB,ATG2A,PIK3C3,ATG2B,ATG5,ATG9A,BECN2,WIPI2,RPTOR,ATG4A,ATG7,IGBP1,ATG4D,ATG3,ATG13,,,,,,,,,,,,,,,,,,,,,,,,,,,,,,,,,,,,,,,,,,,,,,,,,,,,,,,,,,,,,,,,,,,,,,,,,,,,,,,,,,,,,,,,,,,,,,,,,,,,,,,,,,,,,,,,,,,,,,,,,,,,,,,,,,,,,,,,,,,,,,,,,,,,,,,,,,,,,,,,,,,,,,,,,,,,,,,,,,,,,,,,,,,,,,,,,,,,,,,,,,,,,,,,,,,,,,,,,,,,,,,,,,,,,,,,,,,,,,,,,,,,,,,,,,,,,,,,,,,,,,,,,,,,,,,,,,,,,,,,,,,,,,,,,,,,,,,,,,,,,,,,,,,,,,,,,,,,,,,,,,,,,,,,,,,,,,,,,,,,,,,,,,,,,,,,,,,,,,,,,,,,,,,,,,,,,,,,,,,,,,,,,,,,,,,,,,,,,,,,,,,,,,,,,,,,,,,
KEGG_MITOPHAGY_-_ANIMAL,TBK1,MAP1LC3B2,AMFR,MON1A,FIS1,CALCOCO2,BNIP3L,TFEB,BECN1,ULK1,GABARAPL1,BNIP3,RAB5A,BCL2L1,SP1,BCL2L13,MARCHF5,MAP1LC3BP1,EIF2AK3,PRKN,MITF,MAPK9,HUWE1,CSNK2A1,MTX2,GABARAP,SQSTM1,RRAS,PHB2,MUL1,MAP1LC3A,TOMM70,USP30,TBC1D17,CCZ1,TOMM40,AMBRA1,CCZ1B,MAP1LC3B,RELA,TFE3,ATF4,JUN,CITED2,FUNDC1,TOMM20L,RAB7B,MRAS,ATG9A,RAB5B,BECN2,TAX1BP1,KRAS,TOMM7,CSNK2A2,ARIH1,RAB5C,HIF1A,MON1B,TP53,OPTN,UBC,NBR1,RHOT1,GABARAPL2,SMURF2,SRC,RPS27A,CSNK2A3,RABGEF1,EIF2S1,MAP1LC3C,MTX3,MAPK10,OPA1,RAB7A,MFN1,RHOT2,USP8,MTX1,NLRX1,MFN2,E2F1,PINK1,HRAS,FOXO3,USP15,FKBP8,ATG9B,CSNK2B,RRAS2,UBB,UBA52,TRAF2,NRAS,SAMM50,TOMM40L,SMURF1,TBC1D15,TOMM20,VCP,SIAH1,PGAM5,MAPK8,,,,,,,,,,,,,,,,,,,,,,,,,,,,,,,,,,,,,,,,,,,,,,,,,,,,,,,,,,,,,,,,,,,,,,,,,,,,,,,,,,,,,,,,,,,,,,,,,,,,,,,,,,,,,,,,,,,,,,,,,,,,,,,,,,,,,,,,,,,,,,,,,,,,,,,,,,,,,,,,,,,,,,,,,,,,,,,,,,,,,,,,,,,,,,,,,,,,,,,,,,,,,,,,,,,,,,,,,,,,,,,,,,,,,,,,,,,,,,,,,,,,,,,,,,,,,,,,,,,,,,,,,,,,,,,,,,,,,,,,,,,,,,,,,,,,,,,,,,,,,,,,,,,,,,,,,,,,,,,,,,,,,,,,,,,,,,,,,,,,,,,
KEGG_EFFEROCYTOSIS,CAMK2A,S1PR1,STAB1,MAPK11,EPOR,CALR,P2RY2,ATP2A2,CASP3,CD36,MAPK3,VPS39,SPHK1,RAB5A,THBS1,NFATC2,MAPKAPK2,ADAM10,XKR4,ADAM9,SLC16A1,ARNT,NFATC1,RXRA,TMEM30A,PTGS2,CASP1,PTPN11,HAVCR2,DUSP2,BCAR1,SIRPB1,CH25H,PANX1,CD24,CD47,MFGE8,ANO3,MAPK13,ELMO1,CREB1,NR1H2,RAB14,ANO5,ADAM17,CX3CR1,C1QC,ITGAV,PTPN6,SIGLEC10,JAK2,MAP2K1,VPS16,ATP2A3,MERTK,CAMK2G,IL10,CAMK2B,ALOX5,C1QB,EPO,PECAM1,CPT1C,ARG1,AXL,GULP1,SCARF1,ATP11A,SIRPG,TYRO3,SIRPA,VPS33A,XKR6,RAB7B,GAS6,ATP11B,RAB5B,LIPA,PTGER2,ATP8A2,SLC2A1,CRKL,AGER,MAPK1,TIMD4,SIRT1,NFATC3,SLC66A1,PTGER4,XKR7,PLA2G6,ABCA1,RAB5C,NR1H3,DUSP7,PROS1,ARG2,XKR9,PLA2G15,LRP1,HIF1A,ODC1,ANO7,VPS8,ANO4,MAP2K2,RAC1,DNMT3A,C1QA,DUSP5,ANO6,SPHK2,PPARD,DUSP16,ATP11C,CRK,CEBPB,P2RY6,UQCRFS1,CAMK2D,STAB2,PBX1,VPS11,BSG,MEGF11,RAB7A,MAPK14,ITGB3,P2RY12,NFATC4,CX3CL1,ANO9,DOCK1,CPT1A,HAVCR1,PTK2,PPARG,DUSP4,TGFBRAP1,CPT1B,ALOX15,TMEM30B,SGK1,ITGB5,RAB17,TGFB1,DUSP8,XKR8,ADGRB1,VPS41,ATP8A1,CASP7,VPS18,MEGF10,GPR132,ATP2A1,MAPK12,,,,,,,,,,,,,,,,,,,,,,,,,,,,,,,,,,,,,,,,,,,,,,,,,,,,,,,,,,,,,,,,,,,,,,,,,,,,,,,,,,,,,,,,,,,,,,,,,,,,,,,,,,,,,,,,,,,,,,,,,,,,,,,,,,,,,,,,,,,,,,,,,,,,,,,,,,,,,,,,,,,,,,,,,,,,,,,,,,,,,,,,,,,,,,,,,,,,,,,,,,,,,,,,,,,,,,,,,,,,,,,,,,,,,,,,,,,,,,,,,,,,,,,,,,,,,,,,,,,,,,,,,,,,,,,,,,,,,,,,,,,,,,,,,,
KEGG_CELL_CYCLE,GADD45B,YWHAQ,PRKDC,FZR1,PPP2R5C,MAD2L1,SMAD4,ZBTB17,CREBBP,SMAD3,ORC1,SMAD2,CCND1,CCNA1,STAG1,GADD45G,PCNA,CCNH,ESCO1,MCM4,CDC16,CCNB2,CDK6,E2F2,CDC26,RBX1,E2F5,STAG2,BUB3,TGFB3,ORC6,PPP2R5A,HDAC2,SMC1B,CCNE1,WAPL,PTTG2,CDKN1C,ANAPC5,MCM5,MAD2L2,RAD21,ESPL1,CDCA5,BUB1,ANAPC1,SFN,PPP2R5B,ATRX,HDAC1,BUB1B,MAD1L1,TTK,HDAC8,ATR,ANAPC10,ORC2,CUL1,PTTG1,FBXO5,DBF4,CDC45,CCNB3,CCND3,ANAPC7,CCNE2,PPP2R1B,MCM7,TFDP1,MAU2,CCNA2,DBF4B,ORC4,CCND2,NIPBL,YWHAB,CDC7,EP300,GADD45A,TP53,TICRR,WEE1,CDK4,NDC80,CDKN2B,CHEK1,CDK1,CCNB1,PKMYT1,ANAPC2,E2F3,ANAPC11,YWHAH,CHEK2,CDKN2A,DDX11,ANAPC15,RB1,ANAPC13,ANAPC16,ORC5,ORC3,PLK1,CDC25A,SKP2,PPP2R1A,MCM6,MCM2,ATM,CDC20,CDC25B,CDC14A,MCM3,E2F1,PPP2CA,SMC3,PDS5B,MAD2L1BP,KNL1,RBL2,TGFB2,CDK2,CDKN2C,CDK7,CDC14C,AURKB,MDM2,CDC25C,SMC1A,CDKN1B,CDT1,RBL1,PPP2CB,CDKN2D,ABL1,ANAPC4,PPP2R5D,TGFB1,YWHAG,TFDP2,PDS5A,SGO1,TRIP13,YWHAZ,CDC14B,ESCO2,E2F4,WEE2,CDKN1A,CDC23,PPP2R5E,SKP1,GSK3B,MYC,CDC27,CDC6,MTBP,YWHAE,,,,,,,,,,,,,,,,,,,,,,,,,,,,,,,,,,,,,,,,,,,,,,,,,,,,,,,,,,,,,,,,,,,,,,,,,,,,,,,,,,,,,,,,,,,,,,,,,,,,,,,,,,,,,,,,,,,,,,,,,,,,,,,,,,,,,,,,,,,,,,,,,,,,,,,,,,,,,,,,,,,,,,,,,,,,,,,,,,,,,,,,,,,,,,,,,,,,,,,,,,,,,,,,,,,,,,,,,,,,,,,,,,,,,,,,,,,,,,,,,,,,,,,,,,,,,,,,,,,,,,,,,,,,,,,,,,,,,,,,,,,,,,,,,
KEGG_OOCYTE_MEIOSIS,CAMK2A,MAPK11,YWHAQ,FBXO43,PPP2R5C,PLCZ1,MAD2L1,SPDYE18,MAPK3,SPDYE10,SPDYE3,RPS6KA3,MAPK12,ADCY8,SPDYE11,PPP1CA,ADCY6,CDC16,CALM3,CCNB2,PPP3CB,ADCY3,REC8,CDC26,RBX1,ADCY9,INS,MAPK13,ADCY1,PPP2R5A,IGF1R,CPEB3,SPDYE1,CPEB2,SMC1B,CCNE1,MAP2K1,PTTG2,PPP1CB,SPDYE16,CAMK2G,CALM1,ANAPC5,PGR,MAD2L2,ESPL1,BUB1,CAMK2B,CALML5,PPP3CC,ANAPC1,PRKACA,PPP2R5B,RPS6KA1,MAD1L1,RPS6KA2,ANAPC10,IGF1,ADCY4,MAPK1,CUL1,PTTG1,PPP3R1,FBXO5,SPDYE6,CPEB1,BTRC,PRKACG,ANAPC7,CCNE2,PPP2R1B,YWHAB,CALML4,SPDYE12,SPDYE9,CDK1,ITPR3,SPDYA,CALML6,SPDYE13,CCNB1,ADCY5,PKMYT1,ANAPC2,ANAPC11,YWHAH,CAMK2D,ANAPC15,MAPK14,ANAPC13,ANAPC16,STAG3,SPDYE2B,PLK1,CALML3,PPP2R1A,SPDYE8,SPDYE17,SPDYE21,CDC20,PPP2CA,ADCY7,PRKACB,PPP1CC,SMC3,SLK,SPDYE5,CDK2,CPEB4,ADCY2,SPDYE14,ITPR2,CDC25C,SMC1A,SPDYE2,SPDYE4,PPP3CA,PPP2CB,AR,PPP3R2,ANAPC4,PPP2R5D,YWHAG,ITPR1,FBXW11,SPDYE15,SGO1,YWHAZ,CDC23,PPP2R5E,SKP1,CALM2,CDC27,RPS6KA6,SPDYC,AURKA,MOS,YWHAE,,,,,,,,,,,,,,,,,,,,,,,,,,,,,,,,,,,,,,,,,,,,,,,,,,,,,,,,,,,,,,,,,,,,,,,,,,,,,,,,,,,,,,,,,,,,,,,,,,,,,,,,,,,,,,,,,,,,,,,,,,,,,,,,,,,,,,,,,,,,,,,,,,,,,,,,,,,,,,,,,,,,,,,,,,,,,,,,,,,,,,,,,,,,,,,,,,,,,,,,,,,,,,,,,,,,,,,,,,,,,,,,,,,,,,,,,,,,,,,,,,,,,,,,,,,,,,,,,,,,,,,,,,,,,,,,,,,,,,,,,,,,,,,,,,,,,,,,,,,,,,,,,,,,,
KEGG_APOPTOSIS,GADD45B,CASP12,CTSZ,SEPTIN4,PIK3R1,FOS,CASP3,MAPK3,BCL2L1,TRAF1,GADD45G,SPTAN1,LMNB1,LMNB2,RIPK1,EIF2AK3,TUBA1C,HRK,MAPK9,TUBAL3,TNFRSF1A,BIRC3,TRADD,PIK3CA,BBC3,ACTB,CAPN1,BID,NFKB1,CYCS,TNFRSF10A,CTSC,MAP2K1,CTSV,AIFM1,PIK3R3,TUBA4A,CASP8,BCL2L11,CFLAR,PMAIP1,CTSO,RELA,TP53AIP1,ATF4,JUN,BAX,DIABLO,CTSW,GZMB,LMNA,APAF1,PIK3R2,TUBA1B,IL3,CHUK,CASP2,MAPK1,NFKBIA,KRAS,PARP1,P3R3URF-PIK3R3,TUBA3E,PTPN13,CTSB,XIAP,FADD,PIDD1,ENDOG,DFFB,GADD45A,CASP9,MCL1,TP53,MAP3K5,RAF1,DAB2IP,MAP2K2,TUBA1A,PARP4,ITPR3,BCL2,PIK3CB,EIF2S1,BIRC2,IKBKG,BAD,ERN1,MAPK10,DDIT3,AKT3,IKBKB,DAXX,NTRK1,CTSS,TNFSF10,CTSH,TNFRSF10B,MAP3K14,ATM,AKT2,HRAS,DFFA,ACTG1,CSF2RB,BIRC5,PIK3CD,IL3RA,NGF,TUBA3D,TUBA3C,CAPN2,ITPR2,TRAF2,NRAS,CTSK,CTSL,TUBA8,ITPR1,BAK1,TNF,PARP2,BCL2A1,HTRA2,CASP7,CASP10,AKT1,FAS,FASLG,PDPK1,CASP6,PRF1,PARP3,CTSF,CTSD,MAPK8,,,,,,,,,,,,,,,,,,,,,,,,,,,,,,,,,,,,,,,,,,,,,,,,,,,,,,,,,,,,,,,,,,,,,,,,,,,,,,,,,,,,,,,,,,,,,,,,,,,,,,,,,,,,,,,,,,,,,,,,,,,,,,,,,,,,,,,,,,,,,,,,,,,,,,,,,,,,,,,,,,,,,,,,,,,,,,,,,,,,,,,,,,,,,,,,,,,,,,,,,,,,,,,,,,,,,,,,,,,,,,,,,,,,,,,,,,,,,,,,,,,,,,,,,,,,,,,,,,,,,,,,,,,,,,,,,,,,,,,,,,,,,,,,,,,,,,,,,,,,,,,,,,,,,,,
KEGG_APOPTOSIS_-_MULTIPLE_SPECIES,BID,XIAP,CYCS,FADD,SEPTIN4,NGFR,BECN1,CASP3,BIRC7,CASP9,CASP8,BIRC5,BCL2L11,BCL2L1,PMAIP1,BOK,BIRC6,BAX,DIABLO,BECN2,BCL2,BAK1,APAF1,BIRC2,MAPK9,TNFRSF1A,CASP7,BIRC3,HTRA2,MAPK10,BBC3,MAPK8,,,,,,,,,,,,,,,,,,,,,,,,,,,,,,,,,,,,,,,,,,,,,,,,,,,,,,,,,,,,,,,,,,,,,,,,,,,,,,,,,,,,,,,,,,,,,,,,,,,,,,,,,,,,,,,,,,,,,,,,,,,,,,,,,,,,,,,,,,,,,,,,,,,,,,,,,,,,,,,,,,,,,,,,,,,,,,,,,,,,,,,,,,,,,,,,,,,,,,,,,,,,,,,,,,,,,,,,,,,,,,,,,,,,,,,,,,,,,,,,,,,,,,,,,,,,,,,,,,,,,,,,,,,,,,,,,,,,,,,,,,,,,,,,,,,,,,,,,,,,,,,,,,,,,,,,,,,,,,,,,,,,,,,,,,,,,,,,,,,,,,,,,,,,,,,,,,,,,,,,,,,,,,,,,,,,,,,,,,,,,,,,,,,,,,,,,,,,,,,,,,,,,,,,,,,,,,,
KEGG_FERROPTOSIS,MAP1LC3B2,GPX4,FTMT,PCBP1,ACSL5,CP,VDAC2,MAP1LC3A,LPCAT3,ACSL4,SLC3A2,CYBB,NCOA4,GCLM,VDAC3,SAT2,SLC39A8,TP53,HMOX1,GSS,TFRC,SLC7A11,GCLC,TF,SLC39A14,ALOX15,MAP1LC3B,SLC11A2,MAP1LC3BP1,ATG5,PCBP2,FTH1,PRNP,ACSL6,STEAP3,SAT1,MAP1LC3C,ATG7,ACSL1,ACSL3,SLC40A1,FTL,,,,,,,,,,,,,,,,,,,,,,,,,,,,,,,,,,,,,,,,,,,,,,,,,,,,,,,,,,,,,,,,,,,,,,,,,,,,,,,,,,,,,,,,,,,,,,,,,,,,,,,,,,,,,,,,,,,,,,,,,,,,,,,,,,,,,,,,,,,,,,,,,,,,,,,,,,,,,,,,,,,,,,,,,,,,,,,,,,,,,,,,,,,,,,,,,,,,,,,,,,,,,,,,,,,,,,,,,,,,,,,,,,,,,,,,,,,,,,,,,,,,,,,,,,,,,,,,,,,,,,,,,,,,,,,,,,,,,,,,,,,,,,,,,,,,,,,,,,,,,,,,,,,,,,,,,,,,,,,,,,,,,,,,,,,,,,,,,,,,,,,,,,,,,,,,,,,,,,,,,,,,,,,,,,,,,,,,,,,,,,,,,,,,,,,,,,,,,,,,,,,,,
KEGG_NECROPTOSIS,CAMK2A,PLA2G4C,CYBB,CHMP4B,STAT5B,IL1A,PYGM,H2AC7,H2AC16,GLUL,HSP90AB1,NLRP3,STAT6,IFNA14,H2AC15,CHMP1A,RIPK3,RIPK1,IFNA10,IFNAR1,CASP1,VPS4A,RNF31,SPATA2L,TICAM2,GLUD1,MAPK9,H2AX,RNF103-CHMP3,TNFRSF1A,SLC25A4,BIRC3,TRADD,PLA2G4B,SMPD1,ZBP1,CAPN1,H2AC25,PYGB,PPID,BID,SQSTM1,JAK2,TNFRSF10A,SPATA2,H2AC20,IFNA13,VDAC1,TYK2,IFNA2,TNFAIP3,H2AC4,CAMK2G,IFNA7,H2AC13,AIFM1,CAMK2B,MACROH2A1,H2AC18,JAK1,CASP8,H2AB3,CHMP1B,HMGB1,CFLAR,IFNGR1,IFNA5,STAT1,BAX,HSP90AA1,PLA2G4D,PLA2G4F,TRPM7,H2AC21,STAT4,SHARPIN,JAK3,IFNA21,JMJD7-PLA2G4B,PYCARD,CHMP6,TLR3,CHMP7,CHMP2A,TLR4,PARP1,PPIA,FTL,PYGL,RBCK1,XIAP,IFNA6,FADD,STAT2,H2AJ,H2AB1,CHMP4C,H2AC14,IRF9,H2AC6,H2AB2,DNM1L,SLC25A5,SLC25A31,IFNA17,H2AC1,PLA2G4A,TRAF5,H2AC17,FTH1,IFNGR2,BCL2,BIRC2,STAT5A,MLKL,CAMK2D,MAPK10,IL1B,CHMP4A,IFNAR2,TNFSF10,USP21,MACROH2A2,TNFRSF10B,H2AL3,VDAC2,EIF2AK2,H2AC8,H2AC11,VDAC3,STAT3,CAPN2,H2AC19,TRAF2,ALOX15,CHMP2B,H2AZ1,IFNA1,IFNG,IFNA8,SLC25A6,IFNA4,IFNB1,TNF,VPS4B,CHMP3,IL33,H2AC12,GLUD2,FASLG,PLA2G4E,FAS,IFNA16,CYLD,TICAM1,H2AZ2,CHMP5,PGAM5,MAPK8,,,,,,,,,,,,,,,,,,,,,,,,,,,,,,,,,,,,,,,,,,,,,,,,,,,,,,,,,,,,,,,,,,,,,,,,,,,,,,,,,,,,,,,,,,,,,,,,,,,,,,,,,,,,,,,,,,,,,,,,,,,,,,,,,,,,,,,,,,,,,,,,,,,,,,,,,,,,,,,,,,,,,,,,,,,,,,,,,,,,,,,,,,,,,,,,,,,,,,,,,,,,,,,,,,,,,,,,,,,,,,,,,,,,,,,,,,,,,,,,,,,,,,,,,,,,,,,,,,,,,,,,,,,,,,,,,,,,,,,,,,,,,,,,
KEGG_P53_SIGNALING_PATHWAY,RRM2B,BID,CCNE1,SESN1,GADD45B,CCNE2,PIDD1,TNFRSF10B,TNFRSF10A,CYCS,ATM,SIVA1,EI24,CD82,CCNG1,TP73,CCND2,CASP3,SERPINB5,GADD45A,CASP9,SESN2,TP53,DDB2,ZMAT3,CASP8,CCND1,THBS1,RCHY1,CDK2,SFN,GTSE1,BCL2L1,GADD45G,RPRM,MDM2,PMAIP1,PTEN,SERPINE1,CDK4,TP53AIP1,SHISA5,TP53I3,CCNB2,GORAB,PPM1D,MDM4,CHEK1,CDK1,CDK6,RRM2,BAX,SESN3,ATR,ADGRB1,CCNB1,COP1,STEAP3,IGF1,BCL2,APAF1,PPP1R13L,CHEK2,TSC2,CCNG2,CDKN2A,CDKN1A,IGFBP3,FAS,BBC3,ZNF385A,AIFM2,SIAH1,PERP,CCND3,,,,,,,,,,,,,,,,,,,,,,,,,,,,,,,,,,,,,,,,,,,,,,,,,,,,,,,,,,,,,,,,,,,,,,,,,,,,,,,,,,,,,,,,,,,,,,,,,,,,,,,,,,,,,,,,,,,,,,,,,,,,,,,,,,,,,,,,,,,,,,,,,,,,,,,,,,,,,,,,,,,,,,,,,,,,,,,,,,,,,,,,,,,,,,,,,,,,,,,,,,,,,,,,,,,,,,,,,,,,,,,,,,,,,,,,,,,,,,,,,,,,,,,,,,,,,,,,,,,,,,,,,,,,,,,,,,,,,,,,,,,,,,,,,,,,,,,,,,,,,,,,,,,,,,,,,,,,,,,,,,,,,,,,,,,,,,,,,,,,,,,,,,,,,,,,,,,,,,,,,,,,,,,,,,,,
KEGG_CELLULAR_SENESCENCE,MAPK11,GADD45B,PIK3R1,SMAD3,MAPK3,IL1A,SMAD2,CCND1,CCNA1,TRAF3IP2,NFATC2,MAPKAPK2,GADD45G,CXCL8,PPP1CA,RAD9A,NBN,TSC1,RAD9B,SERPINE1,CALM3,CCNB2,LIN54,PPP3CB,NFATC1,CDK6,E2F2,HLA-E,E2F5,TSC2,SLC25A4,PIK3CA,MAPK13,TGFB3,CAPN1,HIPK1,PPID,SQSTM1,CCNE1,MAP2K1,RRAS,NFKB1,VDAC1,PPP1CB,LIN9,CALM1,PIK3R3,CALML5,MAP2K3,GATA4,PPP3CC,LIN37,RELA,CACNA1D,ATR,IL6,MRAS,TRPM7,HLA-B,PIK3R2,MAPK1,KRAS,PPP3R1,SIRT1,NFATC3,RASSF5,RAD50,MAP2K6,BTRC,HLA-C,P3R3URF-PIK3R3,CCND3,CCNE2,TGFBR2,CCNA2,TGFBR1,FOXO1,CCND2,CALML4,GADD45A,HLA-G,TP53,HLA-F,ZFP36L1,RAF1,MAP2K2,ETS1,PTEN,TRPV4,EIF4EBP1,CDK4,SLC25A5,CDKN2B,HIPK4,CHEK1,HUS1,CDK1,SLC25A31,ITPR3,CALML6,HIPK2,RHEB,CCNB1,PIK3CB,E2F3,RBBP4,KIR2DL4,CHEK2,CDKN2A,RB1,MAPK14,MCU,NFATC4,AKT3,CALML3,CDC25A,VDAC2,MYBL2,ATM,E2F1,AKT2,PPP1CC,HRAS,FOXO3,VDAC3,RBL2,HLA-A,PIK3CD,TGFB2,CDK2,RRAS2,CAPN2,MDM2,ITPR2,LIN52,NRAS,RAD1,RBL1,FOXM1,ZFP36L2,MTOR,PPP3CA,PPP3R2,TGFB1,HIPK3,SLC25A6,ITPR1,FBXW11,E2F4,CDKN1A,AKT1,MYC,CALM2,MRE11,IGFBP3,MAPK12,CCNB3,,,,,,,,,,,,,,,,,,,,,,,,,,,,,,,,,,,,,,,,,,,,,,,,,,,,,,,,,,,,,,,,,,,,,,,,,,,,,,,,,,,,,,,,,,,,,,,,,,,,,,,,,,,,,,,,,,,,,,,,,,,,,,,,,,,,,,,,,,,,,,,,,,,,,,,,,,,,,,,,,,,,,,,,,,,,,,,,,,,,,,,,,,,,,,,,,,,,,,,,,,,,,,,,,,,,,,,,,,,,,,,,,,,,,,,,,,,,,,,,,,,,,,,,,,,,,,,,,,,,,,,,,,,,,,,,,,,,,,,,,,,,,,,,,,
KEGG_FOCAL_ADHESION,LAMB3,FLT1,FYN,COL4A5,SHC4,MYLK4,ACTN1,SOS2,CAV3,PDGFB,MYL2,PIK3R1,THBS4,RAC3,COL9A3,VEGFC,MAPK3,TLN1,RELN,CCND1,THBS1,PAK3,EMP2,PRKCB,COL4A2,LAMA4,PPP1CA,SHC3,LAMA3,PPP1R12A,ILK,COL4A4,LAMC1,BCAR1,PPP1R12B,RAP1B,VEGFD,PRKCA,MAPK9,BUB1B-PAK6,PAK1,COL6A6,BIRC3,PIK3CA,IGF1R,EGF,ACTB,ITGAV,IBSP,RAC2,TNR,COL6A3,ITGA2,MAP2K1,VASP,PPP1CB,ITGB4,ITGB8,PAK4,ITGA8,CAV2,PIK3R3,PIP5K1A,COL6A2,ITGA10,PAK6,EGFR,TNN,PARVG,MYL10,LAMA2,CAV1,JUN,ACTN4,ERBB2,LAMA1,VAV3,IGF1,PIK3R2,ROCK2,TLN2,ITGA4,MAPK1,CRKL,SOS1,MET,TNC,MYLK3,FN1,RAP1A,THBS2,ITGA9,ARHGAP5,LAMB1,P3R3URF-PIK3R3,LAMC3,CCND3,MYL5,PDGFRB,XIAP,VAV1,TNXB,COL9A2,MYL11,ITGA5,CCND2,ROCK1,ITGA6,HGF,COL4A3,RAF1,BRAF,CDC42,RASGRF1,PPP1R12C,CTNNB1,PTEN,LAMB4,MYL9,RAC1,ITGA11,SRC,ITGB1,KDR,MYL12A,VWF,RHOA,DIAPH1,BCL2,CRK,PDGFRA,PIK3CB,BIRC2,COL9A1,VCL,MYLK,EMP1,BAD,MAPK10,PIP5K1B,ITGB3,PAK5,AKT3,MYL7,MYL12B,PDGFD,DOCK1,ITGA7,AKT2,PTK2,PPP1CC,CHAD,PDGFA,LAMB2,HRAS,COL1A2,ACTG1,COL2A1,LAMC2,PIK3CD,ITGA2B,CAPN2,ZYX,VEGFB,ITGB5,PARVA,SPP1,COL4A6,COMP,COL1A1,RAPGEF1,SHC1,GRB2,LAMA5,PGF,FLNB,FLNA,PIP5K1C,VEGFA,PAK2,PXN,ITGA3,ITGA1,COL6A5,SHC2,PARVB,MYLK2,VTN,ELK1,AKT1,ITGB7,COL4A1,PDGFC,ITGB6,PDPK1,THBS3,GSK3B,PRKCG,ARHGAP35,FLT4,COL6A1,VAV2,MAPK8,,,,,,,,,,,,,,,,,,,,,,,,,,,,,,,,,,,,,,,,,,,,,,,,,,,,,,,,,,,,,,,,,,,,,,,,,,,,,,,,,,,,,,,,,,,,,,,,,,,,,,,,,,,,,,,,,,,,,,,,,,,,,,,,,,,,,,,,,,,,,,,,,,,,,,,,,,,,,,,,,,,,,,,,,,,,,,,,,,,,,,,,,,,,,,,,,,,,,,,,,,,,,,,,,,,,,,,,,,,,,,,,,,,,,,,,,,,,,,,,,,,,
KEGG_ADHERENS_JUNCTION,RADIL,FYN,ACTN1,MYL2,SMAD4,TCF7L1,RAC3,NECTIN1,SMAD3,CREBBP,MAPK3,FER,LEF1,SNAI1,NECTIN4,AFDN,PTPN1,NECTIN2,RAP1B,TCF7L2,CSNK2A1,ACP1,WASF1,IGF1R,ACTB,PTPN6,RAC2,KRIT1,SNAI2,WASF2,YES1,ARHGAP29,PTPRB,EGFR,TJP1,MYL10,ACTN4,ERBB2,ROCK2,MAPK1,MET,RAP1A,CSNK2A2,MYL5,TGFBR2,BAIAP2,FARP2,SORBS1,TGFBR1,MYL11,CTNNA3,ROCK1,EP300,CTNNA1,FGFR1,HEG1,CDC42,CDH5,WAS,CTNNB1,RASIP1,MYL9,RAC1,CCM2,WASF3,SRC,SMURF2,MYL12A,TCF7,CSNK2A3,RHOA,PTPRF,VCL,NECTIN3,MAP3K7,MYL7,MYL12B,PTPRM,CDH1,ACTG1,CSNK2B,LMO7,NLK,PARD3,PDCD10,CTNNA2,IQGAP1,SSX2IP,WASL,SMURF1,INSR,PTPRJ,CTNND1,,,,,,,,,,,,,,,,,,,,,,,,,,,,,,,,,,,,,,,,,,,,,,,,,,,,,,,,,,,,,,,,,,,,,,,,,,,,,,,,,,,,,,,,,,,,,,,,,,,,,,,,,,,,,,,,,,,,,,,,,,,,,,,,,,,,,,,,,,,,,,,,,,,,,,,,,,,,,,,,,,,,,,,,,,,,,,,,,,,,,,,,,,,,,,,,,,,,,,,,,,,,,,,,,,,,,,,,,,,,,,,,,,,,,,,,,,,,,,,,,,,,,,,,,,,,,,,,,,,,,,,,,,,,,,,,,,,,,,,,,,,,,,,,,,,,,,,,,,,,,,,,,,,,,,,,,,,,,,,,,,,,,,,,,,,,,,,,,,,,,,,,,,,,,,,,,,
KEGG_TIGHT_JUNCTION,PARD6G,RAPGEF6,EPB41L4B,ACTR3C,CGNL1,OCLN,ACTN1,EZR,ARPC3,MYL2,CLDN20,TIAM1,CCND1,MYH10,PATJ,CLDN22,PRKAG1,MYL6,PCNA,ARPC2,HSPA4,NHERF1,RDX,PARD6B,ARPC1A,AFDN,TUBA1C,PRKCE,CLDN19,MAPK9,TUBAL3,CD1E,CLDN5,LLGL2,NF2,YBX3,CLDN9,ACTB,MICALL2,CLDN4,CFTR,PRKCI,PRKAG2,PARD6A,PRKAB1,VASP,RAB8A,PPP2R2C,CLDN18,TUBA4A,MAP2K7,GATA4,PRKCZ,CLDN34,PRKACA,SYMPK,SYNPO,PRKAA2,SCRIB,TJP1,JAM3,PRKAB2,PPP2R2A,JUN,ACTN4,CD1C,CACNA1D,ERBB2,MARVELD3,DLG1,CTTN,PRKAG3,ARPC4,CLDN6,TUBA1B,ROCK2,AMOTL1,CLDN25,CD1A,DLG2,RUNX1,CRB3,DLG3,CLDN14,RAP1A,ARHGEF2,F11R,PRKACG,ARPC5L,HCLS1,TUBA3E,CGN,IGSF5,PPP2R1B,MAP3K1,ROCK1,MAP3K5,NEDD4,ARPC1B,CDC42,WAS,CDK4,AMOT,MYL9,RAC1,TUBA1A,CD1D,CLDN3,ARHGEF18,SRC,CLDN7,ITGB1,CLDN12,MYL12A,MPDZ,JAM2,RHOA,RAB13,ARPC5,RAPGEF2,NEDD4L,MAPK10,STK11,RAP2C,LLGL1,MYH11,CLDN16,MPP4,WHAMM,MYL12B,MYH14,PPP2R1A,CLDN17,CLDN8,ARHGAP17,PPP2CA,PPP2R2D,TJP2,MYL6B,PRKACB,BVES,ACTG1,CLDN2,TUBA3D,TUBA3C,ACTR2,CLDN23,CLDN24,PALS1,PARD3,PRKAA1,CLDN11,AMOTL2,PPP2CB,CLDN15,CLDN10,ACTR3B,CD1B,PPP2R2B,ACTR3,MYH9,TJP3,MARVELD2,TUBA8,TJAP1,RAB8B,CLDN1,MSN,MAGI1,MAPK8,,,,,,,,,,,,,,,,,,,,,,,,,,,,,,,,,,,,,,,,,,,,,,,,,,,,,,,,,,,,,,,,,,,,,,,,,,,,,,,,,,,,,,,,,,,,,,,,,,,,,,,,,,,,,,,,,,,,,,,,,,,,,,,,,,,,,,,,,,,,,,,,,,,,,,,,,,,,,,,,,,,,,,,,,,,,,,,,,,,,,,,,,,,,,,,,,,,,,,,,,,,,,,,,,,,,,,,,,,,,,,,,,,,,,,,,,,,,,,,,,,,,,,,,,,,,,,,,,,,,,,,,,,,,,,,,,,,,,
KEGG_GAP_JUNCTION,TUBB2A,SOS2,PDGFB,GRM5,MAPK3,TUBB6,PRKCB,ADCY8,ADCY6,ADCY3,MAP2K5,TUBA1C,TUBB8B,DRD2,PRKCA,GNAI2,GUCY1A1,ADCY9,TUBB3,TUBAL3,CSNK1D,ADCY1,EGF,MAP3K2,MAP2K1,GRM1,TUBB,GUCY1A2,TUBA4A,PRKACA,PRKG1,EGFR,TJP1,GNAQ,PLCB4,GNAI3,TUBB4A,GNA11,TUBA1B,ADCY4,HTR2B,MAPK1,KRAS,TUBB2B,SOS1,GUCY1B1,PRKACG,DRD1,MAPK7,TUBA3E,PDGFRB,PRKG2,ADRB1,TUBB8,RAF1,MAP2K2,HTR2A,GNAS,TUBA1A,SRC,CDK1,ITPR3,ADCY5,TUBB4B,PDGFRA,TUBB1,GNAI1,PDGFD,GJA1,ADCY7,PRKACB,PDGFA,HRAS,PLCB2,TUBA3D,TUBA3C,ADCY2,ITPR2,NRAS,PLCB1,GRB2,HTR2C,LPAR1,TUBA8,GJD2,ITPR1,PLCB3,PDGFC,PRKCG,,,,,,,,,,,,,,,,,,,,,,,,,,,,,,,,,,,,,,,,,,,,,,,,,,,,,,,,,,,,,,,,,,,,,,,,,,,,,,,,,,,,,,,,,,,,,,,,,,,,,,,,,,,,,,,,,,,,,,,,,,,,,,,,,,,,,,,,,,,,,,,,,,,,,,,,,,,,,,,,,,,,,,,,,,,,,,,,,,,,,,,,,,,,,,,,,,,,,,,,,,,,,,,,,,,,,,,,,,,,,,,,,,,,,,,,,,,,,,,,,,,,,,,,,,,,,,,,,,,,,,,,,,,,,,,,,,,,,,,,,,,,,,,,,,,,,,,,,,,,,,,,,,,,,,,,,,,,,,,,,,,,,,,,,,,,,,,,,,,,,,,,,,,,,,,,,,,,,,
KEGG_SIGNALING_PATHWAYS_REGULATING_PLURIPOTENCY_OF_STEM_CELLS,MAPK11,LEFTY2,PCGF6,SMAD4,PIK3R1,WNT5A,APC,SMAD3,MAPK3,SMAD2,INHBC,FGFR2,DUSP9,SMAD9,KLF4,WNT3A,PCGF1,BMP4,HOXB1,FZD1,BMPR1A,LEFTY1,WNT8B,FZD5,FZD3,HOXA1,FZD2,WNT16,SETDB1,AXIN2,DVL2,ACVR2B,PIK3CA,MAPK13,FZD6,JARID2,BMI1,IGF1R,ACVR1,MEIS1,SMAD5,JAK2,MAP2K1,WNT10B,TBX3,FZD9,INHBA,WNT2B,DLX5,DVL3,PIK3R3,ID3,ID2,HESX1,SMAD1,JAK1,NANOGP8,WNT5B,AXIN1,REST,COMMD3-BMI1,BMPR2,PAX6,FGFR4,NODAL,ZFHX3,WNT3,IGF1,PIK3R2,JAK3,WNT9B,POU5F1B,MAPK1,KRAS,ISL1,WNT2,LIFR,ACVR2A,PCGF3,ACVR1C,SKIL,P3R3URF-PIK3R3,MYF5,BMPR1B,WNT7B,FZD10,ID1,ESX1,FGFR1,RAF1,MAP2K2,CTNNB1,WNT10A,POU5F1,SOX2,TCF3,INHBB,WNT1,TCF7,PIK3CB,ONECUT1,RIF1,ESRRB,LHX5,MAPK14,WNT4,AKT3,NEUROG1,WNT7A,WNT9A,ZIC3,AKT2,INHBE,HRAS,HOXD1,FZD8,FGFR3,OTX1,STAT3,FGF2,PIK3CD,ACVR1B,NRAS,PCGF2,WNT6,FZD7,GRB2,SMARCAD1,APC2,WNT8A,ID4,KAT6A,HAND1,AKT1,MYC,IL6ST,NANOG,PCGF5,LIF,FZD4,DVL1,MAPK12,WNT11,GSK3B,,,,,,,,,,,,,,,,,,,,,,,,,,,,,,,,,,,,,,,,,,,,,,,,,,,,,,,,,,,,,,,,,,,,,,,,,,,,,,,,,,,,,,,,,,,,,,,,,,,,,,,,,,,,,,,,,,,,,,,,,,,,,,,,,,,,,,,,,,,,,,,,,,,,,,,,,,,,,,,,,,,,,,,,,,,,,,,,,,,,,,,,,,,,,,,,,,,,,,,,,,,,,,,,,,,,,,,,,,,,,,,,,,,,,,,,,,,,,,,,,,,,,,,,,,,,,,,,,,,,,,,,,,,,,,,,,,,,,,,,,,,,,,,,,,,,,,,,,,,,,,,
KEGG_MOTOR_PROTEINS,DNAH2,DYNC1I2,DNAH6,BICDL2,TUBB2A,MYO7A,MYH6,DYNLT2,KIFC3,KIF1A,DNAL4,MYL2,DNAH7,DNAH14,TUBG1,MYO9A,TUBB6,KIF7,DYNLRB2,MYH10,CAPZA3,MYL6,MYO1E,KIF13B,ACTR10,MYO18B,TUBA1C,KIF15,MYL4,TUBB8B,MYO7B,TNNC1,DNALI1,TUBB3,KIF12,TUBAL3,ACTR1B,DYNLT3,KIF20B,KIF21A,DYNC1H1,KIF14,KIFAP3,CAPZA2,ACTB,DCTN3,CAPZB,DNAH1,KIF3B,TUBB,DCTN1,MYO1H,KIF3A,DNAH17,KIF2B,TUBA4A,KIF13A,DNAH12,MYH7B,CENPE,ACTG2,KIF22,TNNI2,KIF1C,TNNI1,MYL10,MYO1B,KIF4B,KLC1,TUBB4A,KIF5C,KIF2C,KIF18A,CAPZA1,DNAI4,DCTN2,TUBA1B,KIF18B,TPM3,KIF20A,TUBB2B,DNAI3,KIF21B,MYL1,KIF4A,HOOK3,MYL3,MYH4,MYO1G,TUBA3E,MYH2,MYL5,DYNLRB1,MYO6,DYNLT4,MYO3B,MYH13,DYNC1I1,MYL11,KIF25,KIF17,DNAI1,BICDL1,KIF16B,TUBB8,DNAH8,DNAH3,MYH1,DNAH5,TUBE1,KLC3,DNAH9,DYNC2LI1,MYL9,TUBA1A,DCTN4,KLC2,DYNLL1,TNNC2,KIF5A,MYH15,MYL12A,ACTA1,KIF3C,DCTN6,TUBB4B,TUBB1,MYO1A,ACTC1,MYH8,TNNT2,DYNC1LI1,TPM4,DNAH11,DCTN5,MYO15B,KIF19,DYNLT5,ACTR1A,MYO5B,MYH7,KIFC2,MYH11,MYH14,STARD9,MYL7,DNAI2,KIF2A,MYL12B,TPM2,MYO5A,TNNT3,KIF11,MYL6B,TUBD1,KIF24,MYO15A,ACTG1,DYNLL2,MYO19,DYNC2H1,MYO1D,TUBA3D,TUBA3C,KIF26A,TUBG2,KIF1B,DYNLT1,KLC4,KIF26B,MYO5C,KIF5B,MYO18A,KIF27,KIF23,MYO9B,MYO16,TNNI3,TNNT1,DNAL1,MYO1F,KIFC1,MYH9,TUBA8,KIF6,MYO3A,KIF9,TPM1,DNAH10,MYO1C,MYO10,ACTA2,MYH3,DYNC1LI2,,,,,,,,,,,,,,,,,,,,,,,,,,,,,,,,,,,,,,,,,,,,,,,,,,,,,,,,,,,,,,,,,,,,,,,,,,,,,,,,,,,,,,,,,,,,,,,,,,,,,,,,,,,,,,,,,,,,,,,,,,,,,,,,,,,,,,,,,,,,,,,,,,,,,,,,,,,,,,,,,,,,,,,,,,,,,,,,,,,,,,,,,,,,,,,,,,,,,,,,,,,,,,,,,,,,,,,,,,,,,,,,,,,,,,,,,,,,,,,,,,,,,,,,,,,,,
KEGG_CYTOSKELETON_IN_MUSCLE_CELLS,PDLIM1,ATP1A3,ENO3,MYH6,COL4A5,ATP1A1,OBSCN,AGRN,SDC3,MYL2,ATP1A2,THBS4,COL9A3,TLN1,THBS1,MYH10,SNTB2,CAPZA3,COL4A2,SPTBN4,PDLIM7,SPTAN1,ATP1B1,COL11A2,NRAP,LMNB1,LMNB2,MYOM3,COL24A1,SYNPO2,COL4A4,SNTA1,MYL4,DSP,AMPD2,DES,TNNC1,FMNL3,TTN,COL6A6,MYOM1,COL5A1,LDB3,TMOD3,PKP2,DIAPH2,SUN2,DSG2,NEBL,CAPN3,CAPZA2,MYOZ1,ITGAV,ACTB,FBN3,CAPZB,COL6A3,ITGA2,DAAM2,FMNL1,ITGB4,ITGB8,PDLIM5,ITGA8,COL11A1,FMN2,LMOD2,COL6A2,MYH7B,ITGA10,FBN2,INF2,ANKRD2,EMD,ACTG2,TNNI2,TNNI1,SUN1,TRIM54,FBLN1,LAMA2,DMD,DCN,TCAP,SPTBN1,LAMA1,SDC2,XIRP1,LMNA,CAPZA1,TLN2,PDLIM4,ITGA4,NID1,TPM3,DIAPH3,LBR,MYL1,FN1,THBS2,COL5A2,ITGA9,MYBPC3,ELN,SSPN,MYH4,MYL3,DTNA,MYH2,MYL5,ANK2,TMOD1,ATP1A4,PLEC,SPTBN5,CSRP2,COL9A2,MYH13,MYL11,ITGA5,VIM,TMEM43,CSRP1,ITGA6,MYBPC2,MYH1,SGCB,COL4A3,ATP1B3,FBLN2,FHL3,TMOD4,MYPN,TRIM55,FBN1,ITGA11,MYL9,SPTBN2,XIRP2,ITGB1,TNNC2,FLNC,MYH15,TRIM63,SGCE,ACTA1,TMOD2,DIAPH1,VCAN,ACTC1,COL9A1,CSRP3,COL5A3,MYH8,TNNT2,TPM4,VCL,SNTB1,SGCZ,SGCA,SYNE1,ITGB3,ATP1B2,ENO1,NID2,FHL1,COL3A1,SGCD,FHL2,JUP,MYH7,DSC2,SDC1,MYH11,MYOT,MYBPH,NEB,MYH14,MYL7,TPM2,ITGA7,TNNT3,DAG1,SGCG,SYNE2,PDLIM3,ANKRD23,COL1A2,ACTG1,BGN,ACTN2,DAAM1,ITGA2B,ANKRD1,ZYX,AMPD1,MYOM2,ITGB5,LMOD3,COL4A6,MYBPHL,COMP,COL1A1,CKM,MYBPC1,TNNI3,TNNT1,FMNL2,PDLIM2,LMOD1,MYOZ2,MYOZ3,MYH9,SDC4,HSPG2,ITGA3,ITGA1,COL6A5,SYNE3,TPM1,AMPD3,ITGB7,COL4A1,COL27A1,ITGB6,THBS3,ACTN3,MYH3,ATP1B4,ENO2,COL6A1,ANK3,,,,,,,,,,,,,,,,,,,,,,,,,,,,,,,,,,,,,,,,,,,,,,,,,,,,,,,,,,,,,,,,,,,,,,,,,,,,,,,,,,,,,,,,,,,,,,,,,,,,,,,,,,,,,,,,,,,,,,,,,,,,,,,,,,,,,,,,,,,,,,,,,,,,,,,,,,,,,,,,,,,,,,,,,,,,,,,,,,,,,,,,,,,,,,,,,,,,,,,,,,,,,,,,,,,,,,,
KEGG_REGULATION_OF_ACTIN_CYTOSKELETON,ACTR3C,RGCC,CYFIP2,ACTN1,EZR,MYLK4,ARPC3,SOS2,PDGFB,MYL2,PIK3R1,RAC3,PFN4,APC,CFL1,MAPK3,TIAM1,PAK3,MYH10,FGFR2,ARPC2,PPP1CA,RDX,SCIN,ARPC1A,PPP1R12A,BRK1,LPAR4,FGF22,BCAR1,PPP1R12B,PIP4K2C,INS,PAK1,FGF20,DIAPH2,WASF1,PIK3CA,C8B,EGF,ACTB,PIKFYVE,PFN3,ITGAV,FGF16,RAC2,C6,ITGA2,FGF7,MAP2K1,RRAS,C7,FGD1,PPP1CB,ITGB4,BDKRB2,ITGB8,PAK4,CFL2,WASF2,SSH1,ITGA8,PIK3R3,NCKAP1,ITGAM,ITGAE,FGF23,PIP5K1A,FGF18,PAK6,ITGA10,ITGB2,ITGAL,EGFR,TMSB4Y,MYL10,LPAR2,FGF6,ACTN4,FGF17,FGFR4,VAV3,FGD3,CXCR4,ARHGEF7,ARPC4,MRAS,LIMK1,CYFIP1,PIK3R2,ROCK2,CHRM5,ITGA4,ARHGEF1,DIAPH3,MAPK1,CRKL,KRAS,SOS1,FGF19,MYLK3,FN1,CYRIB,ITGA9,ARPC5L,P3R3URF-PIK3R3,ABI2,CXCL12,MYL5,MOS,PDGFRB,VAV1,SSH3,BAIAP2,MYL11,ARHGEF6,PIP4K2B,ITGA5,FGF8,GSN,SLC9A1,ROCK1,KNG1,CYRIA,LIMK2,ITGA6,CHRM3,ARHGEF4,IQGAP2,FGFR1,RAF1,ARPC1B,BRAF,CDC42,FGF4,PPP1R12C,MAP2K2,MYL9,RAC1,C5,CHRM1,ITGA11,SRC,ITGB1,MYL12A,ARAF,SSH2,RHOA,DIAPH1,GNG12,CRK,PDGFRA,ARPC5,PIK3CB,PFN2,VCL,MYLK,PIP5K1B,ITGB3,PAK5,AKT3,MYL7,MYL12B,ARHGEF12,DOCK1,PDGFD,MYH11,MYH14,ITGA7,PIP4K2A,PFN1,GIT1,BDKRB1,FGF21,ITGAD,AKT2,PTK2,PPP1CC,PDGFA,HRAS,FGFR3,TMSB4X,FGF5,IQGAP3,ACTG1,CHRM4,FGF2,PIK3CD,ENAH,ACTR2,ITGA2B,RRAS2,C8G,ITGAX,NRAS,ITGB5,FGF1,IQGAP1,C9,SPATA13,FGF10,ACTR3B,MYH9,ACTR3,C8A,PIP5K1C,APC2,FGF9,LPAR1,PAK2,FGF3,PXN,ITGA3,NCKAP1L,LPAR5,ITGA1,F2,WASL,INSRR,GNA12,MYLK2,BUB1B-PAK6,AKT1,ITGB7,PDGFC,ITGB6,CHRM2,GNA13,MSN,F2R,ARHGAP35,VAV2,,,,,,,,,,,,,,,,,,,,,,,,,,,,,,,,,,,,,,,,,,,,,,,,,,,,,,,,,,,,,,,,,,,,,,,,,,,,,,,,,,,,,,,,,,,,,,,,,,,,,,,,,,,,,,,,,,,,,,,,,,,,,,,,,,,,,,,,,,,,,,,,,,,,,,,,,,,,,,,,,,,,,,,,,,,,,,,,,,,,,,,,,,,,,,,,,,,,,,,,,,,,,,,,,,,,,,,
KEGG_HEMATOPOIETIC_CELL_LINEAGE,IL4R,EPOR,CD36,IL1A,HLA-DRA,TFRC,HLA-DPA1,CR1,HLA-DQB1,HLA-DRB4,CD24,CD1E,IL5RA,THPO,CSF1,CD8B2,ITGA2,ANPEP,IL11,GP5,MME,CR2,GP1BA,IL11RA,EPO,ITGAM,CD3G,CD37,CD44,HLA-DMB,IGH,CSF2RA,CD1C,CD19,IL2RA,IL5,IL4,CD59,CD5,IL6,CD8A,GYPA,IL3,ITGA4,IL7,CD1A,IL6R,HLA-DRB5,FLT3,CD2,IL1R1,IL1R2,ITGA5,CD33,CD9,ITGA6,CSF2,HLA-DQA1,GP9,FLT3LG,HLA-DOB,FCGR1A,CD1D,GP1BB,HLA-DMA,HLA-DQB2,MS4A1,CD3D,HLA-DRB3,CD8B,ITGB3,IL1B,DNTT,CSF3R,KITLG,HLA-DRB1,HLA-DQA2,KIT,CD34,HLA-DOA,CD7,IL3RA,ITGA2B,CD38,FCER2,HLA-DPB1,CD14,CD3E,CD22,CR1L,CD4,CD1B,IL9R,CSF1R,ITGA3,CSF3,ITGA1,TNF,CD55,IL7R,,,,,,,,,,,,,,,,,,,,,,,,,,,,,,,,,,,,,,,,,,,,,,,,,,,,,,,,,,,,,,,,,,,,,,,,,,,,,,,,,,,,,,,,,,,,,,,,,,,,,,,,,,,,,,,,,,,,,,,,,,,,,,,,,,,,,,,,,,,,,,,,,,,,,,,,,,,,,,,,,,,,,,,,,,,,,,,,,,,,,,,,,,,,,,,,,,,,,,,,,,,,,,,,,,,,,,,,,,,,,,,,,,,,,,,,,,,,,,,,,,,,,,,,,,,,,,,,,,,,,,,,,,,,,,,,,,,,,,,,,,,,,,,,,,,,,,,,,,,,,,,,,,,,,,,,,,,,,,,,,,,,,,,,,,,,,,,,,,,,,,,,,,,
KEGG_COMPLEMENT_AND_COAGULATION_CASCADES,PLG,FGG,CFHR1,PROC,SERPINF2,F3,SERPINE1,CR1,CFHR4,C2,CFH,THBD,PLAUR,KLKB1,CPB2,F2RL2,C8B,C1QC,MASP2,F7,C6,C7,C4BPA,BDKRB2,CFD,CR2,SERPINB2,C1QB,ITGAM,CFHR3,PROCR,MBL2,ITGB2,F13A1,CFHR2,CFI,CFB,CD59,A2M,SERPIND1,SERPINE2,C1S,FGB,VSIG4,C1R,F12,F13B,PROS1,KNG1,TFPI,C5,PLAT,C1QA,F10,C3AR1,VWF,C3,FGA,PLAU,C4B_2,BDKRB1,CLU,CFHR5,C4BPB,SERPINA5,C8G,ITGAX,C9,SERPINC1,C8A,CR1L,F11,MASP1,F9,C5AR1,C4B,C4A,F2,F2RL3,F5,VTN,F2R,CD46,CD55,SERPINA1,F8,SERPING1,,,,,,,,,,,,,,,,,,,,,,,,,,,,,,,,,,,,,,,,,,,,,,,,,,,,,,,,,,,,,,,,,,,,,,,,,,,,,,,,,,,,,,,,,,,,,,,,,,,,,,,,,,,,,,,,,,,,,,,,,,,,,,,,,,,,,,,,,,,,,,,,,,,,,,,,,,,,,,,,,,,,,,,,,,,,,,,,,,,,,,,,,,,,,,,,,,,,,,,,,,,,,,,,,,,,,,,,,,,,,,,,,,,,,,,,,,,,,,,,,,,,,,,,,,,,,,,,,,,,,,,,,,,,,,,,,,,,,,,,,,,,,,,,,,,,,,,,,,,,,,,,,,,,,,,,,,,,,,,,,,,,,,,,,,,,,,,,,,,,,,,,,,,,,,,,,,,,,,,,
KEGG_PLATELET_ACTIVATION,NOS3,FYN,MAPK11,PLA2G4C,FCER1G,SYK,MYLK4,PIK3R1,FGG,MAPK3,TLN1,APBB1IP,ADCY8,PPP1CA,ADCY6,ADCY3,PPP1R12A,FERMT3,ADAMTS13,RAP1B,PTGS1,GNAI2,GUCY1A1,ADCY9,PLA2G4B,PIK3CA,MAPK13,ADCY1,ACTB,PRKCI,ITGA2,VASP,GP5,PPP1CB,SNAP23,GUCY1A2,GP1BA,PIK3R3,PRKCZ,PRKACA,TBXA2R,PRKG1,TBXAS1,GNAQ,PLCB4,GNAI3,PLCG2,PTGIR,RASGRP1,PLA2G4D,PLA2G4F,TLN2,PIK3R2,ROCK2,ADCY4,JMJD7-PLA2G4B,MAPK1,ARHGEF1,FGB,VAMP8,RAP1A,GUCY1B1,MYLK3,PRKACG,STIM1,P3R3URF-PIK3R3,PRKG2,ROCK1,PIK3CG,GP9,P2RX1,GNAS,GP1BB,PLA2G4A,SRC,ITGB1,ITPR3,MYL12A,VWF,ADCY5,RHOA,PIK3CB,MYLK,MAPK14,GNAI1,ITGB3,FGA,P2RY12,COL3A1,AKT3,ARHGEF12,MYL12B,FCGR2A,AKT2,ADCY7,PPP1CC,PRKACB,PLCB2,COL1A2,ACTG1,PIK3CD,LYN,ITGA2B,ADCY2,PIK3R5,ITPR2,PLCB1,COL1A1,GP6,BTK,ITPR1,ORAI1,F2,F2RL3,PLCB3,PIK3R6,RASGRP2,MYLK2,AKT1,PLA2G4E,F2R,GNA13,ARHGAP35,LCP2,MAPK12,P2RY1,,,,,,,,,,,,,,,,,,,,,,,,,,,,,,,,,,,,,,,,,,,,,,,,,,,,,,,,,,,,,,,,,,,,,,,,,,,,,,,,,,,,,,,,,,,,,,,,,,,,,,,,,,,,,,,,,,,,,,,,,,,,,,,,,,,,,,,,,,,,,,,,,,,,,,,,,,,,,,,,,,,,,,,,,,,,,,,,,,,,,,,,,,,,,,,,,,,,,,,,,,,,,,,,,,,,,,,,,,,,,,,,,,,,,,,,,,,,,,,,,,,,,,,,,,,,,,,,,,,,,,,,,,,,,,,,,,,,,,,,,,,,,,,,,,,,,,,,,,,,,,,,,,,,,,,,,,,,,,,,,
KEGG_NEUTROPHIL_EXTRACELLULAR_TRAP_FORMATION,H3-3B,CTSG,H3C14,HDAC10,H4C11,MAPK11,SYK,H2BC14,CLEC7A,CYBB,PIK3R1,MPO,FGG,HAT1,MAPK3,H2AC7,H2AC16,H4C9,H4C5,H2BC6,PRKCB,H2BW2,HDAC5,H3C15,MAPK12,H2AC15,CR1,CYBA,SELP,CASP1,H2BK1,HDAC7,H3C6,H2BC7,PRKCA,H2BC26,H2AX,SLC25A4,PIK3CA,H3C4,MAPK13,H2BC15,H3C2,H2BC17,H4C7,HDAC2,ACTB,FPR1,H2AC25,RAC2,MAP2K1,H2AC20,VDAC1,NFKB1,H3C7,H2AC4,HDAC9,H2AC13,H3C10,GP1BA,PIK3R3,SELPLG,MACROH2A1,H3C12,PPIF,H2AC18,H2BW1,H2AB3,ITGAM,H3C11,FCGR3B,CAMP,H2BC4,HMGB1,ITGB2,ITGAL,HDAC1,RELA,H3C3,PLCB4,IGH,PLCG2,H4C1,H3C1,H2BC12,HDAC8,H2AC21,H2BC13,PIK3R2,H2BC18,H4C16,MAPK1,AGER,AQP9,FGB,H4C13,H2BC10,H2AZ2,TLR4,CLCN5,P3R3URF-PIK3R3,H2AJ,H2AB1,NCF2,H4C15,H4C8,H2AC14,RAF1,HDAC3,H3C13,FCGR3A,GSDMD,HDAC4,H2AC6,H4C4,MAP2K2,H2BC3,FCGR1A,H2AB2,H4C3,H4C2,CLCN4,RAC1,C5,SLC25A5,H3C8,H2BC5,H2AC1,SRC,SLC25A31,H2BC9,H2AC17,VWF,H4C6,PIK3CB,C3,ATG7,H2BC11,MAPK14,H3-3A,ITGB3,FGA,CASP4,MAP3K7,AKT3,TLR2,H2BC21,AZU1,SIGLEC9,FCGR2A,MACROH2A2,H2AL3,VDAC2,AKT2,NCF4,H2AC8,H2AC11,PLCB2,VDAC3,ACTG1,TLR8,PIK3CD,ITGA2B,FPR3,H2AC19,H2BC1,MTOR,PLCB1,HDAC11,H3-5,H2AZ1,H2BC12L,H2BC8,H3-4,CR1L,H4C12,SLC25A6,NCF1,C5AR1,TLR7,PLCB3,H2AC12,CLCN3,AKT1,PLCG1,PRKCG,PADI4,HDAC6,FPR2,ELANE,H4C14,,,,,,,,,,,,,,,,,,,,,,,,,,,,,,,,,,,,,,,,,,,,,,,,,,,,,,,,,,,,,,,,,,,,,,,,,,,,,,,,,,,,,,,,,,,,,,,,,,,,,,,,,,,,,,,,,,,,,,,,,,,,,,,,,,,,,,,,,,,,,,,,,,,,,,,,,,,,,,,,,,,,,,,,,,,,,,,,,,,,,,,,,,,,,,,,,,,,,,,,,,,,,,,,,,,,,,,,,,,,,,,,,,,,,,,,,,,,,,,,,,,,,,,,,,,,,,,,
KEGG_TOLL-LIKE_RECEPTOR_SIGNALING_PATHWAY,TBK1,MAPK11,PIK3R1,FOS,MAPK3,IFNA14,CXCL8,MYD88,MAP3K8,RIPK1,IFNA10,IKBKE,IFNAR1,TICAM2,CCL3,MAPK9,IL12A,PIK3CA,MAPK13,TOLLIP,TLR6,NFKB1,MAP2K1,IFNA13,TYK2,IFNA2,IRF3,IFNA7,PIK3R3,MAP2K3,MAP2K7,JAK1,CASP8,CCL4,IRAK4,RELA,CD80,CCL3L3,JUN,IFNA5,LY96,STAT1,IL6,IRAK1,PIK3R2,IRF7,CHUK,IFNA21,MAPK1,NFKBIA,TAB1,TLR3,CCL3L1,TLR4,MAP2K6,P3R3URF-PIK3R3,STAT2,IFNA6,FADD,IRF5,TRAF3,LBP,IL12B,IRF9,TLR9,CD40,TLR5,MAP2K2,RAC1,IFNA17,PIK3CB,CD86,IKBKG,TAB2,MAPK10,MAPK14,IL1B,TLR1,MAP3K7,AKT3,TLR2,IKBKB,CCL4L2,IFNAR2,TRAF6,AKT2,TIRAP,CXCL11,PIK3CD,TLR8,MAP2K4,CXCL10,SPP1,CD14,CCL4L1,IFNA1,CTSK,IFNA8,IFNA4,IFNB1,CCL5,TNF,TLR7,CXCL9,AKT1,IFNA16,TICAM1,MAPK12,MAPK8,,,,,,,,,,,,,,,,,,,,,,,,,,,,,,,,,,,,,,,,,,,,,,,,,,,,,,,,,,,,,,,,,,,,,,,,,,,,,,,,,,,,,,,,,,,,,,,,,,,,,,,,,,,,,,,,,,,,,,,,,,,,,,,,,,,,,,,,,,,,,,,,,,,,,,,,,,,,,,,,,,,,,,,,,,,,,,,,,,,,,,,,,,,,,,,,,,,,,,,,,,,,,,,,,,,,,,,,,,,,,,,,,,,,,,,,,,,,,,,,,,,,,,,,,,,,,,,,,,,,,,,,,,,,,,,,,,,,,,,,,,,,,,,,,,,,,,,,,,,,,,,,,,,,,,,,,,,,,,,,,,,,,,,,,,,,,,,,,,
KEGG_NOD-LIKE_RECEPTOR_SIGNALING_PATHWAY,TBK1,MAP1LC3B2,MAPK11,TRPV2,CASP12,GBP4,NLRP7,CYBB,IRGM,MAPK3,BRCC3,TANK,DEFB4B,GABARAPL1,NLRP3,HSP90AB1,BCL2L1,IFNA14,NAMPT,OAS2,CXCL8,RIPK3,NEK7,MYD88,MAP1LC3BP1,RIPK1,CYBA,IFNA10,IKBKE,CASP1,NOD2,IFNAR1,RNF31,PANX1,IL18,MAPK9,DEFA1B,BIRC3,MAPK13,GABARAP,DEFA6,SUGT1,NLRP1,NFKB1,VDAC1,IFNA13,DEFA3,TYK2,MAP1LC3A,IFNA2,TNFAIP3,IRF3,PYDC5,PRKCD,IFNA7,ANTXR2,JAK1,CASP8,CASP5,CAMP,IRAK4,CARD6,MAP1LC3B,ATG12,RELA,TXN2,PLCB4,NFKBIB,TP53BP1,JUN,IFNA5,ATG5,PYDC2,GBP7,STAT1,HSP90AA1,IL6,CARD8,TXNIP,TRPM7,YWHAE,SHARPIN,DEFA1,IRF7,CHUK,IFNA21,PYCARD,TAB3,MAPK1,NFKBIA,CXCL2,TAB1,PSTPIP1,PYDC1,ERBIN,TLR4,MAVS,CTSB,RBCK1,P2RX7,STAT2,IFNA6,XIAP,FADD,DHX33,GPSM3,TRAF3,TXN,NLRP6,RNASEL,IRF9,AIM2,PKN2,GSDMD,DEFA4,CARD16,OAS1,MEFV,ATG16L1,DNM1L,GABARAPL2,IFNA17,TRAF5,ITPR3,NLRP12,GBP3,RHOA,TRIP6,BCL2,MAP1LC3C,BIRC2,IKBKG,TAB2,PKN1,DEFB103B,MAPK10,DEFB103A,MAPK14,IL1B,MFN1,CASP4,CARD18,MCU,CARD9,MAP3K7,NAIP,IKBKB,NLRC4,IFNAR2,TRAF6,IFI16,DEFA5,NLRX1,VDAC2,MFN2,CXCL3,GPRC6A,GBP1,GBP5,CCL2,PLCB2,VDAC3,NOD1,GBP2,ITPR2,OAS3,TRAF2,ANTXR1,PLCB1,DEFB4A,IFNA1,STING1,IFNA8,RIPK2,ITPR1,IFNA4,IFNB1,CASR,TNF,CCL5,PLCB3,IFNA16,TICAM1,CXCL1,TRPM2,MAPK12,MAPK8,,,,,,,,,,,,,,,,,,,,,,,,,,,,,,,,,,,,,,,,,,,,,,,,,,,,,,,,,,,,,,,,,,,,,,,,,,,,,,,,,,,,,,,,,,,,,,,,,,,,,,,,,,,,,,,,,,,,,,,,,,,,,,,,,,,,,,,,,,,,,,,,,,,,,,,,,,,,,,,,,,,,,,,,,,,,,,,,,,,,,,,,,,,,,,,,,,,,,,,,,,,,,,,,,,,,,,,,,,,,,,,,,,,,,,,,,,,,,,,,,,,,,,,,,,,,,,,,,,,,
KEGG_RIG-I-LIKE_RECEPTOR_SIGNALING_PATHWAY,TBK1,TRAF6,ISG15,IFNK,NFKB1,FADD,IFNA6,IFNA13,RNF125,NLRX1,MAP3K1,MAPK11,IFNA2,IRF3,TBKBP1,TRAF3,IFNA7,TRIM25,IFNW1,TANK,CASP8,RIGI,IL12B,IFNA14,CXCL8,CXCL10,TRAF2,ATG12,RELA,OTUD5,IFNE,NFKBIB,RIPK1,IFNA5,IFNA10,IKBKE,IFNA1,IFNA17,DHX58,ATG5,STING1,IFNA8,PIN1,SIKE1,IFNA4,IFIH1,IFNB1,TNF,IRF7,MAPK9,IFNA21,CHUK,IKBKG,NFKBIA,IL12A,CASP10,TRADD,DDX3X,MAPK10,MAPK13,MAPK14,IFNA16,CYLD,TKFC,MAVS,AZI2,ADAR,MAP3K7,MAPK12,ZNFX1,IKBKB,MAPK8,,,,,,,,,,,,,,,,,,,,,,,,,,,,,,,,,,,,,,,,,,,,,,,,,,,,,,,,,,,,,,,,,,,,,,,,,,,,,,,,,,,,,,,,,,,,,,,,,,,,,,,,,,,,,,,,,,,,,,,,,,,,,,,,,,,,,,,,,,,,,,,,,,,,,,,,,,,,,,,,,,,,,,,,,,,,,,,,,,,,,,,,,,,,,,,,,,,,,,,,,,,,,,,,,,,,,,,,,,,,,,,,,,,,,,,,,,,,,,,,,,,,,,,,,,,,,,,,,,,,,,,,,,,,,,,,,,,,,,,,,,,,,,,,,,,,,,,,,,,,,,,,,,,,,,,,,,,,,,,,,,,,,,,,,,,,,,,,,,,,,,,,,,,,,,,,,,,,,,,,,,,,,,,,,,,,,,,
KEGG_CYTOSOLIC_DNA-SENSING_PATHWAY,CCL4L2,TBK1,IFI16,NFKB1,IFNA6,FADD,IFNA13,PCBP1,G3BP1,POLR1C,IFNA2,IRF3,POLR3H,POLR3E,IFNA7,CASP3,POLR3F,DNASE2,POLR1D,POLR2H,POLR3GL,CASP8,RIGI,CCL4,SAMHD1,NLRP3,AIM2,ZDHHC11,GSDMD,IFNA14,CGAS,CXCL10,DNASE2B,RIPK3,MEFV,RELA,POLR3C,NFKBIB,POLR2F,RIPK1,IFNA5,POLR2K,IFNA10,IKBKE,IFNA1,IFNA17,STING1,POLR3B,CCL4L1,CASP1,IFNA8,IL6,IFNA4,IFNB1,CCL5,TREX1,POLR3A,IRF7,IL18,IL33,IFNA21,CHUK,IKBKG,NFKBIA,POLR2E,CASP7,PYCARD,MLKL,ZCCHC3,ZDHHC11B,IFNA16,IL1B,ZBP1,MAVS,POLR3G,ZDHHC1,POLR3D,DDX41,ADAR,GSDME,POLR3K,IKBKB,POLR2L,,,,,,,,,,,,,,,,,,,,,,,,,,,,,,,,,,,,,,,,,,,,,,,,,,,,,,,,,,,,,,,,,,,,,,,,,,,,,,,,,,,,,,,,,,,,,,,,,,,,,,,,,,,,,,,,,,,,,,,,,,,,,,,,,,,,,,,,,,,,,,,,,,,,,,,,,,,,,,,,,,,,,,,,,,,,,,,,,,,,,,,,,,,,,,,,,,,,,,,,,,,,,,,,,,,,,,,,,,,,,,,,,,,,,,,,,,,,,,,,,,,,,,,,,,,,,,,,,,,,,,,,,,,,,,,,,,,,,,,,,,,,,,,,,,,,,,,,,,,,,,,,,,,,,,,,,,,,,,,,,,,,,,,,,,,,,,,,,,,,,,,,,,,,,,,,,,,,,,,,,,,,
KEGG_C-TYPE_LECTIN_RECEPTOR_SIGNALING_PATHWAY,FCER1G,MAPK11,CLEC7A,SYK,PIK3R1,MAPK3,NLRP3,NFATC2,MAPKAPK2,CALM3,PPP3CB,NFATC1,IRF1,IKBKE,PTGS2,CASP1,PTPN11,IL2,LSP1,MAPK9,IL12A,PAK1,PIK3CA,MAPK13,NFKB1,RRAS,MALT1,CALM1,CLEC4D,IL10,CLEC6A,PIK3R3,CALML5,PLK3,PPP3CC,CASP8,CLEC1B,RELA,EGR2,JUN,PLCG2,BCL3,STAT1,IL6,MRAS,PIK3R2,CHUK,PYCARD,NFKBIA,KRAS,MAPK1,PPP3R1,NFATC3,CD209,P3R3URF-PIK3R3,STAT2,CLEC4E,CALML4,IL12B,IRF9,RAF1,RELB,CBLB,SRC,ITPR3,CALML6,RHOA,IL17D,NFKB2,PIK3CB,CLEC4M,IKBKG,IL23A,MAPK10,MAPK14,IL1B,NFATC4,CARD9,AKT3,IKBKB,KSR1,ARHGEF12,CALML3,MAP3K14,AKT2,HRAS,PIK3CD,RRAS2,ITPR2,MDM2,NRAS,PPP3CA,PPP3R2,CCL17,CCL22,EGR3,ITPR1,TNF,AKT1,CALM2,CYLD,BCL10,PRKCD,MAPK12,MAPK8,,,,,,,,,,,,,,,,,,,,,,,,,,,,,,,,,,,,,,,,,,,,,,,,,,,,,,,,,,,,,,,,,,,,,,,,,,,,,,,,,,,,,,,,,,,,,,,,,,,,,,,,,,,,,,,,,,,,,,,,,,,,,,,,,,,,,,,,,,,,,,,,,,,,,,,,,,,,,,,,,,,,,,,,,,,,,,,,,,,,,,,,,,,,,,,,,,,,,,,,,,,,,,,,,,,,,,,,,,,,,,,,,,,,,,,,,,,,,,,,,,,,,,,,,,,,,,,,,,,,,,,,,,,,,,,,,,,,,,,,,,,,,,,,,,,,,,,,,,,,,,,,,,,,,,,,,,,,,,,,,,,,,,,,,,,,,,,,,,,,,,
KEGG_NATURAL_KILLER_CELL_MEDIATED_CYTOTOXICITY,FYN,KIR2DL5A,FCER1G,SHC4,SYK,ZAP70,SOS2,PIK3R1,RAC3,KIR2DS5,CASP3,MAPK3,LAT2,NFATC2,PRKCB,KIR2DS1,IFNA14,KIR2DL3,PPP3CB,SHC3,NFATC1,NCR2,IFNA10,IFNAR1,PTPN11,PRKCA,HLA-E,KIR2DL1,PAK1,PIK3CA,LAT,PTPN6,RAC2,BID,TNFRSF10A,MAP2K1,IFNA13,IFNA2,IFNA7,PIK3R3,KLRD1,FCGR3B,TYROBP,PPP3CC,KIR2DS3,NCR1,ITGB2,ITGAL,KLRC3,KLRC4-KLRK1,IFNGR1,IGH,PLCG2,PTK2B,IFNA5,KLRC1,VAV3,ULBP1,RAET1G,GZMB,SH3BP2,HLA-B,PIK3R2,CD48,IFNA21,MAPK1,KRAS,SOS1,PPP3R1,KIR2DS2,HLA-C,P3R3URF-PIK3R3,LCK,VAV1,IFNA6,CSF2,HLA-G,RAF1,FCGR3A,BRAF,KLRC2,MICA,MAP2K2,KIR3DL2,RAET1E,ULBP2,SH2D1B,RAC1,IFNA17,CD247,KLRK1,KIR2DL2,RAET1L,ULBP3,ARAF,IFNGR2,PIK3CB,KIR2DL4,KIR2DS4,NCR3,IFNAR2,TNFSF10,TNFRSF10B,CD244,ICAM1,HRAS,KIR3DL1,HLA-A,PIK3CD,NRAS,PPP3CA,SH2D1A,SHC1,GRB2,PPP3R2,IFNA1,IFNG,IFNA8,HCST,MICB,IFNA4,IFNB1,TNF,SHC2,PRF1,FASLG,FAS,PLCG1,IFNA16,PRKCG,ICAM2,LCP2,VAV2,,,,,,,,,,,,,,,,,,,,,,,,,,,,,,,,,,,,,,,,,,,,,,,,,,,,,,,,,,,,,,,,,,,,,,,,,,,,,,,,,,,,,,,,,,,,,,,,,,,,,,,,,,,,,,,,,,,,,,,,,,,,,,,,,,,,,,,,,,,,,,,,,,,,,,,,,,,,,,,,,,,,,,,,,,,,,,,,,,,,,,,,,,,,,,,,,,,,,,,,,,,,,,,,,,,,,,,,,,,,,,,,,,,,,,,,,,,,,,,,,,,,,,,,,,,,,,,,,,,,,,,,,,,,,,,,,,,,,,,,,,,,,,,,,,,,,,,,,,,,,,,,,,,,,,,,,,
KEGG_ANTIGEN_PROCESSING_AND_PRESENTATION,CTSS,KIR3DL3,KIR2DL5A,CD74,HSPA1A,HSPA5,HSPA8,PSME1,HSPA1B,PSME2,CALR,KLRC4,HLA-DRB1,NFYB,HLA-DQA2,KIR2DS5,KLRD1,KIR3DL1,HLA-G,HLA-DOA,HLA-DQA1,HLA-DRA,RFX5,HLA-A,HLA-F,CIITA,HSP90AB1,HLA-C,HLA-DOB,NFYA,RFXAP,IFI30,KIR2DS1,KIR2DS3,KLRC2,HSPA4,KLRC3,HLA-DPA1,KIR3DL2,HSPA6,B2M,KIR2DL3,NFYC,HLA-DPB1,HLA-DMB,KLRC1,IFNG,CD4,HLA-DQB1,KIR2DL2,TAP1,RFXANK,HSP90AA1,CTSL,HLA-DRB4,PDIA3,HLA-DMA,HSPA2,CD8A,HLA-E,CANX,HLA-DQB2,HLA-B,TNF,KIR2DL1,KIR2DL4,TAP2,KIR3DS1,PSME3,HLA-DRB3,CREB1,CD8B,KIR2DS2,KIR2DS4,HSPA1L,HLA-DRB5,CD8B2,LGMN,TAPBP,CTSB,,,,,,,,,,,,,,,,,,,,,,,,,,,,,,,,,,,,,,,,,,,,,,,,,,,,,,,,,,,,,,,,,,,,,,,,,,,,,,,,,,,,,,,,,,,,,,,,,,,,,,,,,,,,,,,,,,,,,,,,,,,,,,,,,,,,,,,,,,,,,,,,,,,,,,,,,,,,,,,,,,,,,,,,,,,,,,,,,,,,,,,,,,,,,,,,,,,,,,,,,,,,,,,,,,,,,,,,,,,,,,,,,,,,,,,,,,,,,,,,,,,,,,,,,,,,,,,,,,,,,,,,,,,,,,,,,,,,,,,,,,,,,,,,,,,,,,,,,,,,,,,,,,,,,,,,,,,,,,,,,,,,,,,,,,,,,,,,,,,,,,,,,,,,,,,,,,,,,,,,,,,,,,,
KEGG_T_CELL_RECEPTOR_SIGNALING_PATHWAY,FYN,MAPK11,ZAP70,PPP2R5C,SOS2,PIK3R1,FOS,MAPK3,PAK3,NFATC2,MAP3K8,PPP3CB,NFATC1,CARD11,PTPN11,IL2,MAPK9,PAK1,PIK3CA,MAPK13,PPP2R5A,CD8B2,LAT,PTPN6,NFKB1,MAP2K1,PPP2R2C,MALT1,IL10,PAK4,PTPRC,PIK3R3,MAP2K7,PPP3CC,CD3G,PAK6,PPP2R5B,CD40LG,RELA,ITK,NFKBIB,JUN,PPP2R2A,VAV3,DLG1,IL5,RASGRP1,IL4,CD8A,PIK3R2,ICOS,CHUK,MAPK1,NFKBIA,SOS1,KRAS,PPP3R1,NFATC3,GRAP2,P3R3URF-PIK3R3,LCK,VAV1,PPP2R1B,CSF2,RAF1,CBLB,CDC42,MAP2K2,CDK4,CD247,NCK2,RHOA,PIK3CB,TEC,IKBKG,CD3D,MAPK10,CD8B,MAPK14,PAK5,PRKCQ,MAP3K7,AKT3,IKBKB,PDCD1,CD28,PPP2R1A,MAP3K14,PPP2R3A,PPP2CA,PPP2R2D,AKT2,HRAS,PIK3CD,NFKBIE,PPP2R3B,NRAS,CTLA4,PPP3CA,PPP2CB,GRB2,PPP3R2,CD3E,IFNG,CD4,PPP2R2B,PPP2R5D,PAK2,TNF,BUB1B-PAK6,AKT1,GSK3B,PPP2R5E,PDPK1,PLCG1,BCL10,PPP2R3C,NCK1,LCP2,MAPK12,VAV2,MAPK8,,,,,,,,,,,,,,,,,,,,,,,,,,,,,,,,,,,,,,,,,,,,,,,,,,,,,,,,,,,,,,,,,,,,,,,,,,,,,,,,,,,,,,,,,,,,,,,,,,,,,,,,,,,,,,,,,,,,,,,,,,,,,,,,,,,,,,,,,,,,,,,,,,,,,,,,,,,,,,,,,,,,,,,,,,,,,,,,,,,,,,,,,,,,,,,,,,,,,,,,,,,,,,,,,,,,,,,,,,,,,,,,,,,,,,,,,,,,,,,,,,,,,,,,,,,,,,,,,,,,,,,,,,,,,,,,,,,,,,,,,,,,,,,,,,,,,,,,,,,,,,,,,,,,,,,,,,,,,,,,,,,,,
KEGG_TH1_AND_TH2_CELL_DIFFERENTIATION,MAPK11,IL4R,DLL3,ZAP70,STAT5B,FOS,MAPK3,HLA-DRA,NFATC2,STAT6,IL2RB,HLA-DPA1,PPP3CB,GATA3,NOTCH2,NFATC1,HLA-DQB1,IL2,HLA-DRB4,JAG1,MAPK9,IL12A,MAPK13,MAF,LAT,NOTCH1,JAK2,NFKB1,TYK2,PPP3CC,JAK1,CD3G,RBPJL,RELA,JAG2,HLA-DMB,NFKBIB,IFNGR1,JUN,IL2RA,IL5,TBX21,STAT1,IL4,IL2RG,STAT4,JAK3,CHUK,MAPK1,NFKBIA,DLL1,DLL4,PPP3R1,NFATC3,IL12RB1,HLA-DRB5,LCK,IL12RB2,HLA-DQA1,IL12B,IL13,HLA-DOB,MAML3,CD247,IFNGR2,HLA-DMA,HLA-DQB2,STAT5A,IKBKG,CD3D,MAPK10,HLA-DRB3,MAPK14,PRKCQ,IKBKB,RUNX3,RBPJ,HLA-DRB1,HLA-DQA2,HLA-DOA,NFKBIE,HLA-DPB1,MAML2,PPP3CA,PPP3R2,CD3E,IFNG,CD4,NOTCH3,MAML1,PLCG1,MAPK12,MAPK8,,,,,,,,,,,,,,,,,,,,,,,,,,,,,,,,,,,,,,,,,,,,,,,,,,,,,,,,,,,,,,,,,,,,,,,,,,,,,,,,,,,,,,,,,,,,,,,,,,,,,,,,,,,,,,,,,,,,,,,,,,,,,,,,,,,,,,,,,,,,,,,,,,,,,,,,,,,,,,,,,,,,,,,,,,,,,,,,,,,,,,,,,,,,,,,,,,,,,,,,,,,,,,,,,,,,,,,,,,,,,,,,,,,,,,,,,,,,,,,,,,,,,,,,,,,,,,,,,,,,,,,,,,,,,,,,,,,,,,,,,,,,,,,,,,,,,,,,,,,,,,,,,,,,,,,,,,,,,,,,,,,,,,,,,,,,,,,,,,,,,,,,,,,,,,,,,,
KEGG_TH17_CELL_DIFFERENTIATION,MAPK11,IL4R,ZAP70,SMAD4,EBI3,STAT5B,FOS,SMAD3,MAPK3,SMAD2,FOXP3,HLA-DRA,HSP90AB1,NFATC2,STAT6,IL2RB,HLA-DPA1,IL21,PPP3CB,GATA3,RXRB,NFATC1,RXRA,HLA-DQB1,IL2,HLA-DRB4,IRF4,RXRG,MAPK9,IL22,IL17F,MAPK13,IL27RA,LAT,JAK2,NFKB1,TYK2,PPP3CC,JAK1,CD3G,RELA,HLA-DMB,NFKBIB,IFNGR1,JUN,RORA,IL21R,IL2RA,TBX21,STAT1,IL4,HSP90AA1,IL6,IL2RG,JAK3,RORC,CHUK,MAPK1,NFKBIA,RUNX1,PPP3R1,NFATC3,IL12RB1,IL6R,HLA-DRB5,LCK,TGFBR2,IL1R1,IL1RAP,TGFBR1,HIF1A,HLA-DQA1,HLA-DOB,AHR,IL27,CD247,IL23R,IFNGR2,HLA-DMA,HLA-DQB2,STAT5A,IKBKG,IL23A,CD3D,MAPK10,HLA-DRB3,MAPK14,IL1B,PRKCQ,IKBKB,HLA-DRB1,HLA-DQA2,STAT3,HLA-DOA,NFKBIE,HLA-DPB1,MTOR,PPP3CA,PPP3R2,CD3E,IFNG,CD4,TGFB1,RARA,IL17A,IL6ST,PLCG1,MAPK12,MAPK8,,,,,,,,,,,,,,,,,,,,,,,,,,,,,,,,,,,,,,,,,,,,,,,,,,,,,,,,,,,,,,,,,,,,,,,,,,,,,,,,,,,,,,,,,,,,,,,,,,,,,,,,,,,,,,,,,,,,,,,,,,,,,,,,,,,,,,,,,,,,,,,,,,,,,,,,,,,,,,,,,,,,,,,,,,,,,,,,,,,,,,,,,,,,,,,,,,,,,,,,,,,,,,,,,,,,,,,,,,,,,,,,,,,,,,,,,,,,,,,,,,,,,,,,,,,,,,,,,,,,,,,,,,,,,,,,,,,,,,,,,,,,,,,,,,,,,,,,,,,,,,,,,,,,,,,,,,,,,,,,,,,,,,,,,,,,,,,,,,
KEGG_IL-17_SIGNALING_PATHWAY,TBK1,CCL20,MAPK11,FOS,CXCL5,CASP3,MAPK3,DEFB4B,TRAF3IP2,HSP90AB1,CCL7,CXCL8,IKBKE,PTGS2,MAPK9,TRADD,IL17F,MAPK13,CXCL6,NFKB1,TNFAIP3,MUC5B,ANAPC5,IL17C,MMP9,MMP13,IL17RE,MMP3,CASP8,RELA,JUN,IL5,HSP90AA1,IL4,IL6,LCN2,MAPK8,MAPK15,CHUK,MAPK1,TAB3,NFKBIA,FOSB,CXCL2,MAPK6,MAPK7,JUND,MUC5AC,FADD,TRAF3,CSF2,IL13,IL17RB,IL17RA,MAPK4,S100A7A,S100A9,S100A7,TRAF5,IL17D,CEBPB,SRSF1,IKBKG,TAB2,S100A8,MAPK10,MAPK14,ELAVL1,IL1B,MAP3K7,IKBKB,CCL11,TRAF6,IL17RC,CXCL3,TRAF4,IL25,USP25,HSP90B1,CCL2,CXCL10,TRAF2,DEFB4A,FOSL1,IFNG,IL17B,CCL17,CSF3,TNF,MMP1,IL17A,CXCL1,MAPK12,GSK3B,,,,,,,,,,,,,,,,,,,,,,,,,,,,,,,,,,,,,,,,,,,,,,,,,,,,,,,,,,,,,,,,,,,,,,,,,,,,,,,,,,,,,,,,,,,,,,,,,,,,,,,,,,,,,,,,,,,,,,,,,,,,,,,,,,,,,,,,,,,,,,,,,,,,,,,,,,,,,,,,,,,,,,,,,,,,,,,,,,,,,,,,,,,,,,,,,,,,,,,,,,,,,,,,,,,,,,,,,,,,,,,,,,,,,,,,,,,,,,,,,,,,,,,,,,,,,,,,,,,,,,,,,,,,,,,,,,,,,,,,,,,,,,,,,,,,,,,,,,,,,,,,,,,,,,,,,,,,,,,,,,,,,,,,,,,,,,,,,,,,,,,,,,,,,,,,,
KEGG_B_CELL_RECEPTOR_SIGNALING_PATHWAY,CD81,BLNK,GRB2,NFKB1,VAV1,MAP2K1,SYK,SOS2,MALT1,AKT2,PIK3R1,BANK1,RAC3,CR2,FOS,HRAS,LILRB3,PIK3R3,MAPK3,PPP3CC,PIK3CD,LYN,LILRA3,RAF1,PTPN6,PRKCB,NFKBIE,NFATC2,LILRA6,LILRA5,LILRB1,MAP2K2,NRAS,RELA,IFITM1,RAC1,BLK,PPP3CB,NFKBIB,PPP3CA,JUN,NFATC1,PLCG2,CD19,PPP3R2,CD79A,IGH,CARD11,VAV3,CD72,CD22,INPPL1,LILRB4,BTK,LILRA2,RASGRP3,AKT3,CD79B,LILRB2,PIK3AP1,PIK3CB,PIK3R2,LILRA1,LILRB5,CHUK,IKBKG,INPP5D,NFKBIA,KRAS,MAPK1,LILRA4,AKT1,PIK3CA,SOS1,PPP3R1,RAC2,NFATC3,DAPP1,BCL10,FCGR2B,P3R3URF-PIK3R3,VAV2,IKBKB,GSK3B,,,,,,,,,,,,,,,,,,,,,,,,,,,,,,,,,,,,,,,,,,,,,,,,,,,,,,,,,,,,,,,,,,,,,,,,,,,,,,,,,,,,,,,,,,,,,,,,,,,,,,,,,,,,,,,,,,,,,,,,,,,,,,,,,,,,,,,,,,,,,,,,,,,,,,,,,,,,,,,,,,,,,,,,,,,,,,,,,,,,,,,,,,,,,,,,,,,,,,,,,,,,,,,,,,,,,,,,,,,,,,,,,,,,,,,,,,,,,,,,,,,,,,,,,,,,,,,,,,,,,,,,,,,,,,,,,,,,,,,,,,,,,,,,,,,,,,,,,,,,,,,,,,,,,,,,,,,,,,,,,,,,,,,,,,,,,,,,,,,,,,,,,,,,,,,,,,,,,,,,,,,
KEGG_FC_EPSILON_RI_SIGNALING_PATHWAY,FYN,P3R3URF-PIK3R3,FCER1G,MAPK11,MAP2K1,SYK,PLA2G4C,VAV1,SOS2,AKT2,PIK3R1,RAC3,HRAS,PIK3R3,ALOX5,MAPK3,CSF2,MAP2K3,MAP2K7,MAP2K4,PIK3CD,LYN,LAT,IL13,RAF1,ALOX5AP,MAP2K2,NRAS,RAC1,IGH,PLCG2,GRB2,PLA2G4A,VAV3,IL5,MS4A2,IL4,PLA2G4D,PLA2G4F,BTK,PRKCA,AKT3,TNF,PIK3CB,PIK3R2,IL3,MAPK9,JMJD7-PLA2G4B,INPP5D,MAPK1,KRAS,SOS1,PLA2G4B,AKT1,MAPK13,PIK3CA,PLA2G4E,PDPK1,MAPK14,PLCG1,MAPK10,RAC2,GAB2,MAP2K6,LCP2,FCER1A,MAPK12,VAV2,MAPK8,,,,,,,,,,,,,,,,,,,,,,,,,,,,,,,,,,,,,,,,,,,,,,,,,,,,,,,,,,,,,,,,,,,,,,,,,,,,,,,,,,,,,,,,,,,,,,,,,,,,,,,,,,,,,,,,,,,,,,,,,,,,,,,,,,,,,,,,,,,,,,,,,,,,,,,,,,,,,,,,,,,,,,,,,,,,,,,,,,,,,,,,,,,,,,,,,,,,,,,,,,,,,,,,,,,,,,,,,,,,,,,,,,,,,,,,,,,,,,,,,,,,,,,,,,,,,,,,,,,,,,,,,,,,,,,,,,,,,,,,,,,,,,,,,,,,,,,,,,,,,,,,,,,,,,,,,,,,,,,,,,,,,,,,,,,,,,,,,,,,,,,,,,,,,,,,,,,,,,,,,,,,,,,,,,,,,,,,,,
KEGG_FC_GAMMA_R-MEDIATED_PHAGOCYTOSIS,ACTR3C,PLA2G4C,SYK,ARPC3,PIK3R1,CFL1,MAPK3,SPHK1,PRKCB,ARPC2,SCIN,ARPC1A,PRKCE,PRKCA,INPP5D,PAK1,HCK,PLA2G4B,PIK3CA,WASF1,PLPP2,PLPP1,LAT,RAC2,MAP2K1,VASP,ASAP1,PTPRC,CFL2,WASF2,PIK3R3,FCGR3B,PLD2,PIP5K1A,RPS6KB1,IGH,PLCG2,VAV3,PLA2G4D,PLA2G4F,ARPC4,LIMK1,PIK3R2,MARCKSL1,JMJD7-PLA2G4B,MAPK1,CRKL,ARPC5L,P3R3URF-PIK3R3,VAV1,PLA2G6,BIN1,ASAP2,GSN,LIMK2,MARCKS,FCGR3A,RAF1,ARPC1B,CDC42,WAS,FCGR1A,ARF6,RAC1,PLD1,PLA2G4A,WASF3,SPHK2,CRK,PIK3CB,ARPC5,PIP5K1B,GAB2,AKT3,DOCK1,FCGR2A,DNM2,PLPP3,AMPH,AKT2,PIK3CD,LYN,ACTR2,ACTR3B,ACTR3,INPPL1,PIP5K1C,NCF1,MYO10,AKT1,PLA2G4E,RPS6KB2,ASAP3,PLCG1,PRKCG,FCGR2B,PRKCD,VAV2,,,,,,,,,,,,,,,,,,,,,,,,,,,,,,,,,,,,,,,,,,,,,,,,,,,,,,,,,,,,,,,,,,,,,,,,,,,,,,,,,,,,,,,,,,,,,,,,,,,,,,,,,,,,,,,,,,,,,,,,,,,,,,,,,,,,,,,,,,,,,,,,,,,,,,,,,,,,,,,,,,,,,,,,,,,,,,,,,,,,,,,,,,,,,,,,,,,,,,,,,,,,,,,,,,,,,,,,,,,,,,,,,,,,,,,,,,,,,,,,,,,,,,,,,,,,,,,,,,,,,,,,,,,,,,,,,,,,,,,,,,,,,,,,,,,,,,,,,,,,,,,,,,,,,,,,,,,,,,,,,,,,,,,,,,,,,,,,,,,,,,,,,,,,,
KEGG_LEUKOCYTE_TRANSENDOTHELIAL_MIGRATION,MAPK11,OCLN,ACTN1,EZR,MYL2,CYBB,PIK3R1,VCAM1,CLDN20,CLDN22,PRKCB,CYBA,RHOH,AFDN,PTPN11,BCAR1,RAP1B,PRKCA,GNAI2,CLDN19,PIK3CA,CLDN5,MAPK13,SIPA1,CLDN9,ACTB,CLDN4,RAC2,TXK,VASP,MMP9,PIK3R3,CLDN18,ITGAM,RAPGEF4,CLDN34,PECAM1,ITGB2,ITGAL,JAM3,ITK,MYL10,THY1,PTK2B,GNAI3,PLCG2,ACTN4,RAPGEF3,VAV3,CXCR4,CLDN6,PIK3R2,ROCK2,ITGA4,CLDN25,CLDN14,RAP1A,RASSF5,F11R,ARHGAP5,P3R3URF-PIK3R3,CXCL12,MYL5,VAV1,MYL11,CTNNA3,NCF2,MMP2,ROCK1,ESAM,CTNNA1,CDH5,CDC42,CTNNB1,MYL9,RAC1,CLDN3,CLDN7,ITGB1,CLDN12,MYL12A,JAM2,RHOA,PIK3CB,VCL,MAPK14,GNAI1,MYL7,CLDN16,MYL12B,CLDN17,CLDN8,ICAM1,NCF4,PTK2,CD99,CD99L2,ACTG1,CLDN2,PIK3CD,CLDN23,CLDN24,CLDN11,CTNNA2,CLDN15,CLDN10,NCF1,PXN,CLDN1,CTNND1,PLCG1,MSN,PRKCG,ARHGAP35,MAPK12,VAV2,,,,,,,,,,,,,,,,,,,,,,,,,,,,,,,,,,,,,,,,,,,,,,,,,,,,,,,,,,,,,,,,,,,,,,,,,,,,,,,,,,,,,,,,,,,,,,,,,,,,,,,,,,,,,,,,,,,,,,,,,,,,,,,,,,,,,,,,,,,,,,,,,,,,,,,,,,,,,,,,,,,,,,,,,,,,,,,,,,,,,,,,,,,,,,,,,,,,,,,,,,,,,,,,,,,,,,,,,,,,,,,,,,,,,,,,,,,,,,,,,,,,,,,,,,,,,,,,,,,,,,,,,,,,,,,,,,,,,,,,,,,,,,,,,,,,,,,,,,,,,,,,,,,,,,,,,,,,,,,,,,,,,,,,,,,
KEGG_INTESTINAL_IMMUNE_NETWORK_FOR_IGA_PRODUCTION,LTBR,TNFRSF17,CD28,MAP3K14,ICOSLG,IL10,CCL28,HLA-DRB1,HLA-DQA2,TNFSF13,MADCAM1,IL15RA,PIGR,HLA-DOA,HLA-DQA1,HLA-DRA,HLA-DOB,CD40,HLA-DPA1,CD40LG,HLA-DPB1,TNFSF13B,HLA-DMB,TNFRSF13C,CD80,IGH,CCL25,TGFB1,HLA-DQB1,IL5,IL2,CXCR4,TNFRSF13B,IL4,IL6,HLA-DRB4,HLA-DMA,HLA-DQB2,ICOS,ITGA4,CD86,ITGB7,HLA-DRB3,IL15,CCR10,AICDA,CCR9,HLA-DRB5,CXCL12,,,,,,,,,,,,,,,,,,,,,,,,,,,,,,,,,,,,,,,,,,,,,,,,,,,,,,,,,,,,,,,,,,,,,,,,,,,,,,,,,,,,,,,,,,,,,,,,,,,,,,,,,,,,,,,,,,,,,,,,,,,,,,,,,,,,,,,,,,,,,,,,,,,,,,,,,,,,,,,,,,,,,,,,,,,,,,,,,,,,,,,,,,,,,,,,,,,,,,,,,,,,,,,,,,,,,,,,,,,,,,,,,,,,,,,,,,,,,,,,,,,,,,,,,,,,,,,,,,,,,,,,,,,,,,,,,,,,,,,,,,,,,,,,,,,,,,,,,,,,,,,,,,,,,,,,,,,,,,,,,,,,,,,,,,,,,,,,,,,,,,,,,,,,,,,,,,,,,,,,,,,,,,,,,,,,,,,,,,,,,,,,,,,,,,,,,,,,,,
KEGG_CHEMOKINE_SIGNALING_PATHWAY,CCL20,SHC4,SOS2,CCL26,PIK3R1,CXCL13,STAT5B,CCL23,CXCL5,RAC3,MAPK3,TIAM1,CXCR2,PRKCB,CCL7,CCR3,PPBP,CXCL8,ADCY8,PF4,ADCY6,CXCR1,GNG7,SHC3,ADCY3,ARRB1,BCAR1,FGR,GRK4,RAP1B,GNAI2,CCL24,CCR5,ADCY9,CCL3,GNG11,ARRB2,PAK1,HCK,PIK3CA,XCR1,ELMO1,CCR10,GRK2,ADCY1,CX3CR1,CXCL14,CXCL6,RAC2,CCL21,JAK2,MAP2K1,NFKB1,PREX1,CCL16,CCL28,GNG8,GRK3,XCL2,PIK3R3,CXCR5,GNB2,PRKCZ,CCL4,PRKACA,GNAQ,ITK,RELA,GRK5,PLCB4,CCL3L3,CXCR3,PLCG2,CCR7,GNAI3,GNG4,PTK2B,NFKBIB,VAV3,CXCR4,CCR6,STAT1,GNG5,GRK6,CCR1,PIK3R2,ROCK2,JAK3,GNG3,ADCY4,CHUK,GNGT2,CRKL,GRK7,CXCL16,CXCL2,MAPK1,KRAS,NFKBIA,SOS1,CCL3L1,RAP1A,PRKACG,P3R3URF-PIK3R3,CCL18,CXCL12,XCL1,VAV1,STAT2,GSK3A,ROCK1,GNB5,PIK3CG,GNB3,GNB1,RAF1,BRAF,CCL15,CDC42,WAS,RAC1,GNGT1,SRC,RHOA,GNG13,ADCY5,GNG12,CRK,PIK3CB,IKBKG,CCR2,CCL1,GNG2,PF4V1,GNAI1,BAD,CCR9,CXCR6,CX3CL1,CCL27,AKT3,IKBKB,CCR4,CCL11,CCL4L2,CXCL3,ADCY7,AKT2,PTK2,GNG10,CCL2,PRKACB,PLCB2,HRAS,FOXO3,GRK1,STAT3,CCL13,CXCL11,LYN,PIK3CD,ADCY2,PIK3R5,CXCL10,PARD3,CCR8,NRAS,CCL25,PLCB1,CCL4L1,SHC1,GRB2,CCL14,CCL17,CCL8,NCF1,CCL22,PXN,CCL5,DOCK2,SHC2,PLCB3,PIK3R6,RASGRP2,CXCL9,AKT1,GNB4,PLCG1,CXCL1,PRKCD,CCL19,VAV2,GSK3B,,,,,,,,,,,,,,,,,,,,,,,,,,,,,,,,,,,,,,,,,,,,,,,,,,,,,,,,,,,,,,,,,,,,,,,,,,,,,,,,,,,,,,,,,,,,,,,,,,,,,,,,,,,,,,,,,,,,,,,,,,,,,,,,,,,,,,,,,,,,,,,,,,,,,,,,,,,,,,,,,,,,,,,,,,,,,,,,,,,,,,,,,,,,,,,,,,,,,,,,,,,,,,,,,,,,,,,,,,,,,,,,,,,,,,,,,,,,,,,,,,,,,,,,,,,,,,
KEGG_INSULIN_SECRETION,CAMK2A,ATP1A3,KCNMA1,ATP1A1,ABCC8,ATP1A2,CREB5,PCLO,PRKCB,ADCY8,ADCY6,ATP1B1,CREB3L2,ADCY3,GCK,ATF2,SNAP25,CACNA1C,PRKCA,CCKAR,ADCY9,INS,CREB3,CREB1,CACNA1F,ADCY1,CREB3L4,CAMK2G,PDX1,CAMK2B,TRPM4,RAPGEF4,PRKACA,KCNMB4,GNAQ,KCNMB1,KCNN2,PLCB4,ATF4,KCNMB2,CACNA1D,GNA11,ADCY4,SLC2A1,GCG,PRKACG,VAMP2,ATP1A4,GPR119,CREB3L1,KCNN4,CHRM3,KCNN1,CREB3L3,ATP1B3,FXYD2,ADCYAP1R1,GNAS,ADCYAP1,SLC2A2,ITPR3,ADCY5,RAB3A,CAMK2D,ATP1B2,RIMS2,KCNMB3,ADCY7,PRKACB,CCK,PLCB2,KCNU1,STX1A,CACNA1S,GLP1R,ADCY2,PLCB1,GIP,FFAR1,RYR2,PLCB3,KCNN3,KCNJ11,PRKCG,ATP1B4,ATF6B,,,,,,,,,,,,,,,,,,,,,,,,,,,,,,,,,,,,,,,,,,,,,,,,,,,,,,,,,,,,,,,,,,,,,,,,,,,,,,,,,,,,,,,,,,,,,,,,,,,,,,,,,,,,,,,,,,,,,,,,,,,,,,,,,,,,,,,,,,,,,,,,,,,,,,,,,,,,,,,,,,,,,,,,,,,,,,,,,,,,,,,,,,,,,,,,,,,,,,,,,,,,,,,,,,,,,,,,,,,,,,,,,,,,,,,,,,,,,,,,,,,,,,,,,,,,,,,,,,,,,,,,,,,,,,,,,,,,,,,,,,,,,,,,,,,,,,,,,,,,,,,,,,,,,,,,,,,,,,,,,,,,,,,,,,,,,,,,,,,,,,,,,,,,,,,,,,,,,,,,,
KEGG_INSULIN_SIGNALING_PATHWAY,MKNK2,SHC4,IRS4,FLOT2,MKNK1,SOS2,PIK3R1,PPP1R3A,MAPK3,PYGM,FBP2,EXOC7,PRKAG1,EIF4E2,PPP1CA,TSC1,PDE3B,CALM3,SOCS4,SHC3,EIF4E1B,PPP1R3F,PHKA2,SH2B2,GCK,PTPN1,PHKA1,MAPK9,INS,TSC2,RPTOR,TRIP10,PIK3CA,PRKAR1B,PPP1R3B,RHOQ,PRKCI,PYGB,PRKAG2,PRKAB1,PRKAR2A,MAP2K1,PPP1CB,CALM1,PHKG2,CALML5,PIK3R3,PRKCZ,PRKACA,PRKAA2,PRKAB2,GYS2,RPS6KB1,ACACA,PRKAG3,PIK3R2,HKDC1,MAPK1,CRKL,PKLR,SOS1,KRAS,PRKACG,P3R3URF-PIK3R3,PYGL,EIF4E,PHKG1,FASN,SORBS1,RPS6,FOXO1,CALML4,G6PC2,RAF1,BRAF,FLOT1,CBLB,MAP2K2,EIF4EBP1,PPP1R3D,G6PC1,PRKAR1A,FBP1,CALML6,ARAF,PHKB,RHEB,CRK,LIPE,PIK3CB,SOCS1,PTPRF,GYS1,PPP1R3E,PRKAR2B,SOCS3,INPP5A,HK2,MAPK10,BAD,SLC2A4,AKT3,IKBKB,PPP1R3C,CBL,CALML3,IRS2,AKT2,PPP1CC,PRKACB,HRAS,PIK3CD,SOCS2,HK3,PRKAA1,NRAS,MTOR,SREBF1,SHC1,GRB2,RAPGEF1,PCK1,G6PC3,INPPL1,IRS1,PPARGC1A,SHC2,PCK2,ACACB,INSR,ELK1,AKT1,GSK3B,RPS6KB2,CALM2,HK1,PDPK1,MAPK8,,,,,,,,,,,,,,,,,,,,,,,,,,,,,,,,,,,,,,,,,,,,,,,,,,,,,,,,,,,,,,,,,,,,,,,,,,,,,,,,,,,,,,,,,,,,,,,,,,,,,,,,,,,,,,,,,,,,,,,,,,,,,,,,,,,,,,,,,,,,,,,,,,,,,,,,,,,,,,,,,,,,,,,,,,,,,,,,,,,,,,,,,,,,,,,,,,,,,,,,,,,,,,,,,,,,,,,,,,,,,,,,,,,,,,,,,,,,,,,,,,,,,,,,,,,,,,,,,,,,,,,,,,,,,,,,,,,,,,,,,,,,,,,,,,,,,,,,,,,,,,,,,,,,,
KEGG_GLUCAGON_SIGNALING_PATHWAY,CAMK2A,LDHB,CREB5,LDHA,CREBBP,PYGM,FBP2,PRKAG1,PKM,PPP4R3B,PDE3B,CREB3L2,CALM3,PPP3CB,PHKA2,GCK,ATF2,PRMT1,PHKA1,CREB3,PPP4R3C,CREB1,PYGB,PRKAG2,PRKAB1,CREB3L4,LDHAL6B,CALM1,CAMK2G,PHKG2,CALML5,CAMK2B,PPP3CC,PDHA1,PRKACA,CPT1C,PRKAA2,GNAQ,GYS2,PRKAB2,PLCB4,ATF4,GCGR,ACACA,PFKM,PRKAG3,PGAM2,SLC2A1,GCG,PPP3R1,SIRT1,CRTC2,PRKACG,PYGL,PHKG1,SIK2,FOXO1,CALML4,EP300,CREB3L1,G6PC2,PGAM1,CREB3L3,GNAS,G6PC1,FBP1,SLC2A2,SIK,ITPR3,CALML6,PHKB,PFKFB1,GYS1,CAMK2D,PFKP,AKT3,PGAM4,CPT1A,CALML3,AKT2,PRKACB,PLCB2,PPARA,ADCY2,ITPR2,PDHA2,CPT1B,PRKAA1,PLCB1,PPP3CA,SIK1,PPP3R2,PCK1,G6PC3,PFKL,PPP4C,PPP4R3A,ITPR1,PPARGC1A,LDHAL6A,LDHC,PLCB3,PDHB,PCK2,ACACB,AKT1,CALM2,,,,,,,,,,,,,,,,,,,,,,,,,,,,,,,,,,,,,,,,,,,,,,,,,,,,,,,,,,,,,,,,,,,,,,,,,,,,,,,,,,,,,,,,,,,,,,,,,,,,,,,,,,,,,,,,,,,,,,,,,,,,,,,,,,,,,,,,,,,,,,,,,,,,,,,,,,,,,,,,,,,,,,,,,,,,,,,,,,,,,,,,,,,,,,,,,,,,,,,,,,,,,,,,,,,,,,,,,,,,,,,,,,,,,,,,,,,,,,,,,,,,,,,,,,,,,,,,,,,,,,,,,,,,,,,,,,,,,,,,,,,,,,,,,,,,,,,,,,,,,,,,,,,,,,,,,,,,,,,,,,,,,,,,,,,,,,,,,,,,
KEGG_REGULATION_OF_LIPOLYSIS_IN_ADIPOCYTES,PNPLA2,CGA,IRS2,NPPA,IRS4,PRKG2,ADCY7,AKT2,ADRB1,PIK3R1,PRKACB,AQP7,PIK3R3,PLIN1,PIK3CD,PRKACA,ADCY2,ADRB3,PRKG1,ADCY8,PLAAT2,ADCY6,GNAS,PDE3B,ADORA1,ADCY3,GNAI3,PTGS2,IRS1,ADCY5,PTGS1,NPY,AKT3,GNAI2,LIPE,PIK3CB,NPR1,ADRB2,ADCY4,ADCY9,PIK3R2,TSHR,INS,FABP4,NPY1R,MGLL,PTGER3,INSR,PIK3CA,TSHB,ABHD5,AQP7B,GNAI1,PLAAT3,AKT1,ADCY1,CIDEC,PRKACG,P3R3URF-PIK3R3,,,,,,,,,,,,,,,,,,,,,,,,,,,,,,,,,,,,,,,,,,,,,,,,,,,,,,,,,,,,,,,,,,,,,,,,,,,,,,,,,,,,,,,,,,,,,,,,,,,,,,,,,,,,,,,,,,,,,,,,,,,,,,,,,,,,,,,,,,,,,,,,,,,,,,,,,,,,,,,,,,,,,,,,,,,,,,,,,,,,,,,,,,,,,,,,,,,,,,,,,,,,,,,,,,,,,,,,,,,,,,,,,,,,,,,,,,,,,,,,,,,,,,,,,,,,,,,,,,,,,,,,,,,,,,,,,,,,,,,,,,,,,,,,,,,,,,,,,,,,,,,,,,,,,,,,,,,,,,,,,,,,,,,,,,,,,,,,,,,,,,,,,,,,,,,,,,,,,,,,,,,,,,,,,,,,,,,,,,,,,,,,,,,,
KEGG_ADIPOCYTOKINE_SIGNALING_PATHWAY,TNFRSF1B,PRKAG2,PRKAB1,CPT1A,JAK2,NFKB1,ADIPOR1,IRS2,ACSL5,IRS4,ACSL4,AKT2,ADIPOQ,APPL1,CD36,G6PC2,STAT3,PPARA,CPT1C,PRKAG1,NFKBIE,PRKAA2,CPT1B,TRAF2,PRKAA1,ADIPOR2,RELA,AGRP,PRKAB2,MTOR,NFKBIB,POMC,RXRA,RXRB,G6PC1,PCK1,PTPN11,G6PC3,PRKAG3,IRS1,ACSBG1,ACSL6,NPY,AKT3,PPARGC1A,MAPK8,RXRG,TNF,MAPK9,CAMKK2,PCK2,SOCS3,SLC2A1,NFKBIA,ACACB,CHUK,IKBKG,AKT1,TNFRSF1A,ACSBG2,ACSL1,MAPK10,TRADD,STK11,SLC2A4,ACSL3,PRKCQ,LEP,IKBKB,LEPR,,,,,,,,,,,,,,,,,,,,,,,,,,,,,,,,,,,,,,,,,,,,,,,,,,,,,,,,,,,,,,,,,,,,,,,,,,,,,,,,,,,,,,,,,,,,,,,,,,,,,,,,,,,,,,,,,,,,,,,,,,,,,,,,,,,,,,,,,,,,,,,,,,,,,,,,,,,,,,,,,,,,,,,,,,,,,,,,,,,,,,,,,,,,,,,,,,,,,,,,,,,,,,,,,,,,,,,,,,,,,,,,,,,,,,,,,,,,,,,,,,,,,,,,,,,,,,,,,,,,,,,,,,,,,,,,,,,,,,,,,,,,,,,,,,,,,,,,,,,,,,,,,,,,,,,,,,,,,,,,,,,,,,,,,,,,,,,,,,,,,,,,,,,,,,,,,,,,,,,,,,,,,,,,,,,,,,,,,
KEGG_PPAR_SIGNALING_PATHWAY,CPT1A,ACOX3,SLC27A5,FABP5,ME1,ACSL5,SORBS1,SCD5,ACSL4,PLTP,ADIPOQ,NR1H3,FABP2,AQP7,APOA2,EHHADH,PPARG,FABP1,CD36,PLIN1,CYP8B1,PPARA,ACADM,CPT1C,UCP1,ACSL3,LPL,CPT2,ACADL,CPT1B,ANGPTL4,CYP27A1,UBC,PLIN5,GK,RXRB,SLC27A2,RXRA,HMGCS1,APOA1,PCK1,FADS2,PPARD,ACOX2,ACOX1,FABP3,HMGCS2,ACSBG1,SCP2,ILK,FABP7,ACSL6,APOA5,RXRG,APOC3,SLC27A4,PLIN4,SLC27A1,FABP4,PCK2,CYP7A1,ME3,MMP1,PLIN2,SCD,ACSBG2,ACSL1,AQP7B,FABP6,PDPK1,GK2,ACAA1,SLC27A6,GK3,OLR1,DBI,,,,,,,,,,,,,,,,,,,,,,,,,,,,,,,,,,,,,,,,,,,,,,,,,,,,,,,,,,,,,,,,,,,,,,,,,,,,,,,,,,,,,,,,,,,,,,,,,,,,,,,,,,,,,,,,,,,,,,,,,,,,,,,,,,,,,,,,,,,,,,,,,,,,,,,,,,,,,,,,,,,,,,,,,,,,,,,,,,,,,,,,,,,,,,,,,,,,,,,,,,,,,,,,,,,,,,,,,,,,,,,,,,,,,,,,,,,,,,,,,,,,,,,,,,,,,,,,,,,,,,,,,,,,,,,,,,,,,,,,,,,,,,,,,,,,,,,,,,,,,,,,,,,,,,,,,,,,,,,,,,,,,,,,,,,,,,,,,,,,,,,,,,,,,,,,,,,,,,,,,,,,,,,,,,,
KEGG_GNRH_SECRETION,CGA,P3R3URF-PIK3R3,MAP2K1,TRPC1,AKT2,PIK3R1,PLCB2,HRAS,PIK3R3,HCN1,MAPK3,HCN3,GPER1,GABBR1,KCNN4,CACNA1S,PIK3CD,RAF1,PRKCB,KCNJ6,KCNN1,KCNJ5,ITPR2,MAP2K2,CACNA1I,GNAQ,NRAS,SPP1,KISS1R,KCNN2,PLCB4,PLCB1,GNRH2,ARRB1,HCN2,ESR2,CACNA1D,GNA11,ITPR3,GNRH1,ITPR1,PRKCA,CACNA1G,CACNA1C,PIK3CB,PIK3R2,TRPC5,PLCB3,CACNA1H,KCNJ3,MAPK1,ARRB2,KRAS,KCNN3,AKT1,PIK3CA,KCNJ9,TRPC4,LHB,KCNJ11,PRKCG,GABBR2,CACNA1F,KISS1,AKT3,,,,,,,,,,,,,,,,,,,,,,,,,,,,,,,,,,,,,,,,,,,,,,,,,,,,,,,,,,,,,,,,,,,,,,,,,,,,,,,,,,,,,,,,,,,,,,,,,,,,,,,,,,,,,,,,,,,,,,,,,,,,,,,,,,,,,,,,,,,,,,,,,,,,,,,,,,,,,,,,,,,,,,,,,,,,,,,,,,,,,,,,,,,,,,,,,,,,,,,,,,,,,,,,,,,,,,,,,,,,,,,,,,,,,,,,,,,,,,,,,,,,,,,,,,,,,,,,,,,,,,,,,,,,,,,,,,,,,,,,,,,,,,,,,,,,,,,,,,,,,,,,,,,,,,,,,,,,,,,,,,,,,,,,,,,,,,,,,,,,,,,,,,,,,,,,,,,,,,,,,,,,,,,,,,,,,,,,,,,,,,
KEGG_GNRH_SIGNALING_PATHWAY,CAMK2A,MAPK11,PLA2G4C,SOS2,MAPK3,PRKCB,ADCY8,ADCY6,CALM3,MAP3K3,ADCY3,CACNA1C,PRKCA,ADCY9,MAPK9,MAP3K4,PLA2G4B,MAPK13,ADCY1,CACNA1F,MAP3K2,MAP2K1,CAMK2G,CALM1,CAMK2B,CALML5,MAP2K3,MAP2K7,EGR1,PLD2,PRKACA,EGFR,GNAQ,PLCB4,ATF4,PTK2B,JUN,CACNA1D,GNA11,PLA2G4D,PLA2G4F,GNRH1,ADCY4,GNRHR,JMJD7-PLA2G4B,MAPK1,KRAS,SOS1,MAP2K6,PRKACG,MAPK7,MAP3K1,MMP2,CALML4,RAF1,CDC42,MAP2K2,GNAS,PLD1,PLA2G4A,SRC,ITPR3,MMP14,CALML6,ADCY5,CAMK2D,MAPK10,LHB,MAPK14,CGA,CALML3,ADCY7,PRKACB,PLCB2,HRAS,HBEGF,CACNA1S,MAP2K4,ADCY2,ITPR2,NRAS,PLCB1,GNRH2,GRB2,FSHB,ITPR1,PLCB3,ELK1,PLA2G4E,CALM2,PRKCD,MAPK12,MAPK8,,,,,,,,,,,,,,,,,,,,,,,,,,,,,,,,,,,,,,,,,,,,,,,,,,,,,,,,,,,,,,,,,,,,,,,,,,,,,,,,,,,,,,,,,,,,,,,,,,,,,,,,,,,,,,,,,,,,,,,,,,,,,,,,,,,,,,,,,,,,,,,,,,,,,,,,,,,,,,,,,,,,,,,,,,,,,,,,,,,,,,,,,,,,,,,,,,,,,,,,,,,,,,,,,,,,,,,,,,,,,,,,,,,,,,,,,,,,,,,,,,,,,,,,,,,,,,,,,,,,,,,,,,,,,,,,,,,,,,,,,,,,,,,,,,,,,,,,,,,,,,,,,,,,,,,,,,,,,,,,,,,,,,,,,,,,,,,,,,,,,,,,,,,,,,,,,,
KEGG_OVARIAN_STEROIDOGENESIS,CGA,ACOT2,PLA2G4C,ADCY7,BMP15,STAR,PRKACB,ALOX5,SCARB1,LHCGR,ACOT1,CYP1A1,CYP11A1,BMP6,PRKACA,ADCY2,HSD17B7,ADCY8,CYP19A1,ADCY6,GNAS,HSD17B2,ADCY3,HSD3B1,PTGS2,PLA2G4A,FSHB,HSD3B2,CYP1B1,PLA2G4F,CYP17A1,ADCY5,IGF1,PLA2G4D,LDLR,ADCY4,ADCY9,CYP2J2,INS,JMJD7-PLA2G4B,INSR,PLA2G4B,PLA2G4E,LHB,HSD17B1,AKR1C3,ADCY1,ACOT4,PRKACG,IGF1R,AKR1C8,FSHR,,,,,,,,,,,,,,,,,,,,,,,,,,,,,,,,,,,,,,,,,,,,,,,,,,,,,,,,,,,,,,,,,,,,,,,,,,,,,,,,,,,,,,,,,,,,,,,,,,,,,,,,,,,,,,,,,,,,,,,,,,,,,,,,,,,,,,,,,,,,,,,,,,,,,,,,,,,,,,,,,,,,,,,,,,,,,,,,,,,,,,,,,,,,,,,,,,,,,,,,,,,,,,,,,,,,,,,,,,,,,,,,,,,,,,,,,,,,,,,,,,,,,,,,,,,,,,,,,,,,,,,,,,,,,,,,,,,,,,,,,,,,,,,,,,,,,,,,,,,,,,,,,,,,,,,,,,,,,,,,,,,,,,,,,,,,,,,,,,,,,,,,,,,,,,,,,,,,,,,,,,,,,,,,,,,,,,,,,,,,,,,,,,,,,,,,,,,
KEGG_ESTROGEN_SIGNALING_PATHWAY,NOS3,SHC4,HSPA1A,SOS2,PIK3R1,CREB5,FOS,KRT35,MAPK3,GPER1,GNAO1,HSP90AB1,SP1,ADCY8,KRT12,ADCY6,CREB3L2,CALM3,SHC3,ADCY3,KRT14,ATF2,KRT36,KRT37,KRT19,GNAI2,KRT32,ADCY9,TFF1,CREB3,PIK3CA,KRT25,CREB1,ADCY1,MAP2K1,CREB3L4,GRM1,KRT9,CALM1,PGR,MMP9,PIK3R3,CALML5,OPRM1,PRKACA,KCNJ6,KRT10,EGFR,GNAQ,HSPA6,ATF4,PLCB4,JUN,GNAI3,ESR2,KRT39,GREB1,HSP90AA1,TGFA,KRT16,KRT15,KRT33B,PIK3R2,ADCY4,KCNJ3,MAPK1,KRAS,SOS1,KCNJ9,KRT38,KRT28,KRT17,HSPA1L,PRKACG,P3R3URF-PIK3R3,EBAG9,KRT24,KRT31,HSPA8,HSPA1B,KRT40,MMP2,CALML4,CREB3L1,GABBR1,RAF1,CREB3L3,KCNJ5,MAP2K2,GNAS,KRT26,FKBP4,POMC,SRC,ITPR3,CALML6,NCOA3,ADCY5,BCL2,PIK3CB,KRT13,GNAI1,AKT3,CALML3,KRT18,ADCY7,AKT2,PRKACB,HSP90B1,HRAS,HBEGF,PLCB2,KRT20,PIK3CD,KRT27,ADCY2,ITPR2,KRT23,NRAS,FKBP5,PLCB1,KRT34,SHC1,GRB2,ITPR1,RARA,ESR1,SHC2,PLCB3,AKT1,NCOA2,CALM2,NCOA1,GABBR2,KRT33A,PRKCD,CTSD,ATF6B,,,,,,,,,,,,,,,,,,,,,,,,,,,,,,,,,,,,,,,,,,,,,,,,,,,,,,,,,,,,,,,,,,,,,,,,,,,,,,,,,,,,,,,,,,,,,,,,,,,,,,,,,,,,,,,,,,,,,,,,,,,,,,,,,,,,,,,,,,,,,,,,,,,,,,,,,,,,,,,,,,,,,,,,,,,,,,,,,,,,,,,,,,,,,,,,,,,,,,,,,,,,,,,,,,,,,,,,,,,,,,,,,,,,,,,,,,,,,,,,,,,,,,,,,,,,,,,,,,,,,,,,,,,,,,,,,,,,,,,,,,,,,,,,,,,,,,,,,,,,,,,,,,,,,
KEGG_PROGESTERONE-MEDIATED_OOCYTE_MATURATION,MAPK11,FZR1,MAD2L1,PIK3R1,SPDYE18,MAPK3,SPDYE10,SPDYE3,HSP90AB1,RPS6KA3,CCNA1,MAPK12,STK10,ADCY8,SPDYE11,ADCY6,PDE3B,CDC16,CCNB2,ADCY3,CDC26,GNAI2,ADCY9,MAPK9,INS,PIK3CA,MAPK13,ADCY1,IGF1R,CPEB3,SPDYE1,CPEB2,MAP2K1,SPDYE16,ANAPC5,PGR,MAD2L2,BUB1,PIK3R3,ANAPC1,PRKACA,KIF22,RPS6KA1,GNAI3,MAD1L1,RPS6KA2,HSP90AA1,ANAPC10,IGF1,MAPK8,PIK3R2,ADCY4,MAPK1,KRAS,SPDYE6,CPEB1,PRKACG,P3R3URF-PIK3R3,ANAPC7,CCNA2,SPDYE12,SPDYE9,RAF1,BRAF,CDK1,SPDYA,ARAF,SPDYE13,ADCY5,CCNB1,PKMYT1,PIK3CB,ANAPC2,ANAPC11,ANAPC15,MAPK10,GNAI1,ANAPC13,MAPK14,ANAPC16,AKT3,SPDYE2B,PLK1,CDC25A,SPDYE8,SPDYE17,SPDYE21,ADCY7,AKT2,CDC25B,PRKACB,PIK3CD,SPDYE5,CDK2,CPEB4,ADCY2,SPDYE14,CDC25C,SPDYE2,SPDYE4,ANAPC4,SPDYE15,CDC23,AKT1,CDC27,RPS6KA6,SPDYC,AURKA,MOS,CCNB3,,,,,,,,,,,,,,,,,,,,,,,,,,,,,,,,,,,,,,,,,,,,,,,,,,,,,,,,,,,,,,,,,,,,,,,,,,,,,,,,,,,,,,,,,,,,,,,,,,,,,,,,,,,,,,,,,,,,,,,,,,,,,,,,,,,,,,,,,,,,,,,,,,,,,,,,,,,,,,,,,,,,,,,,,,,,,,,,,,,,,,,,,,,,,,,,,,,,,,,,,,,,,,,,,,,,,,,,,,,,,,,,,,,,,,,,,,,,,,,,,,,,,,,,,,,,,,,,,,,,,,,,,,,,,,,,,,,,,,,,,,,,,,,,,,,,,,,,,,,,,,,,,,,,,,,,,,,,,,,,,,,,,,,,,,,,,,,,,
KEGG_PROLACTIN_SIGNALING_PATHWAY,CGA,CISH,JAK2,MAP2K1,PRL,SHC4,MAPK11,SOCS7,TNFSF11,TH,NFKB1,SOS2,AKT2,PIK3R1,CCND2,STAT5B,FOS,HRAS,FOXO3,PIK3R3,MAPK3,STAT3,ELF5,LHCGR,CCND1,PIK3CD,SOCS2,RAF1,MAPK12,MAP2K2,NRAS,SOCS6,RELA,SOCS4,SHC3,SHC1,GRB2,IRF1,SRC,ESR2,SLC2A2,GCK,STAT1,PRLR,SOCS5,GALT,CYP17A1,AKT3,TNFRSF11A,ESR1,PIK3CB,PIK3R2,SOCS1,STAT5A,SHC2,MAPK9,INS,SOCS3,MAPK1,KRAS,SOS1,AKT1,PIK3CA,MAPK10,MAPK13,GSK3B,MAPK14,LHB,CSN2,P3R3URF-PIK3R3,MAPK8,,,,,,,,,,,,,,,,,,,,,,,,,,,,,,,,,,,,,,,,,,,,,,,,,,,,,,,,,,,,,,,,,,,,,,,,,,,,,,,,,,,,,,,,,,,,,,,,,,,,,,,,,,,,,,,,,,,,,,,,,,,,,,,,,,,,,,,,,,,,,,,,,,,,,,,,,,,,,,,,,,,,,,,,,,,,,,,,,,,,,,,,,,,,,,,,,,,,,,,,,,,,,,,,,,,,,,,,,,,,,,,,,,,,,,,,,,,,,,,,,,,,,,,,,,,,,,,,,,,,,,,,,,,,,,,,,,,,,,,,,,,,,,,,,,,,,,,,,,,,,,,,,,,,,,,,,,,,,,,,,,,,,,,,,,,,,,,,,,,,,,,,,,,,,,,,,,,,,,,,,,,,,,,,,,,,,,,,
KEGG_OXYTOCIN_SIGNALING_PATHWAY,CAMK2A,NOS3,PLA2G4C,NPPA,MYLK4,CACNA2D4,FOS,MAPK3,CCND1,GNAO1,PRKAG1,PRKCB,MYL6,EEF2K,CACNB3,NFATC2,ADCY8,PPP1CA,ADCY6,KCNJ17,CALM3,PPP3CB,ADCY3,NFATC1,PPP1R12A,PTGS2,MAP2K5,OXTR,PPP1R12B,CACNA2D1,CACNA1C,PRKCA,NPR2,GNAI2,GUCY1A1,CACNA2D3,ADCY9,CACNG1,PLA2G4B,ADCY1,CACNA1F,CACNG2,ACTB,PRKAG2,PRKAB1,CACNG5,MAP2K1,PPP1CB,CAMK1D,CALM1,CAMK2G,GUCY1A2,CALML5,CAMK2B,PPP3CC,PRKACA,KCNJ6,PRKAA2,EGFR,GNAQ,OXT,CACNB1,PRKAB2,RYR1,PLCB4,JUN,GNAI3,CACNA1D,KCNJ14,PRKAG3,PLA2G4D,PLA2G4F,KCNJ4,ROCK2,ADCY4,CAMKK2,JMJD7-PLA2G4B,KCNJ3,MAPK1,CACNG3,KRAS,KCNJ9,KCNJ12,PPP3R1,MYLK3,GUCY1B1,NFATC3,PRKACG,MAPK7,ROCK1,PIK3CG,CALML4,CACNB2,CACNG7,RAF1,KCNJ5,MAP2K2,PPP1R12C,GNAS,MYL9,CAMK4,PLA2G4A,SRC,ITPR3,CALML6,ADCY5,RHOA,CACNB4,CACNG4,CAMK2D,MYLK,RCAN1,GNAI1,CACNG6,RYR3,NFATC4,CALML3,RGS2,MYL6B,ADCY7,PRKACB,PPP1CC,PLCB2,HRAS,ACTG1,CACNA1S,KCNJ18,KCNJ2,ADCY2,PIK3R5,ITPR2,CD38,NRAS,CAMK1,PRKAA1,PLCB1,CACNG8,PPP3CA,MEF2C,CAMK1G,PPP3R2,ITPR1,RYR2,NPR1,PLCB3,EEF2,PIK3R6,MYLK2,ELK1,CDKN1A,PLA2G4E,CALM2,PRKCG,CACNA2D2,TRPM2,,,,,,,,,,,,,,,,,,,,,,,,,,,,,,,,,,,,,,,,,,,,,,,,,,,,,,,,,,,,,,,,,,,,,,,,,,,,,,,,,,,,,,,,,,,,,,,,,,,,,,,,,,,,,,,,,,,,,,,,,,,,,,,,,,,,,,,,,,,,,,,,,,,,,,,,,,,,,,,,,,,,,,,,,,,,,,,,,,,,,,,,,,,,,,,,,,,,,,,,,,,,,,,,,,,,,,,,,,,,,,,,,,,,,,,,,,,,,,,,,,,,,,,,,,,,,,,,,,,,,,,,,,,,,,,,,,,,,,,,,,,,,,,,,,,,
KEGG_RELAXIN_SIGNALING_PATHWAY,NOS3,COL4A5,MAPK11,SHC4,SOS2,PIK3R1,CREB5,FOS,VEGFC,MAPK3,SMAD2,GNAO1,COL4A2,RLN2,ADCY8,ADCY6,GNG7,CREB3L2,SHC3,ADCY3,ARRB1,RLN1,ATF2,COL4A4,EDNRB,VEGFD,PRKCA,GNAI2,RXFP1,ADCY9,MAPK9,GNG11,ARRB2,PIK3CA,CREB3,MAPK13,CREB1,ADCY1,NFKB1,CREB3L4,MAP2K1,RXFP3,NOS1,GNG8,MMP9,MMP13,PIK3R3,MAP2K7,GNB2,PRKCZ,PRKACA,EGFR,RELA,EDN1,ATF4,PLCB4,GNAI3,JUN,GNG4,RXFP2,GNG5,MAPK8,PIK3R2,ADCY4,GNG3,MAPK1,NFKBIA,GNGT2,KRAS,SOS1,PRKACG,P3R3URF-PIK3R3,RXFP4,TGFBR2,RLN3,TGFBR1,INSL5,MMP2,GNB5,GNB3,CREB3L1,GNB1,COL4A3,RAF1,CREB3L3,MAP2K2,GNAS,GNGT1,SRC,ADCY5,GNG13,GNG12,PIK3CB,MAPK10,GNG2,GNAI1,GNA15,MAPK14,COL3A1,AKT3,AKT2,ADCY7,GNG10,PRKACB,HRAS,PLCB2,COL1A2,PIK3CD,MAP2K4,ADCY2,VEGFB,NRAS,COL4A6,PLCB1,COL1A1,SHC1,GRB2,TGFB1,NOS2,VEGFA,SHC2,PLCB3,MMP1,AKT1,COL4A1,GNB4,INSL3,ACTA2,MAPK12,ATF6B,,,,,,,,,,,,,,,,,,,,,,,,,,,,,,,,,,,,,,,,,,,,,,,,,,,,,,,,,,,,,,,,,,,,,,,,,,,,,,,,,,,,,,,,,,,,,,,,,,,,,,,,,,,,,,,,,,,,,,,,,,,,,,,,,,,,,,,,,,,,,,,,,,,,,,,,,,,,,,,,,,,,,,,,,,,,,,,,,,,,,,,,,,,,,,,,,,,,,,,,,,,,,,,,,,,,,,,,,,,,,,,,,,,,,,,,,,,,,,,,,,,,,,,,,,,,,,,,,,,,,,,,,,,,,,,,,,,,,,,,,,,,,,,,,,,,,,,,,,,,,,,,,,,,,,,,,,,,,
"KEGG_GROWTH_HORMONE_SYNTHESIS,_SECRETION_AND_ACTION",SSTR3,MAPK11,SHC4,SSTR2,IRS4,GHRH,SOS2,SSTR1,PIK3R1,CREB5,STAT5B,FOS,CREBBP,MAPK3,PRKCB,GHRL,ADCY8,ADCY6,CREB3L2,SHC3,ADCY3,GHSR,ATF2,BCAR1,CACNA1C,PRKCA,GH2,GNAI2,ADCY9,MAPK9,CREB3,PIK3CA,MAPK13,CREB1,ADCY1,CACNA1F,JAK2,MAP2K1,CREB3L4,SST,CSH2,PIK3R3,MAP2K3,PRKACA,CSHL1,GNAQ,PLCB4,ATF4,GNAI3,PLCG2,CACNA1D,GNA11,STAT1,IGF1,MAPK8,PIK3R2,ADCY4,MAPK1,CRKL,KRAS,SOS1,MAP2K6,PRKACG,P3R3URF-PIK3R3,CSH1,MAP3K1,EP300,CREB3L1,IGFALS,RAF1,CREB3L3,MAP2K2,GNAS,JUNB,ITPR3,ADCY5,CRK,PIK3CB,SOCS1,STAT5A,SOCS3,ADCY10,MAPK10,MAPK14,GNAI1,MRAP2,AKT3,GH1,IRS2,ADCY7,AKT2,PTK2,PRKACB,PLCB2,HRAS,STAT3,CACNA1S,PIK3CD,SOCS2,MAP2K4,ATF6B,GHR,ADCY2,ITPR2,NRAS,MTOR,PLCB1,SHC1,GRB2,IRS1,ITPR1,POU1F1,SHC2,SSTR5,PLCB3,AKT1,IGFBP3,PLCG1,PRKCG,GHRHR,MAPK12,GSK3B,,,,,,,,,,,,,,,,,,,,,,,,,,,,,,,,,,,,,,,,,,,,,,,,,,,,,,,,,,,,,,,,,,,,,,,,,,,,,,,,,,,,,,,,,,,,,,,,,,,,,,,,,,,,,,,,,,,,,,,,,,,,,,,,,,,,,,,,,,,,,,,,,,,,,,,,,,,,,,,,,,,,,,,,,,,,,,,,,,,,,,,,,,,,,,,,,,,,,,,,,,,,,,,,,,,,,,,,,,,,,,,,,,,,,,,,,,,,,,,,,,,,,,,,,,,,,,,,,,,,,,,,,,,,,,,,,,,,,,,,,,,,,,,,,,,,,,,,,,,,,,,,,,,,,,,,,,,,,,,,,,,,,
KEGG_THYROID_HORMONE_SYNTHESIS,CGA,ATP1A3,TG,ATP1A4,ATP1A1,CREB3L4,GPX6,IYD,DUOX1,HSPA5,ADCY7,ATP1A2,PRKACB,CREB5,HSP90B1,PLCB2,GPX7,ATP1B4,CREB3L1,GSR,ALB,GPX3,PRKACA,PRKCB,ADCY2,CREB3L3,TPO,ITPR2,ADCY8,DUOX2,ATP1B3,ADCY6,GNAQ,GNAS,ATP1B1,FXYD2,CREB3L2,DUOXA2,LRP2,PLCB4,ADCY3,PLCB1,TTF2,ATF4,GPX2,ITPR3,ATF2,PDIA4,ADCY5,ITPR1,PRKCA,CANX,SERPINA7,TSHR,ADCY4,ADCY9,PLCB3,TTF1,GPX5,SLC26A4,GPX8,ASGR1,TSHB,PAX8,CREB3,CREB1,ASGR2,SLC5A5,ADCY1,ATP1B2,PRKCG,GPX1,PRKACG,TTR,ATF6B,,,,,,,,,,,,,,,,,,,,,,,,,,,,,,,,,,,,,,,,,,,,,,,,,,,,,,,,,,,,,,,,,,,,,,,,,,,,,,,,,,,,,,,,,,,,,,,,,,,,,,,,,,,,,,,,,,,,,,,,,,,,,,,,,,,,,,,,,,,,,,,,,,,,,,,,,,,,,,,,,,,,,,,,,,,,,,,,,,,,,,,,,,,,,,,,,,,,,,,,,,,,,,,,,,,,,,,,,,,,,,,,,,,,,,,,,,,,,,,,,,,,,,,,,,,,,,,,,,,,,,,,,,,,,,,,,,,,,,,,,,,,,,,,,,,,,,,,,,,,,,,,,,,,,,,,,,,,,,,,,,,,,,,,,,,,,,,,,,,,,,,,,,,,,,,,,,,,,,,,,,,,,,,,,,,,
KEGG_THYROID_HORMONE_SIGNALING_PATHWAY,ATP1A3,MYH6,ATP1A1,PLCZ1,PIK3R1,ATP1A2,ATP2A2,CREBBP,MAPK3,CCND1,KAT2A,PRKCB,ATP1B1,MED13L,RXRB,RXRA,NOTCH2,BMP4,MED16,RCAN2,PRKCA,RXRG,SLCO1C1,MED17,TSC2,PIK3CA,HDAC2,ACTB,ITGAV,KAT2B,NOTCH1,MAP2K1,ATP2A3,PIK3R3,PLN,GATA4,TBC1D4,PRKACA,HDAC1,PLCB4,PLCG2,PFKM,STAT1,PIK3R2,SLC2A1,MAPK1,PLCD3,KRAS,SLC16A2,DIO1,PRKACG,P3R3URF-PIK3R3,ATP1A4,FOXO1,PLCD1,SLC9A1,MED24,EP300,HIF1A,CASP9,TP53,DIO2,RAF1,HDAC3,NOTCH4,MAP2K2,CTNNB1,ATP1B3,FXYD2,NCOR1,MED1,SRC,MED12,DIO3,MED13,NCOA3,RHEB,PLCE1,PIK3CB,RCAN1,MED27,SLC16A10,BAD,ITGB3,ATP1B2,WNT4,MED4,PFKP,AKT3,MYH7,PFKFB2,AKT2,PRKACB,PLCB2,HRAS,THRB,ACTG1,PIK3CD,MED14,MDM2,SIN3A,NRAS,PLCD4,PLCB1,MTOR,THRA,MED30,PFKL,MED12L,ESR1,PLCB3,AKT1,NOTCH3,NCOA2,MYC,PDPK1,PLCG1,NCOA1,PRKCG,ATP2A1,ATP1B4,GSK3B,,,,,,,,,,,,,,,,,,,,,,,,,,,,,,,,,,,,,,,,,,,,,,,,,,,,,,,,,,,,,,,,,,,,,,,,,,,,,,,,,,,,,,,,,,,,,,,,,,,,,,,,,,,,,,,,,,,,,,,,,,,,,,,,,,,,,,,,,,,,,,,,,,,,,,,,,,,,,,,,,,,,,,,,,,,,,,,,,,,,,,,,,,,,,,,,,,,,,,,,,,,,,,,,,,,,,,,,,,,,,,,,,,,,,,,,,,,,,,,,,,,,,,,,,,,,,,,,,,,,,,,,,,,,,,,,,,,,,,,,,,,,,,,,,,,,,,,,,,,,,,,,,,,,,,,,,,,,,,,,,,,,,
"KEGG_PARATHYROID_HORMONE_SYNTHESIS,_SECRETION_AND_ACTION",WNK2,TNFSF11,WNK3,SOST,CREB5,BGLAP,FOS,MAPK3,PTH,PRKCB,SP1,WNK4,ADCY8,ADCY6,NHERF1,CREB3L2,GATA3,ADCY3,RXRB,PTH1R,ARRB1,RXRA,ATF2,TRPV5,MMP15,PRKCA,GNAI2,SLC34A1,RXRG,ADCY9,PDE4B,ARRB2,MMP25,GCM2,CREB3,LRP6,CREB1,ADCY1,MEF2D,MMP17,MAFB,MAP2K1,CREB3L4,MMP13,EGR1,PLD2,FGF23,PRKACA,EGFR,GNAQ,PLCB4,ATF4,GNAI3,GNA11,NACA,NR4A2,WNK1,ADCY4,MAPK1,ARHGEF1,PRKACG,PTHLH,NACA2,JUND,STK39,SLC12A3,GCM1,CREB3L1,FGFR1,MMP24,RAF1,RUNX2,BRAF,CREB3L3,VDR,SLC34A2,GNAS,PLD1,ITPR3,LRP5,MMP14,ARAF,ADCY5,RHOA,BCL2,KL,GNAI1,PDE4C,PDE4D,ADCY7,AKAP13,PRKACB,PLCB2,HBEGF,CYP24A1,ADCY2,ITPR2,SGK1,PLCB1,MEF2C,ARHGEF11,MEF2A,MMP16,ITPR1,CASR,SLC34A3,PLCB3,CYP27B1,GNA12,CDKN1A,GNA13,PRKCG,PDE4A,OXSR1,ATF6B,,,,,,,,,,,,,,,,,,,,,,,,,,,,,,,,,,,,,,,,,,,,,,,,,,,,,,,,,,,,,,,,,,,,,,,,,,,,,,,,,,,,,,,,,,,,,,,,,,,,,,,,,,,,,,,,,,,,,,,,,,,,,,,,,,,,,,,,,,,,,,,,,,,,,,,,,,,,,,,,,,,,,,,,,,,,,,,,,,,,,,,,,,,,,,,,,,,,,,,,,,,,,,,,,,,,,,,,,,,,,,,,,,,,,,,,,,,,,,,,,,,,,,,,,,,,,,,,,,,,,,,,,,,,,,,,,,,,,,,,,,,,,,,,,,,,,,,,,,,,,,,,,,,,,,,,,,,,,,,,,,,,,,,,,,,,
KEGG_MELANOGENESIS,CAMK2A,TCF7L1,WNT5A,CREBBP,MAPK3,GNAO1,PRKCB,ADCY8,LEF1,ADCY6,CALM3,CREB3L2,ADCY3,WNT3A,MC1R,FZD1,EDNRB,PRKCA,TCF7L2,WNT8B,GNAI2,MITF,FZD5,FZD3,FZD2,ADCY9,WNT16,TYRP1,DVL2,ASIP,CREB3,FZD6,CREB1,ADCY1,CREB3L4,MAP2K1,WNT10B,TYR,CAMK2G,CALM1,FZD9,WNT2B,DVL3,CALML5,CAMK2B,PRKACA,WNT5B,GNAQ,EDN1,PLCB4,GNAI3,WNT3,ADCY4,WNT9B,MAPK1,KRAS,WNT2,PRKACG,WNT7B,FZD10,CALML4,EP300,CREB3L1,RAF1,CREB3L3,MAP2K2,CTNNB1,WNT10A,GNAS,POMC,DCT,CALML6,TCF7,WNT1,ADCY5,CAMK2D,GNAI1,WNT4,KITLG,WNT7A,WNT9A,CALML3,ADCY7,PRKACB,PLCB2,HRAS,FZD8,KIT,ADCY2,NRAS,PLCB1,WNT6,FZD7,WNT8A,PLCB3,CALM2,PRKCG,FZD4,DVL1,WNT11,GSK3B,,,,,,,,,,,,,,,,,,,,,,,,,,,,,,,,,,,,,,,,,,,,,,,,,,,,,,,,,,,,,,,,,,,,,,,,,,,,,,,,,,,,,,,,,,,,,,,,,,,,,,,,,,,,,,,,,,,,,,,,,,,,,,,,,,,,,,,,,,,,,,,,,,,,,,,,,,,,,,,,,,,,,,,,,,,,,,,,,,,,,,,,,,,,,,,,,,,,,,,,,,,,,,,,,,,,,,,,,,,,,,,,,,,,,,,,,,,,,,,,,,,,,,,,,,,,,,,,,,,,,,,,,,,,,,,,,,,,,,,,,,,,,,,,,,,,,,,,,,,,,,,,,,,,,,,,,,,,,,,,,,,,,,,,,,,,,,,,,,,,,,,,,,
KEGG_RENIN_SECRETION,KCNMA1,CALML3,AGT,NPPA,REN,PRKG2,CALM1,ADRB1,GUCY1A2,PRKACB,ACE,PLCB2,CALML4,CALML5,PDE3A,CACNA1S,AQP1,PPP3CC,KCNJ2,PRKACA,ADRB3,ITPR2,PDE1C,EDN3,ADCY6,GNAQ,GNAS,PDE3B,CALM3,ADCYAP1R1,EDN1,ADORA1,PLCB4,PLCB1,GNAI3,PDE1A,PPP3CA,PPP3CB,CACNA1D,PPP3R2,ADCYAP1,ITPR3,EDN2,CALML6,ADCY5,ITPR1,ORAI1,CACNA1C,GNAI2,GUCY1A1,PDE1B,NPR1,ADRB2,PTGER2,CLCA2,AGTR1,PLCB3,CLCA1,EDNRA,CALM2,PTGER4,GNAI1,GUCY1B1,CREB1,CLCA4,CACNA1F,PPP3R1,PRKACG,CTSB,,,,,,,,,,,,,,,,,,,,,,,,,,,,,,,,,,,,,,,,,,,,,,,,,,,,,,,,,,,,,,,,,,,,,,,,,,,,,,,,,,,,,,,,,,,,,,,,,,,,,,,,,,,,,,,,,,,,,,,,,,,,,,,,,,,,,,,,,,,,,,,,,,,,,,,,,,,,,,,,,,,,,,,,,,,,,,,,,,,,,,,,,,,,,,,,,,,,,,,,,,,,,,,,,,,,,,,,,,,,,,,,,,,,,,,,,,,,,,,,,,,,,,,,,,,,,,,,,,,,,,,,,,,,,,,,,,,,,,,,,,,,,,,,,,,,,,,,,,,,,,,,,,,,,,,,,,,,,,,,,,,,,,,,,,,,,,,,,,,,,,,,,,,,,,,,,,,,,,,,,,,,,,,,,,,,,,,,,,
KEGG_RENIN-ANGIOTENSIN_SYSTEM,CTSG,ANPEP,AGT,MAS1,AGTR2,ACE2,NLN,REN,ATP6AP2,MME,ACE,KLK1,CPA3,CMA1,LNPEP,MRGPRD,PREP,THOP1,ENPEP,KLK2,CTSA,AGTR1,PRCP,,,,,,,,,,,,,,,,,,,,,,,,,,,,,,,,,,,,,,,,,,,,,,,,,,,,,,,,,,,,,,,,,,,,,,,,,,,,,,,,,,,,,,,,,,,,,,,,,,,,,,,,,,,,,,,,,,,,,,,,,,,,,,,,,,,,,,,,,,,,,,,,,,,,,,,,,,,,,,,,,,,,,,,,,,,,,,,,,,,,,,,,,,,,,,,,,,,,,,,,,,,,,,,,,,,,,,,,,,,,,,,,,,,,,,,,,,,,,,,,,,,,,,,,,,,,,,,,,,,,,,,,,,,,,,,,,,,,,,,,,,,,,,,,,,,,,,,,,,,,,,,,,,,,,,,,,,,,,,,,,,,,,,,,,,,,,,,,,,,,,,,,,,,,,,,,,,,,,,,,,,,,,,,,,,,,,,,,,,,,,,,,,,,,,,,,,,,,,,,,,,,,,,,,,,,,,,,,,,,,,,,,
KEGG_ALDOSTERONE_SYNTHESIS_AND_SECRETION,CAMK2A,ATP1A3,ATP1A1,AGT,NPPA,ATP1A2,CREB5,SCARB1,PRKCB,ADCY8,ADCY6,ATP1B1,CREB3L2,CALM3,ADCY3,PRKD3,ATF2,HSD3B2,CACNA1C,PRKCA,PRKCE,ADCY9,ATP2B4,CREB3,CREB1,CACNA1F,ADCY1,CREB3L4,ATP2B3,CAMK1D,CALM1,CAMK2G,CALML5,CAMK2B,CYP11A1,PRKD2,PRKACA,GNAQ,PRKD1,PLCB4,ATF4,CACNA1D,GNA11,ATF1,NR4A2,CYP11B2,ADCY4,ATP2B1,PRKACG,ATP1A4,ATP2B2,STAR,CALML4,CREB3L1,DAGLB,CREB3L3,KCNJ5,ATP1B3,GNAS,CAMK4,POMC,HSD3B1,ITPR3,CALML6,ADCY5,CACNA1G,LIPE,CACNA1H,CAMK2D,ATP1B2,CALML3,KCNK3,ADCY7,PRKACB,PLCB2,CACNA1S,ADCY2,NR4A1,DAGLA,ITPR2,CACNA1I,CAMK1,CYP21A2,KCNK9,PLCB1,CAMK1G,ITPR1,ORAI1,NPR1,LDLR,AGTR1,PLCB3,MC2R,CALM2,PRKCG,PDE2A,ATP1B4,ATF6B,,,,,,,,,,,,,,,,,,,,,,,,,,,,,,,,,,,,,,,,,,,,,,,,,,,,,,,,,,,,,,,,,,,,,,,,,,,,,,,,,,,,,,,,,,,,,,,,,,,,,,,,,,,,,,,,,,,,,,,,,,,,,,,,,,,,,,,,,,,,,,,,,,,,,,,,,,,,,,,,,,,,,,,,,,,,,,,,,,,,,,,,,,,,,,,,,,,,,,,,,,,,,,,,,,,,,,,,,,,,,,,,,,,,,,,,,,,,,,,,,,,,,,,,,,,,,,,,,,,,,,,,,,,,,,,,,,,,,,,,,,,,,,,,,,,,,,,,,,,,,,,,,,,,,,,,,,,,,,,,,,,,,,,,,,,,,,,,,,,,,,,,,,,,,
KEGG_CORTISOL_SYNTHESIS_AND_SECRETION,CREB3L4,AGT,KCNK3,ADCY7,STAR,CREB5,PRKACB,PLCB2,KCNK2,CREB3L1,SCARB1,CACNA1S,CYP11A1,PRKACA,MRAP,ADCY2,CREB3L3,NR4A1,SP1,ITPR2,ADCY8,KCNA4,CACNA1I,ADCY6,GNAQ,GNAS,NR5A1,CREB3L2,PLCB4,PLCB1,ATF4,ADCY3,HSD3B1,CYP21A2,CACNA1D,CYP11B1,POMC,GNA11,ITPR3,ATF2,PDE8A,HSD3B2,NCEH1,CYP17A1,ADCY5,ITPR1,CACNA1C,CACNA1G,PDE8B,ORAI1,NR0B1,LDLR,ADCY9,ADCY4,AGTR1,PLCB3,CACNA1H,MC2R,PBX1,CREB3,CREB1,CACNA1F,ADCY1,PRKACG,ATF6B,,,,,,,,,,,,,,,,,,,,,,,,,,,,,,,,,,,,,,,,,,,,,,,,,,,,,,,,,,,,,,,,,,,,,,,,,,,,,,,,,,,,,,,,,,,,,,,,,,,,,,,,,,,,,,,,,,,,,,,,,,,,,,,,,,,,,,,,,,,,,,,,,,,,,,,,,,,,,,,,,,,,,,,,,,,,,,,,,,,,,,,,,,,,,,,,,,,,,,,,,,,,,,,,,,,,,,,,,,,,,,,,,,,,,,,,,,,,,,,,,,,,,,,,,,,,,,,,,,,,,,,,,,,,,,,,,,,,,,,,,,,,,,,,,,,,,,,,,,,,,,,,,,,,,,,,,,,,,,,,,,,,,,,,,,,,,,,,,,,,,,,,,,,,,,,,,,,,,,,,,,,,,,,,,,,,,,,,,,,,,,
KEGG_CARDIAC_MUSCLE_CONTRACTION,ATP1A3,MYH6,ATP1A1,COX7B,CACNA2D4,MYL2,COX4I2,ATP1A2,SLC8A3,ATP2A2,CACNB3,COX6C,ATP1B1,COX3,UQCRC2,COX1,CYC1,CACNA2D1,MYL4,COX4I1,CACNA1C,COX6B1,COX5B,CACNA2D3,TNNC1,CACNG1,CACNA1F,CACNG2,SLC8A2,CACNG5,COX6B2,ATP2A3,UQCRQ,COX2,COX7A2L,COX7A1,CACNB1,CACNA1D,COX6A2,TPM3,CACNG3,SLC9A7,MYL3,COX8C,ATP1A4,ASPH,CASQ2,SLC9A1,CACNB2,CACNG7,UQCR10,COX6A1,COX7B2,ATP1B3,FXYD2,UQCRB,SLC9A6,ACTC1,CACNB4,CACNG4,TNNT2,CYTB,TPM4,UQCRFS1,UQCR11,COX7C,CACNG6,ATP1B2,MYH7,SLC8A1,TPM2,ATP2A1,CACNA1S,COX8A,COX7A2,CACNG8,TNNI3,UQCRHL,TRDN,COX5A,UQCRH,RYR2,TPM1,HRC,UQCRC1,CACNA2D2,ATP1B4,,,,,,,,,,,,,,,,,,,,,,,,,,,,,,,,,,,,,,,,,,,,,,,,,,,,,,,,,,,,,,,,,,,,,,,,,,,,,,,,,,,,,,,,,,,,,,,,,,,,,,,,,,,,,,,,,,,,,,,,,,,,,,,,,,,,,,,,,,,,,,,,,,,,,,,,,,,,,,,,,,,,,,,,,,,,,,,,,,,,,,,,,,,,,,,,,,,,,,,,,,,,,,,,,,,,,,,,,,,,,,,,,,,,,,,,,,,,,,,,,,,,,,,,,,,,,,,,,,,,,,,,,,,,,,,,,,,,,,,,,,,,,,,,,,,,,,,,,,,,,,,,,,,,,,,,,,,,,,,,,,,,,,,,,,,,,,,,,,,,,,,,,,,,,,,,,,,,,,,,
KEGG_ADRENERGIC_SIGNALING_IN_CARDIOMYOCYTES,CAMK2A,ATP1A3,MYH6,ATP1A1,MAPK11,AGT,CACNA2D4,PPP2R5C,KCNE1B,MYL2,ATP1A2,CREB5,SLC8A3,KCNK2,ATP2A2,MAPK3,CACNB3,ADCY8,PPP1CA,ATP1B1,ADCY6,CREB3L2,CALM3,ADCY3,ATF2,CACNA2D1,MYL4,CACNA1C,PRKCA,GNAI2,CACNA2D3,TNNC1,CACNG1,ADCY9,CREM,ATP2B4,CREB3,MAPK13,CREB1,CACNA1F,ADCY1,PPP2R5A,CACNG2,SLC8A2,CACNG5,CREB3L4,PPP2R2C,ATP2A3,PPP1CB,ATP2B3,CALM1,CAMK2G,CALML5,CAMK2B,PLN,RAPGEF4,PRKACA,PPP2R5B,GNAQ,CACNB1,ATF4,PLCB4,GNAI3,PPP2R2A,CACNA1D,ADRA1B,RAPGEF3,SCN7A,ADCY4,ATP2B1,TPM3,MAPK1,CACNG3,MYL3,PRKACG,ATP1A4,SCN4B,PPP2R1B,ATP2B2,ADRB1,SLC9A1,PIK3CG,PPP1R1A,CALML4,CREB3L1,CACNB2,CACNG7,CREB3L3,ADRA1A,ATP1B3,FXYD2,KCNQ1,GNAS,CALML6,RPS6KA5,ADCY5,BCL2,ACTC1,CACNB4,CACNG4,ADRB2,TNNT2,TPM4,CAMK2D,POPDC2,GNAI1,CACNG6,MAPK14,ATP1B2,AKT3,MYH7,SLC8A1,TPM2,PPP2R1A,CALML3,PPP2R3A,AGTR2,PPP2CA,PPP2R2D,POPDC3,ADCY7,AKT2,ADRA1D,PRKACB,PPP1CC,PLCB2,BVES,SCN5A,CACNA1S,ADCY2,PIK3R5,PPP2R3B,SCN1B,CACNG8,TNNI3,PPP2CB,PLCB1,PPP2R5D,PPP2R2B,RYR2,AGTR1,TPM1,PIK3R6,PLCB3,AKT1,PPP2R5E,KCNE1,CALM2,PPP2R3C,ATP2A1,CACNA2D2,ATP1B4,MAPK12,ATF6B,,,,,,,,,,,,,,,,,,,,,,,,,,,,,,,,,,,,,,,,,,,,,,,,,,,,,,,,,,,,,,,,,,,,,,,,,,,,,,,,,,,,,,,,,,,,,,,,,,,,,,,,,,,,,,,,,,,,,,,,,,,,,,,,,,,,,,,,,,,,,,,,,,,,,,,,,,,,,,,,,,,,,,,,,,,,,,,,,,,,,,,,,,,,,,,,,,,,,,,,,,,,,,,,,,,,,,,,,,,,,,,,,,,,,,,,,,,,,,,,,,,,,,,,,,,,,,,,,,,,,,,,,,,,,,,,,,,,,,,,,,,,,,,,,,,,,
KEGG_VASCULAR_SMOOTH_MUSCLE_CONTRACTION,KCNMA1,PLA2G4C,AGT,NPPA,MYLK4,PLA2G12B,NPPB,MAPK3,PLA2G1B,MYH10,PRKCB,MYL6,ADCY8,PPP1CA,NPPC,ADCY6,CALM3,PRKCH,ADCY3,PPP1R12A,PPP1R12B,PRKCE,PRKCA,CACNA1C,PPP1R14A,PLA2G2F,GUCY1A1,NPR2,ADCY9,PLA2G4B,CACNA1F,ADCY1,MAP2K1,PPP1CB,CALM1,GUCY1A2,CALCB,CALML5,PLA2G2E,PRKACA,ADORA2A,PRKG1,KCNMB4,EDN3,ACTG2,GNAQ,KCNMB1,EDN1,PLCB4,KCNMB2,ADRA1B,CACNA1D,GNA11,PTGIR,PLA2G4D,PLA2G4F,ROCK2,ADCY4,JMJD7-PLA2G4B,ARHGEF1,MAPK1,MYLK3,GUCY1B1,PRKACG,CALD1,PLA2G6,PLA2G5,AVP,PLA2G2C,ROCK1,CALML4,ADM2,PLA2G10,RAF1,BRAF,PPP1R12C,ADRA1A,MAP2K2,RAMP2,GNAS,MYL9,PLA2G4A,ITPR3,CALML6,ARAF,ADM,RHOA,ADCY5,AVPR1A,MYLK,ADORA2B,EDNRA,PLA2G2D,PRKCQ,ARHGEF12,MYH11,MYH14,KCNMB3,CALML3,MYL6B,ADRA1D,ADCY7,PPP1CC,PRKACB,PLCB2,KCNU1,CACNA1S,CALCA,ADCY2,CALCRL,ITPR2,RAMP3,PLA2G3,PLCB1,ARHGEF11,MYH9,EDN2,AVPR1B,RAMP1,ITPR1,PLA2G2A,IRAG1,NPR1,AGTR1,PLCB3,GNA12,MYLK2,PLA2G4E,CALM2,GNA13,PRKCG,ACTA2,PRKCD,PLA2G12A,,,,,,,,,,,,,,,,,,,,,,,,,,,,,,,,,,,,,,,,,,,,,,,,,,,,,,,,,,,,,,,,,,,,,,,,,,,,,,,,,,,,,,,,,,,,,,,,,,,,,,,,,,,,,,,,,,,,,,,,,,,,,,,,,,,,,,,,,,,,,,,,,,,,,,,,,,,,,,,,,,,,,,,,,,,,,,,,,,,,,,,,,,,,,,,,,,,,,,,,,,,,,,,,,,,,,,,,,,,,,,,,,,,,,,,,,,,,,,,,,,,,,,,,,,,,,,,,,,,,,,,,,,,,,,,,,,,,,,,,,,,,,,,,,,,,,,,,,,,,,,,,,,,,,,,,,
KEGG_SALIVARY_SECRETION,KCNMA1,ATP1A3,ATP1A1,ATP1A2,LPO,PRKCB,ADCY8,ADCY6,ATP1B1,CALM3,ADCY3,PRKCA,GUCY1A1,ADCY9,DMBT1,ATP2B4,ADCY1,AMY1B,ATP2B3,CALM1,MUC5B,NOS1,GUCY1A2,BST1,CALML5,CAMP,PRKACA,PRKG1,HTN3,GNAQ,PLCB4,ADRA1B,CST5,ADCY4,ATP2B1,TRPV6,GUCY1B1,HTN1,PRKACG,AMY1A,AMY2A,VAMP2,SLC4A2,ATP1A4,MUC5AC,ATP2B2,PRKG2,PRB2,CST3,ADRB1,SLC9A1,CALML4,KCNN4,CHRM3,ADRB3,ADRA1A,ATP1B3,FXYD2,GNAS,CST2,ITPR3,CST4,CALML6,PRB1,ADCY5,AMY1C,ADRB2,ATP1B2,RYR3,BEST2,CALML3,CST1,SLC12A2,AQP5,AMY2B,ADRA1D,ADCY7,STATH,PRKACB,PLCB2,MUC7,LYZ,ADCY2,ITPR2,CD38,PLCB1,ITPR1,PLCB3,PRH1,CALM2,PRH2,PRKCG,ATP1B4,,,,,,,,,,,,,,,,,,,,,,,,,,,,,,,,,,,,,,,,,,,,,,,,,,,,,,,,,,,,,,,,,,,,,,,,,,,,,,,,,,,,,,,,,,,,,,,,,,,,,,,,,,,,,,,,,,,,,,,,,,,,,,,,,,,,,,,,,,,,,,,,,,,,,,,,,,,,,,,,,,,,,,,,,,,,,,,,,,,,,,,,,,,,,,,,,,,,,,,,,,,,,,,,,,,,,,,,,,,,,,,,,,,,,,,,,,,,,,,,,,,,,,,,,,,,,,,,,,,,,,,,,,,,,,,,,,,,,,,,,,,,,,,,,,,,,,,,,,,,,,,,,,,,,,,,,,,,,,,,,,,,,,,,,,,,,,,,,,,,,,,,,,,,,,,,,,
KEGG_GASTRIC_ACID_SECRETION,CAMK2A,ATP1A3,SLC4A2,ATP1A4,GAST,ATP1A1,CALML3,KCNE2,SSTR2,KCNJ10,EZR,MYLK4,ATP4A,CALM1,ADCY7,SST,CAMK2G,ATP1A2,PRKACB,SLC9A1,PLCB2,KCNK2,HRH2,ATP1B4,CA2,CALML5,ACTG1,CHRM3,CALML4,CAMK2B,KCNJ2,PRKACA,PRKCB,ADCY2,ITPR2,ADCY8,ATP1B3,ADCY6,GNAQ,GNAS,ATP1B1,KCNQ1,CALM3,PLCB4,ADCY3,PLCB1,CCKBR,GNAI3,KCNK10,ITPR3,ATP4B,CALML6,ADCY5,ITPR1,PRKCA,GNAI2,SLC26A7,ADCY4,ADCY9,PLCB3,KCNJ15,MYLK2,MYLK,CAMK2D,CALM2,GNAI1,KCNJ1,SLC9A4,ATP1B2,ADCY1,PRKCG,KCNJ16,MYLK3,PRKACG,ACTB,CFTR,,,,,,,,,,,,,,,,,,,,,,,,,,,,,,,,,,,,,,,,,,,,,,,,,,,,,,,,,,,,,,,,,,,,,,,,,,,,,,,,,,,,,,,,,,,,,,,,,,,,,,,,,,,,,,,,,,,,,,,,,,,,,,,,,,,,,,,,,,,,,,,,,,,,,,,,,,,,,,,,,,,,,,,,,,,,,,,,,,,,,,,,,,,,,,,,,,,,,,,,,,,,,,,,,,,,,,,,,,,,,,,,,,,,,,,,,,,,,,,,,,,,,,,,,,,,,,,,,,,,,,,,,,,,,,,,,,,,,,,,,,,,,,,,,,,,,,,,,,,,,,,,,,,,,,,,,,,,,,,,,,,,,,,,,,,,,,,,,,,,,,,,,,,,,,,,,,,,,,,,,,,,,,,,,,,
KEGG_PANCREATIC_SECRETION,KCNMA1,ATP1A3,ATP1A1,PLA2G12B,ATP1A2,ATP2A2,PLA2G1B,PRKCB,ADCY8,ATP1B1,ADCY6,ADCY3,SLC26A3,RAP1B,PRKCA,PLA2G2F,CPA1,CCKAR,ADCY9,RAB27B,ATP2B4,CPB2,PNLIPRP2,TPCN2,ADCY1,AMY1B,CFTR,RAB8A,ATP2B3,ATP2A3,TRPC1,SLC4A4,BST1,CA2,CEL,CTRL,PLA2G2E,CPA3,GNAQ,PLCB4,CELA3B,CLCA2,ADCY4,ATP2B1,PNLIP,RAP1A,AMY1A,AMY2A,SLC4A2,ATP1A4,ATP2B2,PLA2G5,PLA2G2C,SLC9A1,PLA2G10,CHRM3,PRSS2,KCNQ1,ATP1B3,FXYD2,GNAS,RAB3D,RAC1,ITPR3,AMY1C,ADCY5,RHOA,PNLIPRP1,PRSS3,CTRB2,ATP1B2,PLA2G2D,CELA2A,SCTR,CELA2B,SLC12A2,AMY2B,ADCY7,CCK,CELA3A,PLCB2,PRSS1,ADCY2,ITPR2,CD38,PLA2G3,PLCB1,CTRB1,ITPR1,PLA2G2A,RYR2,CPA2,PLCB3,CLCA1,RAB11A,CPB1,CLCA4,PRKCG,ATP2A1,ATP1B4,SCT,PLA2G12A,,,,,,,,,,,,,,,,,,,,,,,,,,,,,,,,,,,,,,,,,,,,,,,,,,,,,,,,,,,,,,,,,,,,,,,,,,,,,,,,,,,,,,,,,,,,,,,,,,,,,,,,,,,,,,,,,,,,,,,,,,,,,,,,,,,,,,,,,,,,,,,,,,,,,,,,,,,,,,,,,,,,,,,,,,,,,,,,,,,,,,,,,,,,,,,,,,,,,,,,,,,,,,,,,,,,,,,,,,,,,,,,,,,,,,,,,,,,,,,,,,,,,,,,,,,,,,,,,,,,,,,,,,,,,,,,,,,,,,,,,,,,,,,,,,,,,,,,,,,,,,,,,,,,,,,,,,,,,,,,,,,,,,,,,,,,,,,,,,,,,,,,,
KEGG_BILE_SECRETION,ATP1A3,UGT1A6,SLC22A1,ATP1A1,ABCC4,SLC22A7,ATP1A2,SCARB1,ABCC2,UGT2B4,ADCY8,ATP1B1,ADCY6,UGT2B15,ADCY3,RXRA,ABCB1,ADCY9,UGT1A8,ABCB11,UGT2B10,ADCY1,SULT2A1,CFTR,SLC10A1,SCT,SLCO1B3,CYP3A4,UGT1A1,SLC4A4,SLC4A5,CA2,PRKACA,UGT2B17,UGT1A4,UGT2A2,ABCG2,KCNN2,UGT1A5,AQP4,SLC51B,ABCG5,ADCY4,CYP7A1,SLC2A1,AQP9,NR0B2,PRKACG,HMGCR,NR1H4,EPHX1,SLC4A2,ATP1A4,SLC27A5,ABCG8,UGT2A1,SLC9A1,AQP1,AQP8,ATP1B3,FXYD2,GNAS,UGT1A7,NCEH1,ADCY5,SLCO1A2,UGT2A3,UGT1A9,ATP1B2,UGT1A10,UGT2B7,ABCB4,SCTR,ABCC3,SLC10A2,ADCY7,PRKACB,ATP1B4,UGT1A3,SLC22A8,SLC51A,UGT2B28,UGT2B11,ADCY2,SLC9A3,BAAT,LDLR,SLC5A1,SLCO1B3-SLCO1B7,SLCO1B1,,,,,,,,,,,,,,,,,,,,,,,,,,,,,,,,,,,,,,,,,,,,,,,,,,,,,,,,,,,,,,,,,,,,,,,,,,,,,,,,,,,,,,,,,,,,,,,,,,,,,,,,,,,,,,,,,,,,,,,,,,,,,,,,,,,,,,,,,,,,,,,,,,,,,,,,,,,,,,,,,,,,,,,,,,,,,,,,,,,,,,,,,,,,,,,,,,,,,,,,,,,,,,,,,,,,,,,,,,,,,,,,,,,,,,,,,,,,,,,,,,,,,,,,,,,,,,,,,,,,,,,,,,,,,,,,,,,,,,,,,,,,,,,,,,,,,,,,,,,,,,,,,,,,,,,,,,,,,,,,,,,,,,,,,,,,,,,,,,,,,,,,,,,,,,,,,,,,,
KEGG_CARBOHYDRATE_DIGESTION_AND_ABSORPTION,ATP1A3,ATP1A4,P3R3URF-PIK3R3,ATP1A1,MGAM2,SLC37A4,AMY2B,AKT2,TAS1R2,ATP1A2,PIK3R1,PLCB2,PIK3R3,ATP1B4,G6PC2,PIK3CD,HK3,PRKCB,ATP1B3,ATP1B1,FXYD2,PLCB1,MGAM,PLCB4,CACNA1D,G6PC1,SLC2A2,G6PC3,SI,AMY1C,AKT3,PIK3CB,PIK3R2,SLC5A1,HKDC1,GNAT3,PLCB3,AKT1,HK1,HK2,PIK3CA,ATP1B2,AMY1B,TAS1R3,LCT,AMY1A,AMY2A,SLC2A5,,,,,,,,,,,,,,,,,,,,,,,,,,,,,,,,,,,,,,,,,,,,,,,,,,,,,,,,,,,,,,,,,,,,,,,,,,,,,,,,,,,,,,,,,,,,,,,,,,,,,,,,,,,,,,,,,,,,,,,,,,,,,,,,,,,,,,,,,,,,,,,,,,,,,,,,,,,,,,,,,,,,,,,,,,,,,,,,,,,,,,,,,,,,,,,,,,,,,,,,,,,,,,,,,,,,,,,,,,,,,,,,,,,,,,,,,,,,,,,,,,,,,,,,,,,,,,,,,,,,,,,,,,,,,,,,,,,,,,,,,,,,,,,,,,,,,,,,,,,,,,,,,,,,,,,,,,,,,,,,,,,,,,,,,,,,,,,,,,,,,,,,,,,,,,,,,,,,,,,,,,,,,,,,,,,,,,,,,,,,,,,,,,,,,,,,,,,,,,,
KEGG_PROTEIN_DIGESTION_AND_ABSORPTION,ATP1A3,COL4A5,ATP1A1,ATP1A2,MEP1B,COL26A1,SLC8A3,COL9A3,COL18A1,COL19A1,SLC7A9,COL4A2,COL7A1,ATP1B1,DPP4,COL8A1,COL11A2,COL14A1,COL24A1,COL4A4,SLC36A4,KCNJ13,SLC38A2,CPA1,KCNE3,COL6A6,COL5A1,CPB2,SLC8A2,COL6A3,ACE2,MME,COL11A1,COL15A1,CTRL,COL6A2,COL20A1,CPA3,SLC36A2,COL21A1,CELA3B,SLC36A3,COL8A2,COL12A1,PRCP,PGA3,SLC6A19,COL5A2,ELN,COL16A1,ATP1A4,COL17A1,SLC1A1,COL9A2,SLC3A2,PGA4,KCNN4,COL4A3,PRSS2,COL28A1,SLC7A7,COL10A1,ATP1B3,FXYD2,KCNQ1,PGA5,COL9A1,COL5A3,SLC16A10,SLC15A1,PRSS3,CTRB2,ATP1B2,SLC1A5,CELA2A,COL3A1,KCNK5,SLC8A1,CELA2B,COL25A1,CELA3A,PRSS1,COL1A2,COL2A1,COL22A1,SLC36A1,COL23A1,COL4A6,COL1A1,CTRB1,SLC9A3,XPNPEP2,COL6A5,COL13A1,CPA2,MEP1A,COL4A1,COL27A1,SLC7A8,CPB1,SLC3A1,ATP1B4,COL6A1,,,,,,,,,,,,,,,,,,,,,,,,,,,,,,,,,,,,,,,,,,,,,,,,,,,,,,,,,,,,,,,,,,,,,,,,,,,,,,,,,,,,,,,,,,,,,,,,,,,,,,,,,,,,,,,,,,,,,,,,,,,,,,,,,,,,,,,,,,,,,,,,,,,,,,,,,,,,,,,,,,,,,,,,,,,,,,,,,,,,,,,,,,,,,,,,,,,,,,,,,,,,,,,,,,,,,,,,,,,,,,,,,,,,,,,,,,,,,,,,,,,,,,,,,,,,,,,,,,,,,,,,,,,,,,,,,,,,,,,,,,,,,,,,,,,,,,,,,,,,,,,,,,,,,,,,,,,,,,,,,,,,,,,,,,,,,,,,,,,,,,,,
KEGG_FAT_DIGESTION_AND_ABSORPTION,APOA4,AGPAT1,PLA2G5,ABCG8,MOGAT2,PLA2G12B,PLPP3,LIPF,ABCA1,PLA2G2C,FABP2,CEL,MOGAT3,CD36,PLA2G10,AGPAT2,SCARB1,FABP1,NPC1L1,PLA2G2E,PLA2G1B,GOT2,ACAT1,PLA2G3,ACAT2,APOA1,CLPS,MTTP,PLA2G2F,APOB,PLA2G2A,ABCG5,DGAT2,SLC27A4,SLC27A1,PNLIP,PNLIPRP1,DGAT1,PNLIPRP2,PLPP2,PLA2G2D,PLPP1,PLA2G12A,,,,,,,,,,,,,,,,,,,,,,,,,,,,,,,,,,,,,,,,,,,,,,,,,,,,,,,,,,,,,,,,,,,,,,,,,,,,,,,,,,,,,,,,,,,,,,,,,,,,,,,,,,,,,,,,,,,,,,,,,,,,,,,,,,,,,,,,,,,,,,,,,,,,,,,,,,,,,,,,,,,,,,,,,,,,,,,,,,,,,,,,,,,,,,,,,,,,,,,,,,,,,,,,,,,,,,,,,,,,,,,,,,,,,,,,,,,,,,,,,,,,,,,,,,,,,,,,,,,,,,,,,,,,,,,,,,,,,,,,,,,,,,,,,,,,,,,,,,,,,,,,,,,,,,,,,,,,,,,,,,,,,,,,,,,,,,,,,,,,,,,,,,,,,,,,,,,,,,,,,,,,,,,,,,,,,,,,,,,,,,,,,,,,,,,,,,,,,,,,,,,,
KEGG_CHOLESTEROL_METABOLISM,APOA4,SOAT1,STARD3,VDAC1,APOE,ABCG8,VDAC2,ABCA1,PLTP,LPA,STAR,APOA2,LRP1,VDAC3,CD36,SCARB1,ANGPTL8,NPC2,VAPB,LRPAP1,OSBPL5,LPL,CYP27A1,APOC1,ANGPTL4,PCSK9,TSPO,LRP2,APOA1,SOAT2,APOH,NPC1,NCEH1,LIPC,APOB,MYLIP,ABCG5,APOC3,LDLR,LIPA,CYP7A1,ABCB11,CIDEB,LCAT,LIPG,SORT1,APOC2,CETP,ANGPTL3,VAPA,LDLRAP1,,,,,,,,,,,,,,,,,,,,,,,,,,,,,,,,,,,,,,,,,,,,,,,,,,,,,,,,,,,,,,,,,,,,,,,,,,,,,,,,,,,,,,,,,,,,,,,,,,,,,,,,,,,,,,,,,,,,,,,,,,,,,,,,,,,,,,,,,,,,,,,,,,,,,,,,,,,,,,,,,,,,,,,,,,,,,,,,,,,,,,,,,,,,,,,,,,,,,,,,,,,,,,,,,,,,,,,,,,,,,,,,,,,,,,,,,,,,,,,,,,,,,,,,,,,,,,,,,,,,,,,,,,,,,,,,,,,,,,,,,,,,,,,,,,,,,,,,,,,,,,,,,,,,,,,,,,,,,,,,,,,,,,,,,,,,,,,,,,,,,,,,,,,,,,,,,,,,,,,,,,,,,,,,,,,,,,,,,,,,,,,,,,,,,,,,,,,,
KEGG_VITAMIN_DIGESTION_AND_ABSORPTION,ABCD4,MMACHC,SLC46A1,APOA4,SLC23A1,AMN,FOLH1,TCN2,SCARB1,SLC5A6,CUBN,CBLIF,BTD,APOA1,SLC52A3,SLC19A2,PLB1,SLC19A1,APOB,ABCC1,PNLIP,AWAT2,LRAT,RBP2,SLC19A3,LMBRD1,,,,,,,,,,,,,,,,,,,,,,,,,,,,,,,,,,,,,,,,,,,,,,,,,,,,,,,,,,,,,,,,,,,,,,,,,,,,,,,,,,,,,,,,,,,,,,,,,,,,,,,,,,,,,,,,,,,,,,,,,,,,,,,,,,,,,,,,,,,,,,,,,,,,,,,,,,,,,,,,,,,,,,,,,,,,,,,,,,,,,,,,,,,,,,,,,,,,,,,,,,,,,,,,,,,,,,,,,,,,,,,,,,,,,,,,,,,,,,,,,,,,,,,,,,,,,,,,,,,,,,,,,,,,,,,,,,,,,,,,,,,,,,,,,,,,,,,,,,,,,,,,,,,,,,,,,,,,,,,,,,,,,,,,,,,,,,,,,,,,,,,,,,,,,,,,,,,,,,,,,,,,,,,,,,,,,,,,,,,,,,,,,,,,,,,,,,,,,,,,,,,,,,,,,,,,,,,,,,,,,
KEGG_FOLATE_TRANSPORT_AND_METABOLISM,SLC46A1,SLCO1B3,ABCC4,FOLR2,MTHFR,FOLH1,ABCC2,SLC22A8,ABCG2,ABCC5,DHFR2,FOLR1,FPGS,BHMT,MTHFS,SHMT2,FOLR3,SHMT1,BHMT2,SLC19A1,MTHFD1,MTR,ABCC1,DHFR,ST20-MTHFS,TYMS,SLCO2B1,SLCO1B3-SLCO1B7,ABCC3,SLCO1B1,SLC22A6,,,,,,,,,,,,,,,,,,,,,,,,,,,,,,,,,,,,,,,,,,,,,,,,,,,,,,,,,,,,,,,,,,,,,,,,,,,,,,,,,,,,,,,,,,,,,,,,,,,,,,,,,,,,,,,,,,,,,,,,,,,,,,,,,,,,,,,,,,,,,,,,,,,,,,,,,,,,,,,,,,,,,,,,,,,,,,,,,,,,,,,,,,,,,,,,,,,,,,,,,,,,,,,,,,,,,,,,,,,,,,,,,,,,,,,,,,,,,,,,,,,,,,,,,,,,,,,,,,,,,,,,,,,,,,,,,,,,,,,,,,,,,,,,,,,,,,,,,,,,,,,,,,,,,,,,,,,,,,,,,,,,,,,,,,,,,,,,,,,,,,,,,,,,,,,,,,,,,,,,,,,,,,,,,,,,,,,,,,,,,,,,,,,,,,,,,,,,,,,,,,,,,,,,,,,,,,,,
KEGG_COBALAMIN_TRANSPORT_AND_METABOLISM,MMUT,ABCD4,MMACHC,HCFC1,PRDX1,ZNF143,MMAB,ZNF76,MMADHC,MMAA,MTRR,CD320,THAP11,CBLIF,MTR,LMBRD1,TCN2,TCN1,,,,,,,,,,,,,,,,,,,,,,,,,,,,,,,,,,,,,,,,,,,,,,,,,,,,,,,,,,,,,,,,,,,,,,,,,,,,,,,,,,,,,,,,,,,,,,,,,,,,,,,,,,,,,,,,,,,,,,,,,,,,,,,,,,,,,,,,,,,,,,,,,,,,,,,,,,,,,,,,,,,,,,,,,,,,,,,,,,,,,,,,,,,,,,,,,,,,,,,,,,,,,,,,,,,,,,,,,,,,,,,,,,,,,,,,,,,,,,,,,,,,,,,,,,,,,,,,,,,,,,,,,,,,,,,,,,,,,,,,,,,,,,,,,,,,,,,,,,,,,,,,,,,,,,,,,,,,,,,,,,,,,,,,,,,,,,,,,,,,,,,,,,,,,,,,,,,,,,,,,,,,,,,,,,,,,,,,,,,,,,,,,,,,,,,,,,,,,,,,,,,,,,,,,,,,,,,,,,,,,,,,,,,,,
KEGG_MINERAL_ABSORPTION,ATP1A3,SLC8A2,SLC46A1,MT1M,MT2A,ATP2B2,MT1E,ATP1A1,ATP1A4,ATP2B3,SLC31A1,MT1G,ATP1A2,SLC8A3,HEPH,ATP1B4,HMOX1,TF,STEAP1,CYBRD1,VDR,STEAP2,SLC34A2,SLC39A4,CLCN2,ATP1B3,ATP7B,S100G,MT1A,SLC26A6,ATP1B1,FXYD2,SLC11A2,MT1X,SLC30A1,SLC26A3,HMOX2,MT1B,SLC9A3,ATP7A,MT1HL1,SLC26A9,FTH1,HEPHL1,TRPM7,SLC34A1,TRPM6,SLC34A3,SLC5A1,ATP2B1,ATP2B4,TRPV6,MT1F,ATOX1,MT1H,ATP1B2,SLC6A19,SLC40A1,FTL,SLC8A1,,,,,,,,,,,,,,,,,,,,,,,,,,,,,,,,,,,,,,,,,,,,,,,,,,,,,,,,,,,,,,,,,,,,,,,,,,,,,,,,,,,,,,,,,,,,,,,,,,,,,,,,,,,,,,,,,,,,,,,,,,,,,,,,,,,,,,,,,,,,,,,,,,,,,,,,,,,,,,,,,,,,,,,,,,,,,,,,,,,,,,,,,,,,,,,,,,,,,,,,,,,,,,,,,,,,,,,,,,,,,,,,,,,,,,,,,,,,,,,,,,,,,,,,,,,,,,,,,,,,,,,,,,,,,,,,,,,,,,,,,,,,,,,,,,,,,,,,,,,,,,,,,,,,,,,,,,,,,,,,,,,,,,,,,,,,,,,,,,,,,,,,,,,,,,,,,,,,,,,,,,,,,,,,,,,,,,,,,,,,,,,,,,,
KEGG_VASOPRESSIN-REGULATED_WATER_REABSORPTION,VAMP2,DYNC1I2,CREB3L4,AVP,AVPR2,ARHGDIA,DCTN1,ARHGDIG,DYNC1I1,RAB5C,PRKACB,CREB5,ARHGDIB,CREB3L1,NSF,DYNLL2,DYNC2H1,RAB5A,PRKACA,CREB3L3,STX4,ADCY6,GNAS,CREB3L2,RAB11B,DYNC2LI1,ADCY3,DCTN4,DYNLL1,AQP4,RAB5B,DCTN6,DCTN2,AQP2,ADCY9,DYNC1LI1,RAB11A,CREB3,AQP3,DCTN5,CREB1,DYNC1H1,DYNC1LI2,PRKACG,,,,,,,,,,,,,,,,,,,,,,,,,,,,,,,,,,,,,,,,,,,,,,,,,,,,,,,,,,,,,,,,,,,,,,,,,,,,,,,,,,,,,,,,,,,,,,,,,,,,,,,,,,,,,,,,,,,,,,,,,,,,,,,,,,,,,,,,,,,,,,,,,,,,,,,,,,,,,,,,,,,,,,,,,,,,,,,,,,,,,,,,,,,,,,,,,,,,,,,,,,,,,,,,,,,,,,,,,,,,,,,,,,,,,,,,,,,,,,,,,,,,,,,,,,,,,,,,,,,,,,,,,,,,,,,,,,,,,,,,,,,,,,,,,,,,,,,,,,,,,,,,,,,,,,,,,,,,,,,,,,,,,,,,,,,,,,,,,,,,,,,,,,,,,,,,,,,,,,,,,,,,,,,,,,,,,,,,,,,,,,,,,,,,,,,,,,,,,,,,,,,
KEGG_ALDOSTERONE-REGULATED_SODIUM_REABSORPTION,ATP1A3,ATP1A4,ATP1A1,ATP1A2,PIK3R1,HSD11B2,FXYD4,PIK3R3,MAPK3,NHERF2,PIK3CD,SFN,SCNN1A,PRKCB,ATP1B3,SGK1,ATP1B1,FXYD2,SCNN1B,IRS1,IGF1,PRKCA,SCNN1G,PIK3CB,PIK3R2,INS,MAPK1,KRAS,INSR,NR3C2,NEDD4L,PIK3CA,PDPK1,KCNJ1,ATP1B2,PRKCG,ATP1B4,P3R3URF-PIK3R3,,,,,,,,,,,,,,,,,,,,,,,,,,,,,,,,,,,,,,,,,,,,,,,,,,,,,,,,,,,,,,,,,,,,,,,,,,,,,,,,,,,,,,,,,,,,,,,,,,,,,,,,,,,,,,,,,,,,,,,,,,,,,,,,,,,,,,,,,,,,,,,,,,,,,,,,,,,,,,,,,,,,,,,,,,,,,,,,,,,,,,,,,,,,,,,,,,,,,,,,,,,,,,,,,,,,,,,,,,,,,,,,,,,,,,,,,,,,,,,,,,,,,,,,,,,,,,,,,,,,,,,,,,,,,,,,,,,,,,,,,,,,,,,,,,,,,,,,,,,,,,,,,,,,,,,,,,,,,,,,,,,,,,,,,,,,,,,,,,,,,,,,,,,,,,,,,,,,,,,,,,,,,,,,,,,,,,,,,,,,,,,,,,,,,,,,,,,,,,,,,,,,,,,,,
KEGG_ENDOCRINE_AND_OTHER_FACTOR-REGULATED_CALCIUM_REABSORPTION,ATP1A3,SLC8A2,ATP1A4,CLTA,ATP2B2,ATP1A1,ATP2B3,CLTC,DNM2,CALB1,BDKRB2,CLTCL1,ATP1A2,PRKACB,SLC8A3,AP2B1,PLCB2,KLK1,ATP1B4,CLTB,PTH,DNM3,PRKACA,PRKCB,VDR,ATP1B3,ADCY6,GNAQ,AP2A2,GNAS,ATP1B1,FXYD2,PLCB1,PLCB4,PTH1R,KLK2,TRPV5,PRKCA,ESR1,ADCY9,ATP2B1,ATP2B4,PLCB3,RAB11A,DNM1,KL,AP2S1,PRKCG,AP2A1,ATP1B2,AP2M1,PRKACG,SLC8A1,,,,,,,,,,,,,,,,,,,,,,,,,,,,,,,,,,,,,,,,,,,,,,,,,,,,,,,,,,,,,,,,,,,,,,,,,,,,,,,,,,,,,,,,,,,,,,,,,,,,,,,,,,,,,,,,,,,,,,,,,,,,,,,,,,,,,,,,,,,,,,,,,,,,,,,,,,,,,,,,,,,,,,,,,,,,,,,,,,,,,,,,,,,,,,,,,,,,,,,,,,,,,,,,,,,,,,,,,,,,,,,,,,,,,,,,,,,,,,,,,,,,,,,,,,,,,,,,,,,,,,,,,,,,,,,,,,,,,,,,,,,,,,,,,,,,,,,,,,,,,,,,,,,,,,,,,,,,,,,,,,,,,,,,,,,,,,,,,,,,,,,,,,,,,,,,,,,,,,,,,,,,,,,,,,,,,,,,,,,,,,,,,,,,,,,,,,
KEGG_PROXIMAL_TUBULE_BICARBONATE_RECLAMATION,ATP1A3,ATP1A4,ATP1A1,SLC4A4,ATP1A2,CA2,AQP1,SLC38A3,ATP1B3,ATP1B1,FXYD2,GLS2,PCK1,SLC9A3,GLS,GLUD1,CA4,PCK2,SLC25A10,GLUD2,MDH1,ATP1B2,ATP1B4,,,,,,,,,,,,,,,,,,,,,,,,,,,,,,,,,,,,,,,,,,,,,,,,,,,,,,,,,,,,,,,,,,,,,,,,,,,,,,,,,,,,,,,,,,,,,,,,,,,,,,,,,,,,,,,,,,,,,,,,,,,,,,,,,,,,,,,,,,,,,,,,,,,,,,,,,,,,,,,,,,,,,,,,,,,,,,,,,,,,,,,,,,,,,,,,,,,,,,,,,,,,,,,,,,,,,,,,,,,,,,,,,,,,,,,,,,,,,,,,,,,,,,,,,,,,,,,,,,,,,,,,,,,,,,,,,,,,,,,,,,,,,,,,,,,,,,,,,,,,,,,,,,,,,,,,,,,,,,,,,,,,,,,,,,,,,,,,,,,,,,,,,,,,,,,,,,,,,,,,,,,,,,,,,,,,,,,,,,,,,,,,,,,,,,,,,,,,,,,,,,,,,,,,,,,,,,,,,,,,,,,,
KEGG_COLLECTING_DUCT_ACID_SECRETION,ATP6V0A1,ATP4A,SLC12A7,ATP6V0D2,CA2,ATP6V1G2,ATP6V1E2,ATP6V0A4,ATP6V1C2,ATP6V1G3,ATP6V1D,ATP6V1B1,ATP6V1A,ATP4B,ATP6V0E2,ATP6V0E1,ATP6V1G1,ATP6V1FP2,ATP6V1C1,ATP6V1F,TCIRG1,SLC4A1,ATP6V0C,ATP6V1B2,CLCNKB,ATP6V0D1,ATP6V1E1,ATP6V0A2,,,,,,,,,,,,,,,,,,,,,,,,,,,,,,,,,,,,,,,,,,,,,,,,,,,,,,,,,,,,,,,,,,,,,,,,,,,,,,,,,,,,,,,,,,,,,,,,,,,,,,,,,,,,,,,,,,,,,,,,,,,,,,,,,,,,,,,,,,,,,,,,,,,,,,,,,,,,,,,,,,,,,,,,,,,,,,,,,,,,,,,,,,,,,,,,,,,,,,,,,,,,,,,,,,,,,,,,,,,,,,,,,,,,,,,,,,,,,,,,,,,,,,,,,,,,,,,,,,,,,,,,,,,,,,,,,,,,,,,,,,,,,,,,,,,,,,,,,,,,,,,,,,,,,,,,,,,,,,,,,,,,,,,,,,,,,,,,,,,,,,,,,,,,,,,,,,,,,,,,,,,,,,,,,,,,,,,,,,,,,,,,,,,,,,,,,,,,,,,,,,,,,,,,,,,,,,,,,,,
KEGG_GLUTAMATERGIC_SYNAPSE,PLA2G4C,GRIA3,GRM3,HOMER2,GRM5,MAPK3,GNAO1,GLUL,GRIN2C,SLC38A3,PRKCB,ADCY8,GRIN1,ADCY6,GNG7,PPP3CB,ADCY3,SHANK2,GLS,CACNA1C,PRKCA,SLC38A2,GNAI2,ADCY9,GNG11,PLA2G4B,GRK2,ADCY1,NCDN,GRM1,SLC17A7,TRPC1,SLC1A3,GNG8,GRK3,HOMER1,SHANK1,GNB2,PPP3CC,PLD2,PRKACA,CACNA1A,GRIN2A,SLC1A2,GNAQ,SHANK3,GLS2,PLCB4,GNAI3,GRIA1,GNG4,CACNA1D,PLA2G4D,PLA2G4F,GRM4,GNG5,SLC17A8,ADCY4,GNG3,KCNJ3,JMJD7-PLA2G4B,GNGT2,MAPK1,PPP3R1,PRKACG,GRIK5,GRM7,SLC1A1,GNB5,GNB3,GNB1,GRM2,GRIN3B,GRIN2D,DLG4,SLC38A1,GRIA4,GNAS,GNGT1,GRIK3,PLD1,PLA2G4A,ITPR3,SLC1A6,ADCY5,GNG13,GNG12,GRIK1,GNG2,GNAI1,GRIN3A,HOMER3,GRIA2,GRM6,ADCY7,PRKACB,GNG10,PLCB2,DLGAP1,ADCY2,GRIK2,SLC17A6,ITPR2,SLC1A7,PLCB1,PPP3CA,LZTS3,PPP3R2,GRM8,ITPR1,GRIN2B,PLCB3,PLA2G4E,GNB4,PRKCG,GRIK4,,,,,,,,,,,,,,,,,,,,,,,,,,,,,,,,,,,,,,,,,,,,,,,,,,,,,,,,,,,,,,,,,,,,,,,,,,,,,,,,,,,,,,,,,,,,,,,,,,,,,,,,,,,,,,,,,,,,,,,,,,,,,,,,,,,,,,,,,,,,,,,,,,,,,,,,,,,,,,,,,,,,,,,,,,,,,,,,,,,,,,,,,,,,,,,,,,,,,,,,,,,,,,,,,,,,,,,,,,,,,,,,,,,,,,,,,,,,,,,,,,,,,,,,,,,,,,,,,,,,,,,,,,,,,,,,,,,,,,,,,,,,,,,,,,,,,,,,,,,,,,,,,,,,,,,,,,,,,,,,,,,,,,,,,,,
KEGG_GABAERGIC_SYNAPSE,GABRB2,GABRB1,GAD2,GABARAPL1,GNAO1,GLUL,PRKCB,SLC38A3,SLC6A13,ADCY8,ADCY6,GNG7,ADCY3,GLS,GABRE,GABRA6,CACNA1C,PRKCA,SLC38A2,GNAI2,ADCY9,GNG11,SLC6A1,GABRG3,GABRR1,ADCY1,GABRP,CACNA1F,GABARAP,CACNA1B,GABRG2,GNG8,GABRB3,GNB2,PRKACA,CACNA1A,KCNJ6,GLS2,GNAI3,SLC6A12,GNG4,CACNA1D,GABRQ,GABRR2,GNG5,GPHN,SLC12A5,ADCY4,GNG3,GNGT2,PRKACG,GABRG1,GABRA2,GNB5,GNB3,NSF,GABBR1,GNB1,GABRA3,GABRA4,SLC38A1,GABARAPL2,GNGT1,SRC,ADCY5,GNG13,GNG12,GABRR3,SLC38A5,GNG2,GNAI1,SLC32A1,ADCY7,SLC6A11,GNG10,PRKACB,CACNA1S,ADCY2,TRAK2,PLCL1,GABRA1,GABRD,GABRA5,GAD1,ABAT,GNB4,GABBR2,PRKCG,HAP1,,,,,,,,,,,,,,,,,,,,,,,,,,,,,,,,,,,,,,,,,,,,,,,,,,,,,,,,,,,,,,,,,,,,,,,,,,,,,,,,,,,,,,,,,,,,,,,,,,,,,,,,,,,,,,,,,,,,,,,,,,,,,,,,,,,,,,,,,,,,,,,,,,,,,,,,,,,,,,,,,,,,,,,,,,,,,,,,,,,,,,,,,,,,,,,,,,,,,,,,,,,,,,,,,,,,,,,,,,,,,,,,,,,,,,,,,,,,,,,,,,,,,,,,,,,,,,,,,,,,,,,,,,,,,,,,,,,,,,,,,,,,,,,,,,,,,,,,,,,,,,,,,,,,,,,,,,,,,,,,,,,,,,,,,,,,,,,,,,,,,,,,,,,,,,,,,,,,,,
KEGG_CHOLINERGIC_SYNAPSE,CAMK2A,FYN,ACHE,PIK3R1,CREB5,FOS,MAPK3,GNAO1,PRKCB,ADCY8,ADCY6,KCNJ17,GNG7,CREB3L2,ADCY3,KCNQ2,CACNA1C,PRKCA,GNAI2,ADCY9,GNG11,CREB3,PIK3CA,CREB1,ADCY1,CACNA1F,JAK2,CREB3L4,MAP2K1,CACNA1B,CAMK2G,GNG8,CAMK2B,PIK3R3,GNB2,PRKACA,CACNA1A,KCNJ6,GNAQ,PLCB4,ATF4,GNAI3,GNG4,CACNA1D,GNA11,KCNJ14,GNG5,CHRNA3,KCNJ4,PIK3R2,ADCY4,GNG3,CHRM5,KCNJ3,GNGT2,MAPK1,KRAS,KCNJ12,PRKACG,P3R3URF-PIK3R3,CHRNA6,PIK3CG,GNB5,GNB3,CREB3L1,GNB1,CHRM3,CREB3L3,CHRFAM7A,CHRNB4,KCNQ1,CHRM1,GNGT1,CAMK4,ITPR3,CHRNA7,SLC5A7,SLC18A3,ADCY5,GNG13,BCL2,GNG12,PIK3CB,CAMK2D,GNG2,GNAI1,KCNQ5,AKT3,CHRNA4,ADCY7,AKT2,PRKACB,GNG10,KCNQ3,PLCB2,HRAS,CACNA1S,CHRM4,PIK3CD,KCNJ18,KCNQ4,KCNJ2,ADCY2,PIK3R5,ITPR2,NRAS,PLCB1,CHRNB2,CHAT,ITPR1,PLCB3,PIK3R6,AKT1,GNB4,CHRM2,PRKCG,,,,,,,,,,,,,,,,,,,,,,,,,,,,,,,,,,,,,,,,,,,,,,,,,,,,,,,,,,,,,,,,,,,,,,,,,,,,,,,,,,,,,,,,,,,,,,,,,,,,,,,,,,,,,,,,,,,,,,,,,,,,,,,,,,,,,,,,,,,,,,,,,,,,,,,,,,,,,,,,,,,,,,,,,,,,,,,,,,,,,,,,,,,,,,,,,,,,,,,,,,,,,,,,,,,,,,,,,,,,,,,,,,,,,,,,,,,,,,,,,,,,,,,,,,,,,,,,,,,,,,,,,,,,,,,,,,,,,,,,,,,,,,,,,,,,,,,,,,,,,,,,,,,,,,,,,,,,,,,,,,,,,,,,,,,
KEGG_DOPAMINERGIC_SYNAPSE,CAMK2A,MAPK11,PPP2R5C,GRIA3,CREB5,FOS,GNAO1,PRKCB,PPP1CA,GNG7,CREB3L2,CALM3,PPP3CB,ARRB1,ATF2,CACNA1C,PRKCA,DRD2,GNAI2,MAPK9,GNG11,ARRB2,CREB3,MAPK13,CREB1,BMAL1,PPP2R5A,DDC,CREB3L4,PPP2R2C,CACNA1B,PPP1CB,CAMK2G,CALM1,GNG8,CAMK2B,CALML5,GNB2,PPP3CC,PRKACA,CACNA1A,KCNJ6,PPP2R5B,GRIN2A,GNAQ,DRD3,SLC18A1,PLCB4,ATF4,GNAI3,PPP2R2A,GNG4,GRIA1,CACNA1D,COMT,KIF5C,GNG5,MAPK8,CLOCK,GNG3,CALY,KCNJ3,GNGT2,KCNJ9,MAOB,PRKACG,DRD1,PPP2R1B,TH,GSK3A,LRTOMT,SCN1A,GNB5,CALML4,DRD5,GNB3,CREB3L1,GNB1,CREB3L3,KCNJ5,GRIA4,GNAS,GNGT1,DRD4,ITPR3,CALML6,KIF5A,ADCY5,GNG13,GNG12,CAMK2D,MAPK10,GNG2,GNAI1,MAPK14,SLC6A3,AKT3,SLC18A2,CALML3,PPP2R1A,GRIA2,PPP2R3A,PPP2CA,PPP2R2D,AKT2,PRKACB,GNG10,PPP1CC,PLCB2,MAOA,PPP2R3B,ITPR2,KIF5B,PLCB1,PPP3CA,PPP2CB,PPP2R5D,PPP2R2B,PPP1R1B,ITPR1,GNAL,PLCB3,GRIN2B,AKT1,GSK3B,PPP2R5E,CALM2,GNB4,PRKCG,PPP2R3C,MAPK12,ATF6B,,,,,,,,,,,,,,,,,,,,,,,,,,,,,,,,,,,,,,,,,,,,,,,,,,,,,,,,,,,,,,,,,,,,,,,,,,,,,,,,,,,,,,,,,,,,,,,,,,,,,,,,,,,,,,,,,,,,,,,,,,,,,,,,,,,,,,,,,,,,,,,,,,,,,,,,,,,,,,,,,,,,,,,,,,,,,,,,,,,,,,,,,,,,,,,,,,,,,,,,,,,,,,,,,,,,,,,,,,,,,,,,,,,,,,,,,,,,,,,,,,,,,,,,,,,,,,,,,,,,,,,,,,,,,,,,,,,,,,,,,,,,,,,,,,,,,,,,,,,,,,,,,,,,,,,,,,,
KEGG_SEROTONERGIC_SYNAPSE,GABRB2,PLA2G4C,GABRB1,CASP3,MAPK3,GNAO1,PRKCB,GNG7,HTR3A,HTR4,PTGS2,CYP2D7,PTGS1,CACNA1C,PRKCA,HTR7,GNAI2,GNG11,KCND2,PLA2G4B,CYP2D6,CACNA1F,DDC,MAP2K1,CYP2C18,TRPC1,CACNA1B,HTR3B,GNG8,GABRB3,ALOX5,GNB2,PRKACA,CACNA1A,HTR3C,KCNJ6,GNAQ,HTR1D,SLC18A1,KCNN2,PLCB4,GNAI3,GNG4,CACNA1D,RAPGEF3,PLA2G4D,PLA2G4F,GNG5,HTR1A,GNG3,CYP2J2,KCNJ3,JMJD7-PLA2G4B,HTR2B,GNGT2,MAPK1,KRAS,KCNJ9,ALOX12,MAOB,PRKACG,CYP2C9,HTR6,GNB5,GNB3,HTR1F,CYP2C8,GNB1,RAF1,BRAF,KCNJ5,HTR2A,GNAS,GNGT1,ALOX12B,PLA2G4A,ALOX15B,ITPR3,SLC6A4,HTR5A,ARAF,HTR1E,HTR3D,ADCY5,GNG13,DUSP1,GNG12,GNG2,GNAI1,CYP4X1,CYP2C19,SLC18A2,PRKACB,GNG10,PLCB2,HRAS,TPH1,MAOA,CACNA1S,ITPR2,ALOX15,NRAS,APP,PLCB1,HTR2C,HTR1B,ITPR1,HTR3E,TPH2,PLCB3,PLA2G4E,GNB4,PRKCG,,,,,,,,,,,,,,,,,,,,,,,,,,,,,,,,,,,,,,,,,,,,,,,,,,,,,,,,,,,,,,,,,,,,,,,,,,,,,,,,,,,,,,,,,,,,,,,,,,,,,,,,,,,,,,,,,,,,,,,,,,,,,,,,,,,,,,,,,,,,,,,,,,,,,,,,,,,,,,,,,,,,,,,,,,,,,,,,,,,,,,,,,,,,,,,,,,,,,,,,,,,,,,,,,,,,,,,,,,,,,,,,,,,,,,,,,,,,,,,,,,,,,,,,,,,,,,,,,,,,,,,,,,,,,,,,,,,,,,,,,,,,,,,,,,,,,,,,,,,,,,,,,,,,,,,,,,,,,,,,,,,,,,,,,,,,,,
KEGG_LONG-TERM_POTENTIATION,CAMK2A,CALML3,MAP2K1,GRIA2,GRM1,PPP1CB,CAMK2G,CALM1,PRKACB,PPP1CC,HRAS,CALML4,CAMK2B,CALML5,EP300,CREBBP,MAPK3,PPP1R1A,GRM5,PLCB2,PPP3CC,RPS6KA3,PRKACA,RAF1,PRKCB,GRIN2C,GRIN2D,BRAF,GRIN2A,ITPR2,ADCY8,MAP2K2,PPP1CA,GRIN1,NRAS,GNAQ,CALM3,PPP3CB,ATF4,PPP3CA,CAMK4,RPS6KA1,GRIA1,PLCB1,PPP3R2,PLCB4,RAPGEF3,ITPR3,CALML6,RPS6KA2,ARAF,RAP1B,CACNA1C,PRKCA,ITPR1,GRIN2B,PLCB3,MAPK1,CAMK2D,KRAS,PPP3R1,CALM2,RAP1A,PRKCG,ADCY1,RPS6KA6,PRKACG,,,,,,,,,,,,,,,,,,,,,,,,,,,,,,,,,,,,,,,,,,,,,,,,,,,,,,,,,,,,,,,,,,,,,,,,,,,,,,,,,,,,,,,,,,,,,,,,,,,,,,,,,,,,,,,,,,,,,,,,,,,,,,,,,,,,,,,,,,,,,,,,,,,,,,,,,,,,,,,,,,,,,,,,,,,,,,,,,,,,,,,,,,,,,,,,,,,,,,,,,,,,,,,,,,,,,,,,,,,,,,,,,,,,,,,,,,,,,,,,,,,,,,,,,,,,,,,,,,,,,,,,,,,,,,,,,,,,,,,,,,,,,,,,,,,,,,,,,,,,,,,,,,,,,,,,,,,,,,,,,,,,,,,,,,,,,,,,,,,,,,,,,,,,,,,,,,,,,,,,,,,,,,,,,,,,,,,,,,,,
KEGG_LONG-TERM_DEPRESSION,PLA2G4C,GRIA2,GRM1,MAP2K1,PPP2R1A,PPP2R1B,PRKG2,PPP2CA,GRIA3,NOS1,GUCY1A2,PLCB2,HRAS,MAPK3,CRHR1,GRID2,LYN,GNAO1,RAF1,CACNA1A,PRKCB,BRAF,PRKG1,MAP2K2,ITPR2,GNAZ,GNAQ,GNAS,NRAS,RYR1,PLCB1,PLCB4,GNAI3,PPP2CB,GRIA1,PLA2G4A,GNA11,ITPR3,ARAF,PLA2G4D,CRH,PLA2G4F,IGF1,PRKCA,ITPR1,GNAI2,GUCY1A1,PPP1R17,PLCB3,JMJD7-PLA2G4B,GNA12,MAPK1,KRAS,PLA2G4B,PLA2G4E,GNAI1,GUCY1B1,GNA13,PRKCG,IGF1R,,,,,,,,,,,,,,,,,,,,,,,,,,,,,,,,,,,,,,,,,,,,,,,,,,,,,,,,,,,,,,,,,,,,,,,,,,,,,,,,,,,,,,,,,,,,,,,,,,,,,,,,,,,,,,,,,,,,,,,,,,,,,,,,,,,,,,,,,,,,,,,,,,,,,,,,,,,,,,,,,,,,,,,,,,,,,,,,,,,,,,,,,,,,,,,,,,,,,,,,,,,,,,,,,,,,,,,,,,,,,,,,,,,,,,,,,,,,,,,,,,,,,,,,,,,,,,,,,,,,,,,,,,,,,,,,,,,,,,,,,,,,,,,,,,,,,,,,,,,,,,,,,,,,,,,,,,,,,,,,,,,,,,,,,,,,,,,,,,,,,,,,,,,,,,,,,,,,,,,,,,,,,,,,,,,,,,,,,,,,,,,,,,,
KEGG_RETROGRADE_ENDOCANNABINOID_SIGNALING,GABRB2,MAPK11,NAPEPLD,GABRB1,GRIA3,NDUFV2,GRM5,MAPK3,NDUFA13,NDUFS1,GNAO1,PRKCB,ABHD6,FAAH,NDUFC2,NDUFS5,ADCY8,NDUFB9,ADCY6,GNG7,ADCY3,NDUFA6,PTGS2,ND6,NDUFV3,NDUFS4,GABRE,GABRA6,NDUFB4,CACNA1C,PRKCA,GNAI2,ADCY9,MAPK9,GNG11,NDUFA7,ND4,NDUFB7,MAPK13,GABRG3,GABRR1,CACNA1F,GABRP,ADCY1,NDUFA3,NDUFB3,GRM1,NDUFA11,NDUFA9,SLC17A7,CACNA1B,GABRG2,GNG8,NDUFS3,GABRB3,GNB2,PRKACA,CACNA1A,KCNJ6,NDUFS7,GNAQ,PLCB4,GNAI3,GNG4,GRIA1,CACNA1D,NDUFC1,GABRQ,GABRR2,NDUFA12,GNG5,SLC17A8,NDUFV1,ADCY4,GNG3,KCNJ3,GNGT2,MAPK1,KCNJ9,NDUFAB1,CNR1,PRKACG,GABRG1,RIMS1,GABRA2,NDUFB2,NDUFB6,GNB5,GNB3,GNB1,DAGLB,GABRA3,KCNJ5,NDUFA5,GABRA4,GRIA4,NDUFB8,GNGT1,ITPR3,NDUFS8,ADCY5,GNG13,ND5,NDUFA1,GNG12,NDUFA10,GABRR3,ND4L,NDUFS2,MAPK10,GNG2,GNAI1,MAPK14,SLC32A1,NDUFS6,NDUFA2,GRIA2,NDUFA4,ADCY7,GNG10,PRKACB,ND3,PLCB2,NDUFB1,CACNA1S,NDUFB5,ADCY2,DAGLA,SLC17A6,ITPR2,ND1,NDUFB11,PLCB1,GABRA1,GABRD,GABRA5,ITPR1,PLCB3,NDUFA4L2,NDUFC2-KCTD14,MGLL,ND2,NDUFB10,GNB4,NDUFA8,PRKCG,MAPK12,MAPK8,,,,,,,,,,,,,,,,,,,,,,,,,,,,,,,,,,,,,,,,,,,,,,,,,,,,,,,,,,,,,,,,,,,,,,,,,,,,,,,,,,,,,,,,,,,,,,,,,,,,,,,,,,,,,,,,,,,,,,,,,,,,,,,,,,,,,,,,,,,,,,,,,,,,,,,,,,,,,,,,,,,,,,,,,,,,,,,,,,,,,,,,,,,,,,,,,,,,,,,,,,,,,,,,,,,,,,,,,,,,,,,,,,,,,,,,,,,,,,,,,,,,,,,,,,,,,,,,,,,,,,,,,,,,,,,,,,,,,,,,,,,,,,,,,,,,,,,,,,,
KEGG_SYNAPTIC_VESICLE_CYCLE,VAMP2,SLC18A2,CLTA,SLC1A1,ATP6V0A1,RIMS1,STX1B,STX3,CLTC,CACNA1B,DNM2,SLC17A7,NAPA,SLC1A3,CPLX4,CLTCL1,SLC6A11,AP2B1,ATP6V0D2,CLTB,NSF,STX1A,ATP6V1G2,DNM3,CACNA1A,ATP6V1E2,SLC6A13,SLC17A6,ATP6V0A4,SLC1A2,UNC13C,ATP6V1C2,AP2A2,ATP6V1G3,SLC1A7,UNC13B,SLC18A1,SLC6A12,ATP6V1D,STXBP1,ATP6V1B1,ATP6V1A,SNAP25,ATP6V0E2,SLC6A4,ATP6V0B,SLC1A6,CPLX1,ATP6V0E1,ATP6V1G1,SLC18A3,ATP6V1FP2,ATP6V1C1,ATP6V1F,SLC6A5,SLC17A8,TCIRG1,RAB3A,SYT1,CPLX2,SLC6A2,SLC6A1,DNM1,STX2,UNC13A,ATP6V0C,ATP6V1B2,SLC6A7,ATP6V0D1,AP2S1,SLC6A9,AP2A1,SLC6A3,AP2M1,SLC32A1,ATP6V1H,CPLX3,ATP6V0A2,ATP6V1E1,,,,,,,,,,,,,,,,,,,,,,,,,,,,,,,,,,,,,,,,,,,,,,,,,,,,,,,,,,,,,,,,,,,,,,,,,,,,,,,,,,,,,,,,,,,,,,,,,,,,,,,,,,,,,,,,,,,,,,,,,,,,,,,,,,,,,,,,,,,,,,,,,,,,,,,,,,,,,,,,,,,,,,,,,,,,,,,,,,,,,,,,,,,,,,,,,,,,,,,,,,,,,,,,,,,,,,,,,,,,,,,,,,,,,,,,,,,,,,,,,,,,,,,,,,,,,,,,,,,,,,,,,,,,,,,,,,,,,,,,,,,,,,,,,,,,,,,,,,,,,,,,,,,,,,,,,,,,,,,,,,,,,,,,,,,,,,,,,,,,,,,,,,,,,,,,,,,,,,,,,,,,,,,,
KEGG_NEUROTROPHIN_SIGNALING_PATHWAY,CAMK2A,MAPK11,SHC4,FRS2,SOS2,ARHGDIG,PIK3R1,NGFR,ARHGDIB,MAPK3,RPS6KA3,SH2B3,MAPKAPK2,IRAK3,CALM3,MAP3K3,SHC3,SH2B2,PTPN11,MAP2K5,RAP1B,MATK,MAPK9,MAPK13,PIK3CA,PSEN2,MAP2K1,NFKB1,CAMK2G,CALM1,PIK3R3,CAMK2B,CALML5,MAP2K7,IRAK4,RELA,NFKBIB,ATF4,RPS6KA1,PLCG2,JUN,BAX,RPS6KA2,ZNF274,IRAK1,YWHAE,PIK3R2,NTF3,MAPK1,CRKL,KRAS,SOS1,NFKBIA,SORT1,RAP1A,MAPK7,P3R3URF-PIK3R3,SH2B1,MAP3K1,IRAK2,TP73,CALML4,TP53,MAP3K5,NTF4,RAF1,BRAF,CDC42,MAP2K2,RAC1,CAMK4,PSEN1,CALML6,NTRK2,RPS6KA5,RHOA,BCL2,CRK,PIK3CB,KIDINS220,CAMK2D,BAD,MAPK10,MAPK14,AKT3,PRDM4,NTRK1,IKBKB,GAB1,TRAF6,CALML3,ARHGDIA,AKT2,HRAS,FOXO3,NTRK3,PIK3CD,NGF,BDNF,NFKBIE,MAGED1,NRAS,RAPGEF1,SHC1,GRB2,ABL1,IRS1,RIPK2,SHC2,AKT1,GSK3B,FASLG,CALM2,PDPK1,PLCG1,BEX3,RPS6KA6,PRKCD,MAPK12,MAPK8,,,,,,,,,,,,,,,,,,,,,,,,,,,,,,,,,,,,,,,,,,,,,,,,,,,,,,,,,,,,,,,,,,,,,,,,,,,,,,,,,,,,,,,,,,,,,,,,,,,,,,,,,,,,,,,,,,,,,,,,,,,,,,,,,,,,,,,,,,,,,,,,,,,,,,,,,,,,,,,,,,,,,,,,,,,,,,,,,,,,,,,,,,,,,,,,,,,,,,,,,,,,,,,,,,,,,,,,,,,,,,,,,,,,,,,,,,,,,,,,,,,,,,,,,,,,,,,,,,,,,,,,,,,,,,,,,,,,,,,,,,,,,,,,,,,,,,,,,,,,,,,,,,,,,,,,,,,,,,,,,,,,,,,
KEGG_PHOTOTRANSDUCTION,PDE6B,GUCY2D,CALML3,GUCA1A,PDE6A,CALM1,PDE6G,CALML4,CALML5,SLC24A1,GRK1,GNB1,RCVRN,CNGA1,CALM3,GNGT1,GUCA1B,SAG,RHO,CALML6,CNGB1,GNAT1,GRK7,RGS9,GNAT2,CALM2,GUCA1C,GUCY2F,GUCA1ANB-GUCA1A,,,,,,,,,,,,,,,,,,,,,,,,,,,,,,,,,,,,,,,,,,,,,,,,,,,,,,,,,,,,,,,,,,,,,,,,,,,,,,,,,,,,,,,,,,,,,,,,,,,,,,,,,,,,,,,,,,,,,,,,,,,,,,,,,,,,,,,,,,,,,,,,,,,,,,,,,,,,,,,,,,,,,,,,,,,,,,,,,,,,,,,,,,,,,,,,,,,,,,,,,,,,,,,,,,,,,,,,,,,,,,,,,,,,,,,,,,,,,,,,,,,,,,,,,,,,,,,,,,,,,,,,,,,,,,,,,,,,,,,,,,,,,,,,,,,,,,,,,,,,,,,,,,,,,,,,,,,,,,,,,,,,,,,,,,,,,,,,,,,,,,,,,,,,,,,,,,,,,,,,,,,,,,,,,,,,,,,,,,,,,,,,,,,,,,,,,,,,,,,,,,,,,,,,,,,,,,,,,,
KEGG_OLFACTORY_TRANSDUCTION,OR11H2,OR2D3,OR2T29,OR5AL1,OR52N1,OR6C6,OR10G2,OR6N1,OR5F1,OR12D2,OR2W3,OR10H5,GNG7,OR7G1,ADCY3,OR51V1,OR51S1,OR13C5,OR5BS1P,OR4A5,OR51D1,OR52A1,OR2T7,OR4N2,OR5AU1,OR4K13,OR8U1,OR4E1,OR2V1,OR5P3,OR1M1,OR1Q1,OR6Y1,CALM1,OR5T3,OR5H6,OR1D5,OR10G3,OR4P4,OR2S2,OR6K3,OR8B12,OR2A5,OR8A1,CNGB1,OR10AG1,OR2T10,OR2V2,OR4N5,OR2AP1,OR10G7,OR51E1,OR8J2,OR56A1,PRKG2,OR10J5,OR6C2,OR4D5,OR10H4,OR4D9,OR2T1,OR2B3,OR12D3,OR52E2,OR2T5,OR9K2,OR2H1,OR4A16,OR4C16,OR13G1,OR2Y1,OR51E2,OR5I1,OR51L1,OR2A42,OR52K2,OR6C1,OR13F1,OR2M4,OR4K15,OR4B1,OR8K3,OR5A1,OR9G4,OR52N2,OR52I2,OR2J3,OR6P1,OR5V1,OR2B2,OR10Z1,OR6B3,OR4F15,PRKACB,OR14K1,OR9G9,OR5H2,OR2D2,OR7E24,OR10G4,OR14A2,OR2AJ1,OR5AS1,OR9A4,OR8J1,PDE1A,OR3A1,OR6C75,OR4F17,OR2W1,OR8G1,GNAL,OR2M3,OR10G8,OR4D6,OR6F1,OR4N4C,OR5P2,OR4D10,OR1N1,OR5D18,GUCY2D,OR56B2P,OR10G9,OR1J4,OR4F21,OR6B2,CALM3,OR14J1,OR8G3P,OR52P1,OR56A3,OR4C15,OR5M10,OR5K3,ARRB2,OR4F3,OR4C12,OR13D1,OR13H1,OR8K1,OR10AC1,OR2J1,OR3A2,OR2A25,OR3A3,OR5H15,OR1L3,CAMK2B,OR4M2,OR2M5,OR7D4,OR10J4,PRKACA,OR1S1,OR4K14,OR4K5,PRKG1,OR10K2,OR8I2,OR10R2,OR2B11,OR5H1,OR4K1,OR2T11,OR2AT4,OR8G5,OR1C1,OR10H2,OR1N2,OR51A2,OR10A4,PRKACG,OR10AD1,OR51B6,OR5M8,OR2T35,OR4K17,OR4C6,OR5L1,OR5K4,CALML4,OR2F2,OR2B8P,OR6C74,OR4S2,OR9Q2,OR5B2,OR52E6,OR11L1,OR11H1,OR1I1,SLC24A4,PDE1B,OR52N5,OR4A15,CAMK2D,OR10A7,OR10A5,OR4E2,OR11G2,OR2J2,OR5K1,OR10Q1,OR10A2,OR4F29,OR6Q1,OR52A5,OR14A16,OR1F1,OR5B12,OR2T27,OR51I1,OR2L5,OR4S1,OR10G6,OR2AG1,OR5D14,OR51Q1,OR51F1,OR8B8,OR4F5,OR52E1,OR2M2,OR8U3,OR2C3,OR10A6,OR13C8,OR8H3,OR2L2,OR4F6,OR5AC2,CAMK2A,OR5M3,OR7D2,OR11A1,OR10H1,SLC8A3,OR7A17,OR5K2,OR7C2,OR5B21,OR8D4,OR13C2,OR52B2,OR10H3,OR2F1,OR6K2,OR5T2,OR8B2,OR10V1,OR1A1,OR51B5,GRK2,OR10X1,OR6N2,OR1B1,OR56A4,OR52K1,OR51A7,CALML5,OR9G1,OR5D13,OR8H2,OR8D2,OR4A47,OR1A2,OR1R1P,OR4C46,OR2T34,OR2T2,OR1E2,OR1J2,OR8U8,OR6A2,OR4Q2,OR11H12,OR5AP2,OR6C3,OR10T2,OR2A1,OR1L6,OR2K2,OR1E1,OR1S2,OR2G2,OR51B4,OR8S1,GNB1,OR51C1P,OR8H1,OR8J3,OR1L8,OR9Q1,OR7G3,OR5A2,OR52E4,OR5M1,OR6J1,OR4L1,GNG13,OR10K1,OR2B6,OR10P1,OR56A5,OR52L1,OR51A4,OR2Z1,OR2A7,OR2A12,OR52E5,OR2A14,OR52W1,OR52N4,OR5B3,OR5D3P,CNGA3,OR4C3,OR2A4,OR4M2B,OR52B4,OR10A3,OR2G6,OR11H7,OR2T12,OR51F2,OR2M7,OR4C13,OR2T6,OR2L3,OR51B2,OR5J2,OR9H1P,CALM2,PDE2A,OR8U9,OR51G1,OR5W2,OR5H14,OR11H6,OR14C36,OR12D1,OR6C65,OR1L4,OR4M1,OR2G3,OR2AG2,OR1L1,ARRB1,OR6K6,OR9I1,OR11H4,OR2T3,OR5B17,OR2L8,OR13C3,OR13C9,OR13A1,OR52B6,OR10D3,OR56B4,OR4N4,OR13C4,OR6C4,OR52E8,OR13J1,OR4C45,CNGA2,OR6S1,SLC8A2,OR8K5,OR6C76,OR52H1,CAMK2G,OR6V1,GRK3,OR5AR1,OR4D2,OR6X1,PDE1C,OR51M1,OR4D1,OR5AN1,OR4X2,OR8B4,OR6T1,NCALD,OR2T4,OR10S1,OR52D1,OR7A5,OR5M9,OR1D2,OR2H2,OR51I2,OR52M1,OR2A2,OR4C5,OR56B1,OR6C70,OR5L2,OR52R1,OR1D4,OR4X1,OR7G2,OR8D1,OR1K1,CALML6,OR4D11,OR10J1,OR7A10,OR8B3,OR5T1,SLC8A1,OR1G1,CALML3,OR6B1,RGS2,OR4K2,OR2L13,OR10W1,OR4F16,OR51G2,OR5D16,OR2AK2,OR5M11,OR4C11,CNGA4,OR9A2,OR1J1,OR51T1,OR6C68,OR14I1,OR5C1,OR4Q3,ANO2,OR2C1,OR52I1,OR10C1,OR5AK2,OR52J3,OR2T8,OR2T33,OR2AE1,OR6M1,OR7C1,OR4K3
KEGG_TASTE_TRANSDUCTION,TAS2R45,CALHM1,TAS2R9,TAS2R10,TAS2R8,TAS2R5,TRPM5,ADCY8,ADCY6,HTR3A,TAS2R38,HCN4,GABRA6,CACNA1C,P2RX3,TAS2R41,TAS2R3,TAS2R14,GRM1,HTR3B,TAS2R4,PRKACA,HTR3C,CACNA1A,PDE1C,HTR1D,PLCB4,PKD1L3,GRM4,TAS2R39,HTR1A,ADCY4,TAS2R1,PRKACG,TAS2R20,GABRA2,TAS1R2,GNB3,HTR1F,GABBR1,CHRM3,TAS2R40,TAS2R7,GABRA3,P2RY4,TAS2R19,GABRA4,TAS2R46,ITPR3,HTR1E,TAS2R43,HTR3D,GNG13,SCNN1G,PDE1B,TAS2R16,KCNK5,TAS2R60,SCN9A,SCN3A,PRKACB,PLCB2,TAS1R1,ASIC2,TAS2R13,SCNN1A,TAS2R31,PKD2L1,P2RX2,PLCB1,PDE1A,GABRA1,GABRA5,SCNN1B,TAS2R30,HTR1B,ENTPD2,TAS2R50,HTR3E,GNAT3,PLCB3,SCN2A,GABBR2,TAS1R3,TAS2R42,P2RY1,,,,,,,,,,,,,,,,,,,,,,,,,,,,,,,,,,,,,,,,,,,,,,,,,,,,,,,,,,,,,,,,,,,,,,,,,,,,,,,,,,,,,,,,,,,,,,,,,,,,,,,,,,,,,,,,,,,,,,,,,,,,,,,,,,,,,,,,,,,,,,,,,,,,,,,,,,,,,,,,,,,,,,,,,,,,,,,,,,,,,,,,,,,,,,,,,,,,,,,,,,,,,,,,,,,,,,,,,,,,,,,,,,,,,,,,,,,,,,,,,,,,,,,,,,,,,,,,,,,,,,,,,,,,,,,,,,,,,,,,,,,,,,,,,,,,,,,,,,,,,,,,,,,,,,,,,,,,,,,,,,,,,,,,,,,,,,,,,,,,,,,,,,,,,,,,,,,,,,,,,
KEGG_INFLAMMATORY_MEDIATOR_REGULATION_OF_TRP_CHANNELS,CAMK2A,PLA2G4C,MAPK11,TRPV2,ASIC3,PIK3R1,P2RY2,PRKCB,ADCY8,PPP1CA,ADCY6,CALM3,PRKCH,ADCY3,PRKCE,PRKCA,ADCY9,MAPK9,PLA2G4B,MAPK13,PIK3CA,ADCY1,TRPV1,PPP1CB,BDKRB2,CAMK2G,CALM1,TRPA1,CAMK2B,PIK3R3,CALML5,MAP2K3,ASIC1,ASIC4,PRKACA,GNAQ,PLCB4,PLCG2,TRPV3,PLA2G4D,PLA2G4F,IGF1,PIK3R2,TRPM8,PTGER2,ADCY4,CYP2J2,JMJD7-PLA2G4B,HTR2B,F2RL1,ALOX12,MAP2K6,PRKACG,P3R3URF-PIK3R3,PTGER4,PLA2G6,IL1R1,IL1RAP,KNG1,CALML4,HTR2A,TRPV4,GNAS,PLA2G4A,SRC,ITPR3,CALML6,ADCY5,PIK3CB,HRH1,CAMK2D,MAPK10,MAPK14,IL1B,PRKCQ,NTRK1,CALML3,BDKRB1,ADCY7,PRKACB,PPP1CC,PLCB2,ASIC2,PIK3CD,NGF,ADCY2,ITPR2,PLCB1,ASIC5,HTR2C,ITPR1,PLCB3,PLA2G4E,CALM2,PLCG1,PRKCG,PRKCD,MAPK12,MAPK8,,,,,,,,,,,,,,,,,,,,,,,,,,,,,,,,,,,,,,,,,,,,,,,,,,,,,,,,,,,,,,,,,,,,,,,,,,,,,,,,,,,,,,,,,,,,,,,,,,,,,,,,,,,,,,,,,,,,,,,,,,,,,,,,,,,,,,,,,,,,,,,,,,,,,,,,,,,,,,,,,,,,,,,,,,,,,,,,,,,,,,,,,,,,,,,,,,,,,,,,,,,,,,,,,,,,,,,,,,,,,,,,,,,,,,,,,,,,,,,,,,,,,,,,,,,,,,,,,,,,,,,,,,,,,,,,,,,,,,,,,,,,,,,,,,,,,,,,,,,,,,,,,,,,,,,,,,,,,,,,,,,,,,,,,,,,,,,,,,,,,,,,,,,,
KEGG_AXON_GUIDANCE,CAMK2A,PARD6G,SEMA5B,FYN,NTN4,EFNB1,SRGAP3,SEMA5A,PLXNA4,LRRC4,PIK3R1,RAC3,WNT5A,PLXNB2,CFL1,MAPK3,EPHA1,SEMA3E,PAK3,NFATC2,EFNA2,DPYSL2,PARD6B,PPP3CB,BOC,RGMA,TRPC6,PTPN11,EFNA5,SEMA4D,ILK,SLIT2,PRKCA,GNAI2,FZD3,EFNA1,SMO,TRPC3,PAK1,EPHB1,PIK3CA,ABLIM3,SEMA7A,EFNB2,EPHB6,SLIT3,PLXNA2,RAC2,PARD6A,NTNG1,SEMA6A,RRAS,TRPC1,PLXNB1,FES,CAMK2G,PAK4,CFL2,SSH1,CAMK2B,PIK3R3,SEMA3F,PPP3CC,RHOD,PRKCZ,SEMA4F,SEMA6D,SRGAP2,PAK6,WNT5B,DPYSL5,ROBO3,GNAI3,EPHA2,SEMA4G,BMPR2,PLCG2,CXCR4,RGS3,GDF7,LIMK1,TRPC5,EPHA6,ROCK2,PIK3R2,SEMA4C,MAPK1,MET,KRAS,PLXNB3,SEMA6B,PLXNA1,TRPC4,PPP3R1,NFATC3,EFNB3,SEMA3A,PLXNA3,P3R3URF-PIK3R3,CXCL12,MYL5,SEMA6C,BMPR1B,BMP7,SSH3,ROCK1,ROBO2,NTN3,LIMK2,EFNA3,ROBO1,NGEF,UNC5B,EFNA4-EFNA3,RND1,RAF1,LRRC4C,CDC42,EPHB2,MYL9,RAC1,NRP1,SRC,ITGB1,SEMA4B,NCK2,PLXNC1,MYL12A,SEMA3D,EPHB4,SSH2,RHOA,UNC5A,L1CAM,PIK3CB,SEMA3C,PTCH1,CAMK2D,SEMA3G,NEO1,ABLIM1,GNAI1,UNC5C,DCC,EPHA5,WNT4,PAK5,NFATC4,ARHGEF12,MYL12B,EPHB3,RYK,UNC5D,PTK2,EPHA8,HRAS,SRGAP1,PIK3CD,ENAH,NTNG2,RASA1,EFNA4,PARD3,NRAS,PPP3CA,LRIG2,PPP3R2,ABL1,EPHA7,SEMA3B,ABLIM2,PAK2,EPHA4,SLIT1,EPHA3,BUB1B-PAK6,CDK5,SHH,PDPK1,PLCG1,NTN1,NCK1,SEMA4A,GSK3B,,,,,,,,,,,,,,,,,,,,,,,,,,,,,,,,,,,,,,,,,,,,,,,,,,,,,,,,,,,,,,,,,,,,,,,,,,,,,,,,,,,,,,,,,,,,,,,,,,,,,,,,,,,,,,,,,,,,,,,,,,,,,,,,,,,,,,,,,,,,,,,,,,,,,,,,,,,,,,,,,,,,,,,,,,,,,,,,,,,,,,,,,,,,,,,,,,,,,,,,,,,,,,,,,,,,,,,,,,,,,,,,,,,,,,,,,,,,,,,,,,,,,,,,,,,,,,,,,,,,,,,
KEGG_OSTEOCLAST_DIFFERENTIATION,BLNK,FYN,MAPK11,TNFSF11,SYK,NOX1,PIK3R1,FOS,ATP2A2,MAPK3,IL1A,LILRA3,NFATC2,FOSL2,PPP3CB,NFATC1,CYBA,IFNAR1,SIRPB1,LILRA2,MITF,OSCAR,MAPK9,TNFRSF1A,LILRA4,MAPK13,PIK3CA,CREB1,CSF1,SQSTM1,NFKB1,MAP2K1,ATP2A3,TYK2,LILRB3,PIK3R3,FCGR3B,MAP2K7,TYROBP,JAK1,PPP3CC,LILRB1,TNFRSF11B,RELA,SIRPG,SIRPA,IFNGR1,JUN,PLCG2,STAT1,LILRB2,PIK3R2,LILRB5,CHUK,MAPK1,NFKBIA,FOSB,TAB1,PPP3R1,MAP2K6,P3R3URF-PIK3R3,JUND,LCK,STAT2,TGFBR2,IL1R1,TGFBR1,NCF2,IRF9,RELB,FCGR3A,FCGR1A,CALCR,RAC1,CAMK4,JUNB,LILRB4,ITPR3,IFNGR2,ACP5,NFKB2,PIK3CB,SOCS1,LILRA1,TEC,IKBKG,SOCS3,TAB2,MAPK10,MAPK14,IL1B,ITGB3,GAB2,FHL2,MAP3K7,AKT3,IKBKB,IFNAR2,FCGR2A,TRAF6,MAP3K14,AKT2,NCF4,PPARG,PIK3CD,TGFB2,LILRA6,LILRA5,ITPR2,TMEM64,TRAF2,FCGR2C,PPP3CA,FOSL1,GRB2,PPP3R2,CTSK,IFNG,SPI1,TGFB1,CSF1R,NCF1,TREM2,BTK,ITPR1,TNFRSF11A,IFNB1,TNF,AKT1,CYLD,FCGR2B,ATP2A1,LCP2,MAPK12,MAPK8,,,,,,,,,,,,,,,,,,,,,,,,,,,,,,,,,,,,,,,,,,,,,,,,,,,,,,,,,,,,,,,,,,,,,,,,,,,,,,,,,,,,,,,,,,,,,,,,,,,,,,,,,,,,,,,,,,,,,,,,,,,,,,,,,,,,,,,,,,,,,,,,,,,,,,,,,,,,,,,,,,,,,,,,,,,,,,,,,,,,,,,,,,,,,,,,,,,,,,,,,,,,,,,,,,,,,,,,,,,,,,,,,,,,,,,,,,,,,,,,,,,,,,,,,,,,,,,,,,,,,,,,,,,,,,,,,,,,,,,,,,,,,,,,,,,,,,,,,,,,,,,,,,,,,,,,
KEGG_LONGEVITY_REGULATING_PATHWAY,ADIPOR1,IRS4,PIK3R1,CREB5,ULK1,PRKAG1,ADCY8,EIF4E2,TSC1,ADCY6,ADIPOR2,CREB3L2,ADCY3,EIF4E1B,CAT,ATF2,EHMT2,EHMT1,ADCY9,INS,TSC2,RPTOR,PIK3CA,CREB3,CREB1,ADCY1,IGF1R,ATG13,PRKAG2,PRKAB1,CREB3L4,NFKB1,PIK3R3,PRKACA,PRKAA2,SOD2,RELA,PRKAB2,RPS6KB1,ATF4,ATG5,SESN3,PRKAG3,BAX,IGF1,PIK3R2,ADCY4,CAMKK2,KRAS,SIRT1,PRKACG,P3R3URF-PIK3R3,EIF4E,FOXO1,CREB3L1,SESN2,TP53,CREB3L3,EIF4EBP1,CAMK4,RHEB,ADCY5,PIK3CB,KL,STK11,AKT1S1,AKT3,SESN1,IRS2,AKT2,ADCY7,ADIPOQ,APPL1,PRKACB,HRAS,FOXO3,PPARG,PIK3CD,ATG101,ADCY2,NRAS,PRKAA1,MTOR,IRS1,PPARGC1A,RB1CC1,INSR,AKT1,RPS6KB2,ATF6B,,,,,,,,,,,,,,,,,,,,,,,,,,,,,,,,,,,,,,,,,,,,,,,,,,,,,,,,,,,,,,,,,,,,,,,,,,,,,,,,,,,,,,,,,,,,,,,,,,,,,,,,,,,,,,,,,,,,,,,,,,,,,,,,,,,,,,,,,,,,,,,,,,,,,,,,,,,,,,,,,,,,,,,,,,,,,,,,,,,,,,,,,,,,,,,,,,,,,,,,,,,,,,,,,,,,,,,,,,,,,,,,,,,,,,,,,,,,,,,,,,,,,,,,,,,,,,,,,,,,,,,,,,,,,,,,,,,,,,,,,,,,,,,,,,,,,,,,,,,,,,,,,,,,,,,,,,,,,,,,,,,,,,,,,,,,,,,,,,,,,,,,,,,,,,,,,,,,,
KEGG_LONGEVITY_REGULATING_PATHWAY_-_MULTIPLE_SPECIES,PRKAG2,PRKAB1,IRS2,HSPA1A,HDAC2,IRS4,HSPA8,CLPB,HSPA1B,AKT2,ADCY7,FOXO1,PIK3R1,PRKACB,HRAS,FOXO3,PIK3R3,SOD1,PIK3CD,PRKACA,PRKAG1,ADCY2,PRKAA2,ADCY8,ADCY6,NRAS,PRKAA1,SOD2,HSPA6,PRKAB2,HDAC1,RPS6KB1,MTOR,ADCY3,ATG5,CAT,PRKAG3,IRS1,CRYAB,ADCY5,IGF1,AKT3,PIK3CB,PIK3R2,EIF4EBP2,ADCY9,ADCY4,INS,FOXA2,RPTOR,KRAS,INSR,AKT1,PIK3CA,RPS6KB2,SIRT1,ADCY1,AKT1S1,IGF1R,HSPA1L,PRKACG,P3R3URF-PIK3R3,,,,,,,,,,,,,,,,,,,,,,,,,,,,,,,,,,,,,,,,,,,,,,,,,,,,,,,,,,,,,,,,,,,,,,,,,,,,,,,,,,,,,,,,,,,,,,,,,,,,,,,,,,,,,,,,,,,,,,,,,,,,,,,,,,,,,,,,,,,,,,,,,,,,,,,,,,,,,,,,,,,,,,,,,,,,,,,,,,,,,,,,,,,,,,,,,,,,,,,,,,,,,,,,,,,,,,,,,,,,,,,,,,,,,,,,,,,,,,,,,,,,,,,,,,,,,,,,,,,,,,,,,,,,,,,,,,,,,,,,,,,,,,,,,,,,,,,,,,,,,,,,,,,,,,,,,,,,,,,,,,,,,,,,,,,,,,,,,,,,,,,,,,,,,,,,,,,,,,,,,,,,,,,,,,,,,,,,,,,,,,,,,
KEGG_CIRCADIAN_RHYTHM,PRKAG2,PRKAB1,BHLHE40,BHLHE41,RORB,CRY2,NPAS2,CRY1,PER3,PRKAG1,PER1,PRKAA2,NFIL3,PRKAA1,PRKAB2,CSNK1E,RORA,NR1D1,PRKAG3,TPTEP2-CSNK1E,FBXW11,RBX1,CLOCK,RORC,FBXL3,CUL1,NR1D2,SKP1,CSNK1D,CREB1,BMAL1,DBP,PER2,BTRC,,,,,,,,,,,,,,,,,,,,,,,,,,,,,,,,,,,,,,,,,,,,,,,,,,,,,,,,,,,,,,,,,,,,,,,,,,,,,,,,,,,,,,,,,,,,,,,,,,,,,,,,,,,,,,,,,,,,,,,,,,,,,,,,,,,,,,,,,,,,,,,,,,,,,,,,,,,,,,,,,,,,,,,,,,,,,,,,,,,,,,,,,,,,,,,,,,,,,,,,,,,,,,,,,,,,,,,,,,,,,,,,,,,,,,,,,,,,,,,,,,,,,,,,,,,,,,,,,,,,,,,,,,,,,,,,,,,,,,,,,,,,,,,,,,,,,,,,,,,,,,,,,,,,,,,,,,,,,,,,,,,,,,,,,,,,,,,,,,,,,,,,,,,,,,,,,,,,,,,,,,,,,,,,,,,,,,,,,,,,,,,,,,,,,,,,,,,,,,,,,,,,,,,,,,,,,
KEGG_CIRCADIAN_ENTRAINMENT,CAMK2A,GRIA3,FOS,MAPK3,GNAO1,GRIN2C,PRKCB,ADCY8,GRIN1,ADCY6,CALM3,GNG7,ADCY3,CACNA1C,PRKCA,GNAI2,GUCY1A1,ADCY9,GNG11,CREB1,ADCY1,NOS1AP,CALM1,CAMK2G,NOS1,GUCY1A2,GNG8,CAMK2B,CALML5,MTNR1A,GNB2,PRKACA,KCNJ6,GRIN2A,PRKG1,GNAQ,RYR1,PLCB4,GNAI3,GNG4,GRIA1,CACNA1D,GNG5,ADCY4,GNG3,KCNJ3,GNGT2,MAPK1,KCNJ9,GUCY1B1,PRKACG,PRKG2,GNB5,CALML4,GNB3,GNB1,PER3,GRIN2D,PER1,KCNJ5,GRIA4,GNAS,ADCYAP1R1,ADCYAP1,GNGT1,ITPR3,CALML6,RPS6KA5,ADCY5,GNG13,CACNA1G,GNG12,CACNA1H,CAMK2D,ADCY10,GNG2,GNAI1,RYR3,RASD1,CALML3,GRIA2,ADCY7,GNG10,PRKACB,PLCB2,ADCY2,CACNA1I,MTNR1B,PLCB1,ITPR1,RYR2,GRIN2B,PLCB3,CALM2,GNB4,PRKCG,PER2,,,,,,,,,,,,,,,,,,,,,,,,,,,,,,,,,,,,,,,,,,,,,,,,,,,,,,,,,,,,,,,,,,,,,,,,,,,,,,,,,,,,,,,,,,,,,,,,,,,,,,,,,,,,,,,,,,,,,,,,,,,,,,,,,,,,,,,,,,,,,,,,,,,,,,,,,,,,,,,,,,,,,,,,,,,,,,,,,,,,,,,,,,,,,,,,,,,,,,,,,,,,,,,,,,,,,,,,,,,,,,,,,,,,,,,,,,,,,,,,,,,,,,,,,,,,,,,,,,,,,,,,,,,,,,,,,,,,,,,,,,,,,,,,,,,,,,,,,,,,,,,,,,,,,,,,,,,,,,,,,,,,,,,,,,,,,,,,,,,,,,,,,,,,,,
KEGG_THERMOGENESIS,PNPLA2,MAPK11,MLST8,NPPA,COX7B,ATP5MGL,FRS2,SOS2,ACSL4,NPPB,SMARCD1,COX4I2,CREB5,NDUFV2,COA7,PLIN1,NDUFA13,NDUFS1,RPS6KA3,SDHB,PRKAG1,COX6C,NDUFC2,NDUFS5,ADCY8,CPT2,TSC1,ADCY6,COX3,NDUFB9,CREB3L2,UQCRC2,ADCY3,NDUFA6,COX1,ND6,BMP8A,NDUFV3,ATF2,NDUFS4,CYC1,COX11,NDUFB4,COX4I1,COA6,COX6B1,NDUFAF7,COX5B,ADCY9,COX18,NDUFA7,UQCRC1,TSC2,RPTOR,ND4,NDUFB7,CREB3,MAPK13,CREB1,ADCY1,NDUFA3,ACTB,NDUFB3,COA4,SMARCA4,ATP5PD,PRKAG2,PRKAB1,CREB3L4,NDUFA11,COX6B2,NDUFA9,ACSL5,SMARCC1,ATP5PB,COX10,UQCRQ,NDUFS3,SDHA,MAP2K3,COX2,SDHD,COA3,NDUFAF4,PRKACA,CPT1C,COX7A1,KDM3B,COX7A2L,PRKAA2,PRKG1,ATP5MC2,NDUFS7,PRKAB2,RPS6KB1,RPS6KA1,ZNF516,ATP5F1B,ATP5PF,NDUFAF5,RPS6KA2,PRKAG3,NDUFC1,NDUFA12,NDUFAF8,COX15,NDUFV1,ADCY4,COX19,COX6A2,SMARCE1,SOS1,KRAS,SMARCC2,GCG,NDUFAB1,ATP8,ACSL1,ATP5F1E,ATP5MC1,CNR1,ATP5F1C,KDM1A,ATP5ME,PRKACG,COX8C,ATP5MC3,PRKG2,NDUFB2,COX20,RPS6,ACTL6B,ARID1A,COX17,ATP6,NDUFB6,SLC25A20,CREB3L1,NDUFAF2,MAP3K5,FGFR1,UQCR10,SDHC,UCP1,SIRT6,COX6A1,CREB3L3,SMARCD3,ADRB3,COX7B2,NDUFA5,NDUFB8,GNAS,UQCRB,COA1,DPF3,NDUFS8,RHEB,ADCY5,SMARCB1,ACSL6,ND5,NDUFA1,NDUFA10,LIPE,SLC25A29,CYTB,ND4L,UQCRFS1,ADCY10,UQCR11,COX7C,NDUFS2,COX16,MAPK14,COX14,AKT1S1,NDUFS6,NDUFA2,CPT1A,NDUFAF3,ATP5F1D,FGF21,SMARCA2,ADCY7,NDUFA4,PRKACB,ND3,KLB,HRAS,NDUFAF6,PPARG,NDUFB1,ACTG1,ACTL6A,PRDM16,DPF1,NDUFB5,COX8A,ATP5MG,ADCY2,BMP8B,CPT1B,COX7A2,NRAS,PRKAA1,ND1,KDM3A,MTOR,NDUFB11,ATP5MF,UQCRHL,GRB2,COX5A,UQCRH,PPARGC1A,ARID1B,NPR1,NDUFA4L2,COA5,NDUFC2-KCTD14,MGLL,ND2,NDUFB10,NDUFAF1,RPS6KB2,ATP5PO,SMARCD2,NDUFA8,RPS6KA6,ATP5F1A,ACSL3,MAPK12,,,,,,,,,,,,,,,,,,,,,,,,,,,,,,,,,,,,,,,,,,,,,,,,,,,,,,,,,,,,,,,,,,,,,,,,,,,,,,,,,,,,,,,,,,,,,,,,,,,,,,,,,,,,,,,,,,,,,,,,,,,,,,,,,,,,,,,,,,,,,,,,,,,,,,,,,,,,,,,,,,,,,,,,,,,,,,,,,,,,,,,,,,,,,,,,,,,,,,,,,,,,,,,,,,,,,,
